Using pre-set license
Built from '6000.0/staging' branch; Version is '6000.0.41f1 (46e447368a18) revision 4645959'; Using compiler version '193933523'; Build Type 'Release'
OS: 'Windows 11  (10.0.26200) 64bit Professional' Language: 'es' Physical Memory: 16221 MB
BatchMode: 1, IsHumanControllingUs: 0, StartBugReporterOnCrash: 0, Is64bit: 1, IsPro: 1

COMMAND LINE ARGUMENTS:
C:\Program Files\Unity\Hub\Editor\6000.0.41f1\Editor\Unity.exe
-adb2
-batchMode
-noUpm
-name
AssetImportWorker33
-projectPath
C:/Users/Nitropc/Documents/GitHub/Totemtro/Totemtro
-logFile
Logs/AssetImportWorker33.log
-srvPort
54094
-job-worker-count
7
-background-job-worker-count
8
-gc-helper-count
1
Successfully changed project path to: C:/Users/Nitropc/Documents/GitHub/Totemtro/Totemtro
C:/Users/Nitropc/Documents/GitHub/Totemtro/Totemtro
[UnityMemory] Configuration Parameters - Can be set up in boot.config
    "memorysetup-bucket-allocator-granularity=16"
    "memorysetup-bucket-allocator-bucket-count=8"
    "memorysetup-bucket-allocator-block-size=33554432"
    "memorysetup-bucket-allocator-block-count=8"
    "memorysetup-main-allocator-block-size=16777216"
    "memorysetup-thread-allocator-block-size=16777216"
    "memorysetup-gfx-main-allocator-block-size=16777216"
    "memorysetup-gfx-thread-allocator-block-size=16777216"
    "memorysetup-cache-allocator-block-size=4194304"
    "memorysetup-typetree-allocator-block-size=2097152"
    "memorysetup-profiler-bucket-allocator-granularity=16"
    "memorysetup-profiler-bucket-allocator-bucket-count=8"
    "memorysetup-profiler-bucket-allocator-block-size=33554432"
    "memorysetup-profiler-bucket-allocator-block-count=8"
    "memorysetup-profiler-allocator-block-size=16777216"
    "memorysetup-profiler-editor-allocator-block-size=1048576"
    "memorysetup-temp-allocator-size-main=16777216"
    "memorysetup-job-temp-allocator-block-size=2097152"
    "memorysetup-job-temp-allocator-block-size-background=1048576"
    "memorysetup-job-temp-allocator-reduction-small-platforms=262144"
    "memorysetup-allocator-temp-initial-block-size-main=262144"
    "memorysetup-allocator-temp-initial-block-size-worker=262144"
    "memorysetup-temp-allocator-size-background-worker=32768"
    "memorysetup-temp-allocator-size-job-worker=262144"
    "memorysetup-temp-allocator-size-preload-manager=33554432"
    "memorysetup-temp-allocator-size-nav-mesh-worker=65536"
    "memorysetup-temp-allocator-size-audio-worker=65536"
    "memorysetup-temp-allocator-size-cloud-worker=32768"
    "memorysetup-temp-allocator-size-gi-baking-worker=262144"
    "memorysetup-temp-allocator-size-gi-baking-worker=262144"
    "memorysetup-temp-allocator-size-gi-baking-worker=262144"
    "memorysetup-temp-allocator-size-gi-baking-worker=262144"
    "memorysetup-temp-allocator-size-gi-baking-worker=262144"
    "memorysetup-temp-allocator-size-gfx=262144"
Player connection [25764]  Target information:

Player connection [25764]  * "[IP] 192.168.1.17 [Port] 0 [Flags] 2 [Guid] 2532210370 [EditorId] 2532210370 [Version] 1048832 [Id] WindowsEditor(7,DZka1) [Debug] 1 [PackageName] WindowsEditor [ProjectName] Editor" 

Player connection [25764] Host joined multi-casting on [225.0.0.222:54997]...
Player connection [25764] Host joined alternative multi-casting on [225.0.0.222:34997]...
JobSystem: Creating JobQueue using job-worker-count value 7
Input System module state changed to: Initialized.
[Physics::Module] Initialized fallback backend.
[Physics::Module] Id: 0xdecafbad
Library Redirect Path: Library/
[Physics::Module] Selected backend.
[Physics::Module] Name: PhysX
[Physics::Module] Id: 0xf2b8ea05
[Physics::Module] SDK Version: 4.1.2
[Physics::Module] Integration Version: 1.0.0
[Physics::Module] Threading Mode: Multi-Threaded
Refreshing native plugins compatible for Editor in 2.20 ms, found 4 plugins.
Preloading 0 native plugins for Editor in 0.00 ms.
Initialize engine version: 6000.0.41f1 (46e447368a18)
[Subsystems] Discovering subsystems at path C:/Program Files/Unity/Hub/Editor/6000.0.41f1/Editor/Data/Resources/UnitySubsystems
[Subsystems] Discovering subsystems at path C:/Users/Nitropc/Documents/GitHub/Totemtro/Totemtro/Assets
GfxDevice: creating device client; kGfxThreadingModeNonThreaded
Direct3D:
    Version:  Direct3D 11.0 [level 11.1]
    Renderer: NVIDIA GeForce RTX 2060 (ID=0x1f08)
    Vendor:   NVIDIA
    VRAM:     5955 MB
    Driver:   32.0.15.9159
Initialize mono
Mono path[0] = 'C:/Program Files/Unity/Hub/Editor/6000.0.41f1/Editor/Data/Managed'
Mono path[1] = 'C:/Program Files/Unity/Hub/Editor/6000.0.41f1/Editor/Data/MonoBleedingEdge/lib/mono/unityjit-win32'
Mono config path = 'C:/Program Files/Unity/Hub/Editor/6000.0.41f1/Editor/Data/MonoBleedingEdge/etc'
Using monoOptions --debugger-agent=transport=dt_socket,embedding=1,server=y,suspend=n,address=127.0.0.1:56748
Begin MonoManager ReloadAssembly
Registering precompiled unity dll's ...
Register platform support module: C:/Program Files/Unity/Hub/Editor/6000.0.41f1/Editor/Data/PlaybackEngines/WindowsStandaloneSupport/UnityEditor.WindowsStandalone.Extensions.dll
Register platform support module: C:/Program Files/Unity/Hub/Editor/6000.0.41f1/Editor/Data/PlaybackEngines/AndroidPlayer/UnityEditor.Android.Extensions.dll
Registered in 0.003337 seconds.
- Loaded All Assemblies, in  0.382 seconds
Native extension for Android target not found
Android Extension - Scanning For ADB Devices 165 ms
Native extension for WindowsStandalone target not found
Mono: successfully reloaded assembly
- Finished resetting the current domain, in  0.472 seconds
Domain Reload Profiling: 851ms
	BeginReloadAssembly (125ms)
		ExecutionOrderSort (0ms)
		DisableScriptedObjects (0ms)
		BackupInstance (0ms)
		ReleaseScriptingObjects (0ms)
		CreateAndSetChildDomain (1ms)
	RebuildCommonClasses (42ms)
	RebuildNativeTypeToScriptingClass (12ms)
	initialDomainReloadingComplete (47ms)
	LoadAllAssembliesAndSetupDomain (153ms)
		LoadAssemblies (124ms)
		RebuildTransferFunctionScriptingTraits (0ms)
		AnalyzeDomain (148ms)
			TypeCache.Refresh (146ms)
				TypeCache.ScanAssembly (135ms)
			BuildScriptInfoCaches (0ms)
			ResolveRequiredComponents (1ms)
	FinalizeReload (473ms)
		ReleaseScriptCaches (0ms)
		RebuildScriptCaches (0ms)
		SetupLoadedEditorAssemblies (431ms)
			LogAssemblyErrors (0ms)
			InitializePlatformSupportModulesInManaged (251ms)
			SetLoadedEditorAssemblies (3ms)
			BeforeProcessingInitializeOnLoad (38ms)
			ProcessInitializeOnLoadAttributes (94ms)
			ProcessInitializeOnLoadMethodAttributes (45ms)
			AfterProcessingInitializeOnLoad (0ms)
			EditorAssembliesLoaded (0ms)
		ExecutionOrderSort2 (0ms)
		AwakeInstancesAfterBackupRestoration (0ms)
========================================================================
Worker process is ready to serve import requests
Import Worker Mode flag is 0x00
Begin MonoManager ReloadAssembly
- Loaded All Assemblies, in  0.686 seconds
Refreshing native plugins compatible for Editor in 1.59 ms, found 4 plugins.
Native extension for Android target not found
Native extension for WindowsStandalone target not found
Mono: successfully reloaded assembly
- Finished resetting the current domain, in  0.687 seconds
Domain Reload Profiling: 1368ms
	BeginReloadAssembly (134ms)
		ExecutionOrderSort (0ms)
		DisableScriptedObjects (4ms)
		BackupInstance (0ms)
		ReleaseScriptingObjects (0ms)
		CreateAndSetChildDomain (22ms)
	RebuildCommonClasses (32ms)
	RebuildNativeTypeToScriptingClass (10ms)
	initialDomainReloadingComplete (35ms)
	LoadAllAssembliesAndSetupDomain (470ms)
		LoadAssemblies (308ms)
		RebuildTransferFunctionScriptingTraits (0ms)
		AnalyzeDomain (244ms)
			TypeCache.Refresh (178ms)
				TypeCache.ScanAssembly (162ms)
			BuildScriptInfoCaches (53ms)
			ResolveRequiredComponents (10ms)
	FinalizeReload (687ms)
		ReleaseScriptCaches (0ms)
		RebuildScriptCaches (0ms)
		SetupLoadedEditorAssemblies (550ms)
			LogAssemblyErrors (0ms)
			InitializePlatformSupportModulesInManaged (10ms)
			SetLoadedEditorAssemblies (4ms)
			BeforeProcessingInitializeOnLoad (99ms)
			ProcessInitializeOnLoadAttributes (332ms)
			ProcessInitializeOnLoadMethodAttributes (100ms)
			AfterProcessingInitializeOnLoad (6ms)
			EditorAssembliesLoaded (0ms)
		ExecutionOrderSort2 (0ms)
		AwakeInstancesAfterBackupRestoration (5ms)
Launched and connected shader compiler UnityShaderCompiler.exe after 0.01 seconds
Refreshing native plugins compatible for Editor in 1.60 ms, found 4 plugins.
Preloading 0 native plugins for Editor in 0.00 ms.
Unloading 220 Unused Serialized files (Serialized files now loaded: 0)
Unloading 6784 unused Assets / (4.7 MB). Loaded Objects now: 7502.
Memory consumption went from 179.5 MB to 174.8 MB.
Total: 8.477100 ms (FindLiveObjects: 0.648300 ms CreateObjectMapping: 0.631200 ms MarkObjects: 4.318600 ms  DeleteObjects: 2.877900 ms)

========================================================================
Received Import Request.
  Time since last request: 38492.468672 seconds.
  path: Assets/Prefab/Enemies/Boss/AstraelBoss.prefab
  artifactKey: Guid(3b281540194403f46a1c0e3de6069786) Importer(815301076,1909f56bfc062723c751e8b465ee728b)
Start importing Assets/Prefab/Enemies/Boss/AstraelBoss.prefab using Guid(3b281540194403f46a1c0e3de6069786) Importer(815301076,1909f56bfc062723c751e8b465ee728b) (PreviewImporter) -> (artifact id: '969a66831e9049cc4d75169cbe4bbf28') in 0.468835 seconds
Number of updated asset objects reloaded before import = 0Number of asset objects unloaded after import = 45

========================================================================
Received Import Request.
  Time since last request: 8.557790 seconds.
  path: Assets/Prefab/ParticleSystem/HitParticles 1.prefab
  artifactKey: Guid(7a05ce0bc9f898a43af2796fec674f6c) Importer(815301076,1909f56bfc062723c751e8b465ee728b)
Start importing Assets/Prefab/ParticleSystem/HitParticles 1.prefab using Guid(7a05ce0bc9f898a43af2796fec674f6c) Importer(815301076,1909f56bfc062723c751e8b465ee728b) (PreviewImporter) -> (artifact id: 'b0ba56cc9b10cfa5f7dc3a2be6ce5c6d') in 0.0283354 seconds
Number of updated asset objects reloaded before import = 0Number of asset objects unloaded after import = 13

========================================================================
Received Import Request.
  Time since last request: 5.955162 seconds.
  path: Assets/Prefab/ParticleSystem/HitParticlesAstral.prefab
  artifactKey: Guid(7a05ce0bc9f898a43af2796fec674f6c) Importer(815301076,1909f56bfc062723c751e8b465ee728b)
Start importing Assets/Prefab/ParticleSystem/HitParticlesAstral.prefab using Guid(7a05ce0bc9f898a43af2796fec674f6c) Importer(815301076,1909f56bfc062723c751e8b465ee728b) (PreviewImporter) -> (artifact id: '49aa9258db09673853ec0ca7ffb836d1') in 0.0095708 seconds
Number of updated asset objects reloaded before import = 0Number of asset objects unloaded after import = 13

========================================================================
Received Import Request.
  Time since last request: 5.509955 seconds.
  path: Assets/Prefab/ParticleSystem/HitParticlesAstral.prefab
  artifactKey: Guid(7a05ce0bc9f898a43af2796fec674f6c) Importer(815301076,1909f56bfc062723c751e8b465ee728b)
Start importing Assets/Prefab/ParticleSystem/HitParticlesAstral.prefab using Guid(7a05ce0bc9f898a43af2796fec674f6c) Importer(815301076,1909f56bfc062723c751e8b465ee728b) (PreviewImporter) -> (artifact id: '3e73701b432bd3dc4b34d7e54ee10630') in 0.0085415 seconds
Number of updated asset objects reloaded before import = 0Number of asset objects unloaded after import = 13

========================================================================
Received Import Request.
  Time since last request: 10.285984 seconds.
  path: Assets/Prefab/ParticleSystem/HitParticlesAstral.prefab
  artifactKey: Guid(7a05ce0bc9f898a43af2796fec674f6c) Importer(815301076,1909f56bfc062723c751e8b465ee728b)
Start importing Assets/Prefab/ParticleSystem/HitParticlesAstral.prefab using Guid(7a05ce0bc9f898a43af2796fec674f6c) Importer(815301076,1909f56bfc062723c751e8b465ee728b) (PreviewImporter) -> (artifact id: '11ecfb8eafd7afa10a4040b13aa6064f') in 0.0075727 seconds
Number of updated asset objects reloaded before import = 0Number of asset objects unloaded after import = 13

========================================================================
Received Import Request.
  Time since last request: 6.443806 seconds.
  path: Assets/Prefab/ParticleSystem/HitParticlesAstral.prefab
  artifactKey: Guid(7a05ce0bc9f898a43af2796fec674f6c) Importer(815301076,1909f56bfc062723c751e8b465ee728b)
Start importing Assets/Prefab/ParticleSystem/HitParticlesAstral.prefab using Guid(7a05ce0bc9f898a43af2796fec674f6c) Importer(815301076,1909f56bfc062723c751e8b465ee728b) (PreviewImporter) -> (artifact id: 'c4a9714b257d502e009168261dc085f0') in 0.0084973 seconds
Number of updated asset objects reloaded before import = 0Number of asset objects unloaded after import = 13

========================================================================
Received Import Request.
  Time since last request: 4.845583 seconds.
  path: Assets/Prefab/ParticleSystem/HitParticlesAstral.prefab
  artifactKey: Guid(7a05ce0bc9f898a43af2796fec674f6c) Importer(815301076,1909f56bfc062723c751e8b465ee728b)
Start importing Assets/Prefab/ParticleSystem/HitParticlesAstral.prefab using Guid(7a05ce0bc9f898a43af2796fec674f6c) Importer(815301076,1909f56bfc062723c751e8b465ee728b) (PreviewImporter) -> (artifact id: 'c386ed7a3de0f21397030cbda76a4461') in 0.0072557 seconds
Number of updated asset objects reloaded before import = 0Number of asset objects unloaded after import = 13

========================================================================
Received Import Request.
  Time since last request: 3.205525 seconds.
  path: Assets/Prefab/ParticleSystem/HitParticlesAstral.prefab
  artifactKey: Guid(7a05ce0bc9f898a43af2796fec674f6c) Importer(815301076,1909f56bfc062723c751e8b465ee728b)
Start importing Assets/Prefab/ParticleSystem/HitParticlesAstral.prefab using Guid(7a05ce0bc9f898a43af2796fec674f6c) Importer(815301076,1909f56bfc062723c751e8b465ee728b) (PreviewImporter) -> (artifact id: '37deba4f5ed43bf2fc6c03b45778e708') in 0.0079688 seconds
Number of updated asset objects reloaded before import = 0Number of asset objects unloaded after import = 13

========================================================================
Received Import Request.
  Time since last request: 50.600009 seconds.
  path: Assets/Prefab/ParticleSystem/HitParticlesAstrael.prefab
  artifactKey: Guid(7a05ce0bc9f898a43af2796fec674f6c) Importer(815301076,1909f56bfc062723c751e8b465ee728b)
Start importing Assets/Prefab/ParticleSystem/HitParticlesAstrael.prefab using Guid(7a05ce0bc9f898a43af2796fec674f6c) Importer(815301076,1909f56bfc062723c751e8b465ee728b) (PreviewImporter) -> (artifact id: '3443b90e71cecf660987be4be989c364') in 0.0077926 seconds
Number of updated asset objects reloaded before import = 0Number of asset objects unloaded after import = 13

========================================================================
Received Import Request.
  Time since last request: 10.324438 seconds.
  path: Assets/Prefab/Enemies/Boss/Astrael, The Null Sovereign
  artifactKey: Guid(434edc8087311f74ca9c89ea8dfdb4e5) Importer(815301076,1909f56bfc062723c751e8b465ee728b)
Start importing Assets/Prefab/Enemies/Boss/Astrael, The Null Sovereign using Guid(434edc8087311f74ca9c89ea8dfdb4e5) Importer(815301076,1909f56bfc062723c751e8b465ee728b) (PreviewImporter) -> (artifact id: 'a51071f5fffbe2e9fa344042c3364739') in 0.0004654 seconds
Number of updated asset objects reloaded before import = 0Number of asset objects unloaded after import = 0

========================================================================
Received Import Request.
  Time since last request: 3.156210 seconds.
  path: Assets/Prefab/Enemies/Boss/Astrael, The Null Sovereign/NullSphere.prefab
  artifactKey: Guid(974ec176c9b336e4b929add0dcd56eee) Importer(815301076,1909f56bfc062723c751e8b465ee728b)
Start importing Assets/Prefab/Enemies/Boss/Astrael, The Null Sovereign/NullSphere.prefab using Guid(974ec176c9b336e4b929add0dcd56eee) Importer(815301076,1909f56bfc062723c751e8b465ee728b) (PreviewImporter) -> (artifact id: 'cbc3215db771429bd3472f17f56999cf') in 0.0021224 seconds
Number of updated asset objects reloaded before import = 0Number of asset objects unloaded after import = 4

========================================================================
Received Import Request.
  Time since last request: 11.300958 seconds.
  path: Assets/Prefab/Enemies/Boss/Astrael, The Null Sovereign/NullSphere.prefab
  artifactKey: Guid(974ec176c9b336e4b929add0dcd56eee) Importer(815301076,1909f56bfc062723c751e8b465ee728b)
Start importing Assets/Prefab/Enemies/Boss/Astrael, The Null Sovereign/NullSphere.prefab using Guid(974ec176c9b336e4b929add0dcd56eee) Importer(815301076,1909f56bfc062723c751e8b465ee728b) (PreviewImporter) -> (artifact id: '457ccf894ce8ef624267cb27bb1d4fba') in 0.0026683 seconds
Number of updated asset objects reloaded before import = 0Number of asset objects unloaded after import = 5

========================================================================
Received Import Request.
  Time since last request: 4.212842 seconds.
  path: Assets/Prefab/Enemies/Boss/Astrael, The Null Sovereign/NullSphere.prefab
  artifactKey: Guid(974ec176c9b336e4b929add0dcd56eee) Importer(815301076,1909f56bfc062723c751e8b465ee728b)
Start importing Assets/Prefab/Enemies/Boss/Astrael, The Null Sovereign/NullSphere.prefab using Guid(974ec176c9b336e4b929add0dcd56eee) Importer(815301076,1909f56bfc062723c751e8b465ee728b) (PreviewImporter) -> (artifact id: 'e8fe3f088ce3892ac8cf22da6ca286c2') in 0.0161841 seconds
Number of updated asset objects reloaded before import = 0Number of asset objects unloaded after import = 7

========================================================================
Received Import Request.
  Time since last request: 1.168535 seconds.
  path: Assets/Prefab/Enemies/Boss/Astrael, The Null Sovereign/NullSphere.prefab
  artifactKey: Guid(974ec176c9b336e4b929add0dcd56eee) Importer(815301076,1909f56bfc062723c751e8b465ee728b)
Start importing Assets/Prefab/Enemies/Boss/Astrael, The Null Sovereign/NullSphere.prefab using Guid(974ec176c9b336e4b929add0dcd56eee) Importer(815301076,1909f56bfc062723c751e8b465ee728b) (PreviewImporter) -> (artifact id: '1416f27335dcf8d65c4fe3684d6e3cde') in 0.0185302 seconds
Number of updated asset objects reloaded before import = 0Number of asset objects unloaded after import = 7

========================================================================
Received Import Request.
  Time since last request: 9.066850 seconds.
  path: Assets/Prefab/Enemies/Boss/Astrael, The Null Sovereign/NullSphere.prefab
  artifactKey: Guid(974ec176c9b336e4b929add0dcd56eee) Importer(815301076,1909f56bfc062723c751e8b465ee728b)
Start importing Assets/Prefab/Enemies/Boss/Astrael, The Null Sovereign/NullSphere.prefab using Guid(974ec176c9b336e4b929add0dcd56eee) Importer(815301076,1909f56bfc062723c751e8b465ee728b) (PreviewImporter) -> (artifact id: '5217fa450456248e33309d13d61eebf8') in 0.0238021 seconds
Number of updated asset objects reloaded before import = 0Number of asset objects unloaded after import = 8

========================================================================
Received Import Request.
  Time since last request: 5.182527 seconds.
  path: Assets/Prefab/Enemies/Boss/Astrael, The Null Sovereign/NullSphere.prefab
  artifactKey: Guid(974ec176c9b336e4b929add0dcd56eee) Importer(815301076,1909f56bfc062723c751e8b465ee728b)
Start importing Assets/Prefab/Enemies/Boss/Astrael, The Null Sovereign/NullSphere.prefab using Guid(974ec176c9b336e4b929add0dcd56eee) Importer(815301076,1909f56bfc062723c751e8b465ee728b) (PreviewImporter) -> (artifact id: 'fb7bab550b839d4717cd142a35c6c51f') in 0.0220153 seconds
Number of updated asset objects reloaded before import = 0Number of asset objects unloaded after import = 8

========================================================================
Received Import Request.
  Time since last request: 9.027096 seconds.
  path: Assets/Prefab/Enemies/Boss/Astrael, The Null Sovereign/NullSphere.prefab
  artifactKey: Guid(974ec176c9b336e4b929add0dcd56eee) Importer(815301076,1909f56bfc062723c751e8b465ee728b)
Start importing Assets/Prefab/Enemies/Boss/Astrael, The Null Sovereign/NullSphere.prefab using Guid(974ec176c9b336e4b929add0dcd56eee) Importer(815301076,1909f56bfc062723c751e8b465ee728b) (PreviewImporter) -> (artifact id: '1be2f0c472176d80bb9d0b7be7e51d7f') in 0.0295145 seconds
Number of updated asset objects reloaded before import = 0Number of asset objects unloaded after import = 8

========================================================================
Received Import Request.
  Time since last request: 1.357064 seconds.
  path: Assets/Prefab/Enemies/Boss/Astrael, The Null Sovereign/NullSphere.prefab
  artifactKey: Guid(974ec176c9b336e4b929add0dcd56eee) Importer(815301076,1909f56bfc062723c751e8b465ee728b)
Start importing Assets/Prefab/Enemies/Boss/Astrael, The Null Sovereign/NullSphere.prefab using Guid(974ec176c9b336e4b929add0dcd56eee) Importer(815301076,1909f56bfc062723c751e8b465ee728b) (PreviewImporter) -> (artifact id: '35d264971e5f6fba7e774e320bf771e8') in 0.0278963 seconds
Number of updated asset objects reloaded before import = 0Number of asset objects unloaded after import = 8

========================================================================
Received Import Request.
  Time since last request: 1.357439 seconds.
  path: Assets/Prefab/Enemies/Boss/Astrael, The Null Sovereign/NullSphere.prefab
  artifactKey: Guid(974ec176c9b336e4b929add0dcd56eee) Importer(815301076,1909f56bfc062723c751e8b465ee728b)
Start importing Assets/Prefab/Enemies/Boss/Astrael, The Null Sovereign/NullSphere.prefab using Guid(974ec176c9b336e4b929add0dcd56eee) Importer(815301076,1909f56bfc062723c751e8b465ee728b) (PreviewImporter) -> (artifact id: 'ba31066829bdde692cb23319045534f7') in 0.0210229 seconds
Number of updated asset objects reloaded before import = 0Number of asset objects unloaded after import = 8

========================================================================
Received Import Request.
  Time since last request: 1.356767 seconds.
  path: Assets/Prefab/Enemies/Boss/Astrael, The Null Sovereign/NullSphere.prefab
  artifactKey: Guid(974ec176c9b336e4b929add0dcd56eee) Importer(815301076,1909f56bfc062723c751e8b465ee728b)
Start importing Assets/Prefab/Enemies/Boss/Astrael, The Null Sovereign/NullSphere.prefab using Guid(974ec176c9b336e4b929add0dcd56eee) Importer(815301076,1909f56bfc062723c751e8b465ee728b) (PreviewImporter) -> (artifact id: '2c86a56f823053227760850cd26fb2e3') in 0.0258059 seconds
Number of updated asset objects reloaded before import = 0Number of asset objects unloaded after import = 8

========================================================================
Received Import Request.
  Time since last request: 1.976976 seconds.
  path: Assets/Prefab/Enemies/Boss/Astrael, The Null Sovereign/NullSphere.prefab
  artifactKey: Guid(974ec176c9b336e4b929add0dcd56eee) Importer(815301076,1909f56bfc062723c751e8b465ee728b)
Start importing Assets/Prefab/Enemies/Boss/Astrael, The Null Sovereign/NullSphere.prefab using Guid(974ec176c9b336e4b929add0dcd56eee) Importer(815301076,1909f56bfc062723c751e8b465ee728b) (PreviewImporter) -> (artifact id: 'ad5edc7ada9995c1110c23d41a3d0f4a') in 0.0255252 seconds
Number of updated asset objects reloaded before import = 0Number of asset objects unloaded after import = 8

========================================================================
Received Import Request.
  Time since last request: 1.352682 seconds.
  path: Assets/Prefab/Enemies/Boss/Astrael, The Null Sovereign/NullSphere.prefab
  artifactKey: Guid(974ec176c9b336e4b929add0dcd56eee) Importer(815301076,1909f56bfc062723c751e8b465ee728b)
Start importing Assets/Prefab/Enemies/Boss/Astrael, The Null Sovereign/NullSphere.prefab using Guid(974ec176c9b336e4b929add0dcd56eee) Importer(815301076,1909f56bfc062723c751e8b465ee728b) (PreviewImporter) -> (artifact id: '755b4db6859f6a7c3286a46e360b4c54') in 0.013953 seconds
Number of updated asset objects reloaded before import = 0Number of asset objects unloaded after import = 8

========================================================================
Received Import Request.
  Time since last request: 1.778240 seconds.
  path: Assets/Prefab/Enemies/Boss/Astrael, The Null Sovereign/NullSphere.prefab
  artifactKey: Guid(974ec176c9b336e4b929add0dcd56eee) Importer(815301076,1909f56bfc062723c751e8b465ee728b)
Start importing Assets/Prefab/Enemies/Boss/Astrael, The Null Sovereign/NullSphere.prefab using Guid(974ec176c9b336e4b929add0dcd56eee) Importer(815301076,1909f56bfc062723c751e8b465ee728b) (PreviewImporter) -> (artifact id: '083ef7ac56d3748fee8ac6471451ad78') in 0.018298 seconds
Number of updated asset objects reloaded before import = 0Number of asset objects unloaded after import = 8

========================================================================
Received Import Request.
  Time since last request: 1.772089 seconds.
  path: Assets/Prefab/Enemies/Boss/Astrael, The Null Sovereign/NullSphere.prefab
  artifactKey: Guid(974ec176c9b336e4b929add0dcd56eee) Importer(815301076,1909f56bfc062723c751e8b465ee728b)
Start importing Assets/Prefab/Enemies/Boss/Astrael, The Null Sovereign/NullSphere.prefab using Guid(974ec176c9b336e4b929add0dcd56eee) Importer(815301076,1909f56bfc062723c751e8b465ee728b) (PreviewImporter) -> (artifact id: 'c8c3b2064f9e30a9e1f9992363ddad9f') in 0.0253355 seconds
Number of updated asset objects reloaded before import = 0Number of asset objects unloaded after import = 8

========================================================================
Received Import Request.
  Time since last request: 1.369803 seconds.
  path: Assets/Prefab/Enemies/Boss/Astrael, The Null Sovereign/NullSphere.prefab
  artifactKey: Guid(974ec176c9b336e4b929add0dcd56eee) Importer(815301076,1909f56bfc062723c751e8b465ee728b)
Start importing Assets/Prefab/Enemies/Boss/Astrael, The Null Sovereign/NullSphere.prefab using Guid(974ec176c9b336e4b929add0dcd56eee) Importer(815301076,1909f56bfc062723c751e8b465ee728b) (PreviewImporter) -> (artifact id: 'c40d17583ddfb47402ebd187fd3072b5') in 0.0197123 seconds
Number of updated asset objects reloaded before import = 0Number of asset objects unloaded after import = 8

========================================================================
Received Import Request.
  Time since last request: 1.177350 seconds.
  path: Assets/Prefab/Enemies/Boss/Astrael, The Null Sovereign/NullSphere.prefab
  artifactKey: Guid(974ec176c9b336e4b929add0dcd56eee) Importer(815301076,1909f56bfc062723c751e8b465ee728b)
Start importing Assets/Prefab/Enemies/Boss/Astrael, The Null Sovereign/NullSphere.prefab using Guid(974ec176c9b336e4b929add0dcd56eee) Importer(815301076,1909f56bfc062723c751e8b465ee728b) (PreviewImporter) -> (artifact id: 'a1d1ab17444c6a8108f7990aca065f0e') in 0.0200417 seconds
Number of updated asset objects reloaded before import = 0Number of asset objects unloaded after import = 8

========================================================================
Received Import Request.
  Time since last request: 9.750467 seconds.
  path: Assets/Prefab/Enemies/Boss/Astrael, The Null Sovereign/NullSphere.prefab
  artifactKey: Guid(974ec176c9b336e4b929add0dcd56eee) Importer(815301076,1909f56bfc062723c751e8b465ee728b)
Start importing Assets/Prefab/Enemies/Boss/Astrael, The Null Sovereign/NullSphere.prefab using Guid(974ec176c9b336e4b929add0dcd56eee) Importer(815301076,1909f56bfc062723c751e8b465ee728b) (PreviewImporter) -> (artifact id: '03e7b9aa9ab5e2547d42ea10b4cefa27') in 0.0214152 seconds
Number of updated asset objects reloaded before import = 0Number of asset objects unloaded after import = 9

========================================================================
Received Import Request.
  Time since last request: 8.900617 seconds.
  path: Assets/Prefab/Enemies/Boss/Astrael, The Null Sovereign/NullSphere.prefab
  artifactKey: Guid(974ec176c9b336e4b929add0dcd56eee) Importer(815301076,1909f56bfc062723c751e8b465ee728b)
Start importing Assets/Prefab/Enemies/Boss/Astrael, The Null Sovereign/NullSphere.prefab using Guid(974ec176c9b336e4b929add0dcd56eee) Importer(815301076,1909f56bfc062723c751e8b465ee728b) (PreviewImporter) -> (artifact id: '4127e153c0709616fdcb4db6181bb713') in 0.0174701 seconds
Number of updated asset objects reloaded before import = 0Number of asset objects unloaded after import = 9

========================================================================
Received Import Request.
  Time since last request: 1.574272 seconds.
  path: Assets/Prefab/Enemies/Boss/Astrael, The Null Sovereign/NullSphere.prefab
  artifactKey: Guid(974ec176c9b336e4b929add0dcd56eee) Importer(815301076,1909f56bfc062723c751e8b465ee728b)
Start importing Assets/Prefab/Enemies/Boss/Astrael, The Null Sovereign/NullSphere.prefab using Guid(974ec176c9b336e4b929add0dcd56eee) Importer(815301076,1909f56bfc062723c751e8b465ee728b) (PreviewImporter) -> (artifact id: '091dd5e936e9c0c14673455b21ac0c3a') in 0.0265752 seconds
Number of updated asset objects reloaded before import = 0Number of asset objects unloaded after import = 9

========================================================================
Received Import Request.
  Time since last request: 5.554895 seconds.
  path: Assets/Prefab/Enemies/Boss/Astrael, The Null Sovereign/NullSphere.prefab
  artifactKey: Guid(974ec176c9b336e4b929add0dcd56eee) Importer(815301076,1909f56bfc062723c751e8b465ee728b)
Start importing Assets/Prefab/Enemies/Boss/Astrael, The Null Sovereign/NullSphere.prefab using Guid(974ec176c9b336e4b929add0dcd56eee) Importer(815301076,1909f56bfc062723c751e8b465ee728b) (PreviewImporter) -> (artifact id: '48755f246bfff6c5d7e37fff3d76d732') in 0.0332571 seconds
Number of updated asset objects reloaded before import = 0Number of asset objects unloaded after import = 9

========================================================================
Received Import Request.
  Time since last request: 23.048951 seconds.
  path: Assets/Prefab/Enemies/Boss/Astrael, The Null Sovereign/AstraelBoss.prefab
  artifactKey: Guid(3b281540194403f46a1c0e3de6069786) Importer(815301076,1909f56bfc062723c751e8b465ee728b)
Start importing Assets/Prefab/Enemies/Boss/Astrael, The Null Sovereign/AstraelBoss.prefab using Guid(3b281540194403f46a1c0e3de6069786) Importer(815301076,1909f56bfc062723c751e8b465ee728b) (PreviewImporter) -> (artifact id: '85c074f9a92affa50b6534fb4ca4c80b') in 0.0280329 seconds
Number of updated asset objects reloaded before import = 0Number of asset objects unloaded after import = 46

========================================================================
Received Import Request.
  Time since last request: 0.771946 seconds.
  path: Assets/Prefab/Enemies/Boss/Astrael, The Null Sovereign/AstraelBoss.prefab
  artifactKey: Guid(3b281540194403f46a1c0e3de6069786) Importer(815301076,1909f56bfc062723c751e8b465ee728b)
Start importing Assets/Prefab/Enemies/Boss/Astrael, The Null Sovereign/AstraelBoss.prefab using Guid(3b281540194403f46a1c0e3de6069786) Importer(815301076,1909f56bfc062723c751e8b465ee728b) (PreviewImporter) -> (artifact id: '19ed10d2ce87e316d19df866556b5754') in 0.0417976 seconds
Number of updated asset objects reloaded before import = 0Number of asset objects unloaded after import = 54

========================================================================
Received Import Request.
  Time since last request: 38.698069 seconds.
  path: Assets/Prefab/Enemies/Boss/Astrael, The Null Sovereign/AstraelBoss.prefab
  artifactKey: Guid(3b281540194403f46a1c0e3de6069786) Importer(815301076,1909f56bfc062723c751e8b465ee728b)
Start importing Assets/Prefab/Enemies/Boss/Astrael, The Null Sovereign/AstraelBoss.prefab using Guid(3b281540194403f46a1c0e3de6069786) Importer(815301076,1909f56bfc062723c751e8b465ee728b) (PreviewImporter) -> (artifact id: '3029f276c7825775e350987c5dcc31e8') in 0.0651775 seconds
Number of updated asset objects reloaded before import = 0Number of asset objects unloaded after import = 55

========================================================================
Received Import Request.
  Time since last request: 6.217193 seconds.
  path: Assets/Prefab/Enemies/Boss/Astrael, The Null Sovereign/AstraelBoss.prefab
  artifactKey: Guid(3b281540194403f46a1c0e3de6069786) Importer(815301076,1909f56bfc062723c751e8b465ee728b)
Start importing Assets/Prefab/Enemies/Boss/Astrael, The Null Sovereign/AstraelBoss.prefab using Guid(3b281540194403f46a1c0e3de6069786) Importer(815301076,1909f56bfc062723c751e8b465ee728b) (PreviewImporter) -> (artifact id: '1d941da6a7ddbec5b357bb0d6b00cbcc') in 0.0463111 seconds
Number of updated asset objects reloaded before import = 0Number of asset objects unloaded after import = 55

========================================================================
Received Import Request.
  Time since last request: 1.852039 seconds.
  path: Assets/Prefab/Enemies/Boss/Astrael, The Null Sovereign/AstraelBoss.prefab
  artifactKey: Guid(3b281540194403f46a1c0e3de6069786) Importer(815301076,1909f56bfc062723c751e8b465ee728b)
Start importing Assets/Prefab/Enemies/Boss/Astrael, The Null Sovereign/AstraelBoss.prefab using Guid(3b281540194403f46a1c0e3de6069786) Importer(815301076,1909f56bfc062723c751e8b465ee728b) (PreviewImporter) -> (artifact id: '4663c53425d7fe4461bd97aa8c9308ea') in 0.0483144 seconds
Number of updated asset objects reloaded before import = 0Number of asset objects unloaded after import = 55

========================================================================
Received Import Request.
  Time since last request: 11.464529 seconds.
  path: Assets/Prefab/Enemies/Boss/Astrael, The Null Sovereign/NullGuardian.prefab
  artifactKey: Guid(a8f5fdec0f60843489e1e0eb9362aabb) Importer(815301076,1909f56bfc062723c751e8b465ee728b)
Start importing Assets/Prefab/Enemies/Boss/Astrael, The Null Sovereign/NullGuardian.prefab using Guid(a8f5fdec0f60843489e1e0eb9362aabb) Importer(815301076,1909f56bfc062723c751e8b465ee728b) (PreviewImporter) -> (artifact id: '0a8abf1d2561e54d1e7884a7ecf5beae') in 0.0020355 seconds
Number of updated asset objects reloaded before import = 0Number of asset objects unloaded after import = 4

========================================================================
Received Import Request.
  Time since last request: 3.679327 seconds.
  path: Assets/Prefab/Enemies/Boss/Astrael, The Null Sovereign/AstraelBoss.prefab
  artifactKey: Guid(3b281540194403f46a1c0e3de6069786) Importer(815301076,1909f56bfc062723c751e8b465ee728b)
Start importing Assets/Prefab/Enemies/Boss/Astrael, The Null Sovereign/AstraelBoss.prefab using Guid(3b281540194403f46a1c0e3de6069786) Importer(815301076,1909f56bfc062723c751e8b465ee728b) (PreviewImporter) -> (artifact id: 'd0884540a50ebc6e6c024bdd9238280f') in 0.0369072 seconds
Number of updated asset objects reloaded before import = 0Number of asset objects unloaded after import = 55

========================================================================
Received Import Request.
  Time since last request: 3.346336 seconds.
  path: Assets/Prefab/Enemies/Boss/Astrael, The Null Sovereign/AstraelBoss.prefab
  artifactKey: Guid(3b281540194403f46a1c0e3de6069786) Importer(815301076,1909f56bfc062723c751e8b465ee728b)
Start importing Assets/Prefab/Enemies/Boss/Astrael, The Null Sovereign/AstraelBoss.prefab using Guid(3b281540194403f46a1c0e3de6069786) Importer(815301076,1909f56bfc062723c751e8b465ee728b) (PreviewImporter) -> (artifact id: '7f141756678beef8d7cfe90ea4fa07d1') in 0.0626779 seconds
Number of updated asset objects reloaded before import = 0Number of asset objects unloaded after import = 55

========================================================================
Received Import Request.
  Time since last request: 2.739193 seconds.
  path: Assets/Prefab/Enemies/Boss/Astrael, The Null Sovereign/AstraelBoss.prefab
  artifactKey: Guid(3b281540194403f46a1c0e3de6069786) Importer(815301076,1909f56bfc062723c751e8b465ee728b)
Start importing Assets/Prefab/Enemies/Boss/Astrael, The Null Sovereign/AstraelBoss.prefab using Guid(3b281540194403f46a1c0e3de6069786) Importer(815301076,1909f56bfc062723c751e8b465ee728b) (PreviewImporter) -> (artifact id: '68bdb9683f840540405b860aac690b54') in 0.0767215 seconds
Number of updated asset objects reloaded before import = 0Number of asset objects unloaded after import = 55

========================================================================
Received Import Request.
  Time since last request: 7.267451 seconds.
  path: Assets/Prefab/Enemies/Boss/Astrael, The Null Sovereign/NullGuardian.prefab
  artifactKey: Guid(a8f5fdec0f60843489e1e0eb9362aabb) Importer(815301076,1909f56bfc062723c751e8b465ee728b)
Start importing Assets/Prefab/Enemies/Boss/Astrael, The Null Sovereign/NullGuardian.prefab using Guid(a8f5fdec0f60843489e1e0eb9362aabb) Importer(815301076,1909f56bfc062723c751e8b465ee728b) (PreviewImporter) -> (artifact id: '03d08ce7a0899e3adfa934fd2ec26b6d') in 0.0022562 seconds
Number of updated asset objects reloaded before import = 0Number of asset objects unloaded after import = 4

========================================================================
Received Import Request.
  Time since last request: 3.703807 seconds.
  path: Assets/Prefab/Enemies/Boss/Astrael, The Null Sovereign/NullGuardian.prefab
  artifactKey: Guid(a8f5fdec0f60843489e1e0eb9362aabb) Importer(815301076,1909f56bfc062723c751e8b465ee728b)
Start importing Assets/Prefab/Enemies/Boss/Astrael, The Null Sovereign/NullGuardian.prefab using Guid(a8f5fdec0f60843489e1e0eb9362aabb) Importer(815301076,1909f56bfc062723c751e8b465ee728b) (PreviewImporter) -> (artifact id: 'da5eeedf80271c343f4ea3fe738c6493') in 0.0015966 seconds
Number of updated asset objects reloaded before import = 0Number of asset objects unloaded after import = 5

========================================================================
Received Import Request.
  Time since last request: 5.469262 seconds.
  path: Assets/Prefab/Enemies/Boss/Astrael, The Null Sovereign/NullGuardian.prefab
  artifactKey: Guid(a8f5fdec0f60843489e1e0eb9362aabb) Importer(815301076,1909f56bfc062723c751e8b465ee728b)
Start importing Assets/Prefab/Enemies/Boss/Astrael, The Null Sovereign/NullGuardian.prefab using Guid(a8f5fdec0f60843489e1e0eb9362aabb) Importer(815301076,1909f56bfc062723c751e8b465ee728b) (PreviewImporter) -> (artifact id: 'fe4603ab1068d19e9790f4c60c28baab') in 0.001597 seconds
Number of updated asset objects reloaded before import = 0Number of asset objects unloaded after import = 5

========================================================================
Received Import Request.
  Time since last request: 3.825503 seconds.
  path: Assets/Prefab/Enemies/Boss/Astrael, The Null Sovereign/NullGuardian.prefab
  artifactKey: Guid(a8f5fdec0f60843489e1e0eb9362aabb) Importer(815301076,1909f56bfc062723c751e8b465ee728b)
Start importing Assets/Prefab/Enemies/Boss/Astrael, The Null Sovereign/NullGuardian.prefab using Guid(a8f5fdec0f60843489e1e0eb9362aabb) Importer(815301076,1909f56bfc062723c751e8b465ee728b) (PreviewImporter) -> (artifact id: '422fea98ac28327e3e23daf743e2af73') in 0.0025571 seconds
Number of updated asset objects reloaded before import = 0Number of asset objects unloaded after import = 6

========================================================================
Received Import Request.
  Time since last request: 11.256948 seconds.
  path: Assets/Prefab/Enemies/Boss/Astrael, The Null Sovereign/NullGuardian.prefab
  artifactKey: Guid(a8f5fdec0f60843489e1e0eb9362aabb) Importer(815301076,1909f56bfc062723c751e8b465ee728b)
Start importing Assets/Prefab/Enemies/Boss/Astrael, The Null Sovereign/NullGuardian.prefab using Guid(a8f5fdec0f60843489e1e0eb9362aabb) Importer(815301076,1909f56bfc062723c751e8b465ee728b) (PreviewImporter) -> (artifact id: 'c7816afa3cd398bcbc29db29c836a5e6') in 0.0289911 seconds
Number of updated asset objects reloaded before import = 0Number of asset objects unloaded after import = 8

========================================================================
Received Import Request.
  Time since last request: 17.209396 seconds.
  path: Assets/Prefab/Enemies/Boss/Astrael, The Null Sovereign/NullGuardian.prefab
  artifactKey: Guid(a8f5fdec0f60843489e1e0eb9362aabb) Importer(815301076,1909f56bfc062723c751e8b465ee728b)
Start importing Assets/Prefab/Enemies/Boss/Astrael, The Null Sovereign/NullGuardian.prefab using Guid(a8f5fdec0f60843489e1e0eb9362aabb) Importer(815301076,1909f56bfc062723c751e8b465ee728b) (PreviewImporter) -> (artifact id: 'b373c7d9c81369c8c8756256b4294fb1') in 0.0234276 seconds
Number of updated asset objects reloaded before import = 0Number of asset objects unloaded after import = 9

========================================================================
Received Import Request.
  Time since last request: 4.582871 seconds.
  path: Assets/Prefab/Enemies/Boss/Astrael, The Null Sovereign/NullGuardian.prefab
  artifactKey: Guid(a8f5fdec0f60843489e1e0eb9362aabb) Importer(815301076,1909f56bfc062723c751e8b465ee728b)
Start importing Assets/Prefab/Enemies/Boss/Astrael, The Null Sovereign/NullGuardian.prefab using Guid(a8f5fdec0f60843489e1e0eb9362aabb) Importer(815301076,1909f56bfc062723c751e8b465ee728b) (PreviewImporter) -> (artifact id: '7f52324a9d499d898cfac10cde5aa85b') in 0.0145622 seconds
Number of updated asset objects reloaded before import = 0Number of asset objects unloaded after import = 9

========================================================================
Received Import Request.
  Time since last request: 0.968466 seconds.
  path: Assets/Prefab/Enemies/Boss/Astrael, The Null Sovereign/NullGuardian.prefab
  artifactKey: Guid(a8f5fdec0f60843489e1e0eb9362aabb) Importer(815301076,1909f56bfc062723c751e8b465ee728b)
Start importing Assets/Prefab/Enemies/Boss/Astrael, The Null Sovereign/NullGuardian.prefab using Guid(a8f5fdec0f60843489e1e0eb9362aabb) Importer(815301076,1909f56bfc062723c751e8b465ee728b) (PreviewImporter) -> (artifact id: '2cad8875573c7be3e548736e6625ee91') in 0.0158885 seconds
Number of updated asset objects reloaded before import = 0Number of asset objects unloaded after import = 9

========================================================================
Received Import Request.
  Time since last request: 1.569338 seconds.
  path: Assets/Prefab/Enemies/Boss/Astrael, The Null Sovereign/NullGuardian.prefab
  artifactKey: Guid(a8f5fdec0f60843489e1e0eb9362aabb) Importer(815301076,1909f56bfc062723c751e8b465ee728b)
Start importing Assets/Prefab/Enemies/Boss/Astrael, The Null Sovereign/NullGuardian.prefab using Guid(a8f5fdec0f60843489e1e0eb9362aabb) Importer(815301076,1909f56bfc062723c751e8b465ee728b) (PreviewImporter) -> (artifact id: 'f492bcaab0fb37d95bfe0c0f11841aff') in 0.0161504 seconds
Number of updated asset objects reloaded before import = 0Number of asset objects unloaded after import = 9

========================================================================
Received Import Request.
  Time since last request: 6.406828 seconds.
  path: Assets/Prefab/Enemies/Boss/Astrael, The Null Sovereign/NullGuardian.prefab
  artifactKey: Guid(a8f5fdec0f60843489e1e0eb9362aabb) Importer(815301076,1909f56bfc062723c751e8b465ee728b)
Start importing Assets/Prefab/Enemies/Boss/Astrael, The Null Sovereign/NullGuardian.prefab using Guid(a8f5fdec0f60843489e1e0eb9362aabb) Importer(815301076,1909f56bfc062723c751e8b465ee728b) (PreviewImporter) -> (artifact id: '531c2accb2f49281849783bad287d5bf') in 0.0161732 seconds
Number of updated asset objects reloaded before import = 0Number of asset objects unloaded after import = 9

========================================================================
Received Import Request.
  Time since last request: 1.776550 seconds.
  path: Assets/Prefab/Enemies/Boss/Astrael, The Null Sovereign/NullGuardian.prefab
  artifactKey: Guid(a8f5fdec0f60843489e1e0eb9362aabb) Importer(815301076,1909f56bfc062723c751e8b465ee728b)
Start importing Assets/Prefab/Enemies/Boss/Astrael, The Null Sovereign/NullGuardian.prefab using Guid(a8f5fdec0f60843489e1e0eb9362aabb) Importer(815301076,1909f56bfc062723c751e8b465ee728b) (PreviewImporter) -> (artifact id: 'c56639eda3e5a5f9024ba059a644616d') in 0.0212769 seconds
Number of updated asset objects reloaded before import = 0Number of asset objects unloaded after import = 9

========================================================================
Received Import Request.
  Time since last request: 8.030269 seconds.
  path: Assets/Prefab/Enemies/Boss/Astrael, The Null Sovereign/NullGuardian.prefab
  artifactKey: Guid(a8f5fdec0f60843489e1e0eb9362aabb) Importer(815301076,1909f56bfc062723c751e8b465ee728b)
Start importing Assets/Prefab/Enemies/Boss/Astrael, The Null Sovereign/NullGuardian.prefab using Guid(a8f5fdec0f60843489e1e0eb9362aabb) Importer(815301076,1909f56bfc062723c751e8b465ee728b) (PreviewImporter) -> (artifact id: 'b56b82182e7d375eb83369a0518d9c93') in 0.0239344 seconds
Number of updated asset objects reloaded before import = 0Number of asset objects unloaded after import = 9

========================================================================
Received Import Request.
  Time since last request: 1.370589 seconds.
  path: Assets/Prefab/Enemies/Boss/Astrael, The Null Sovereign/NullGuardian.prefab
  artifactKey: Guid(a8f5fdec0f60843489e1e0eb9362aabb) Importer(815301076,1909f56bfc062723c751e8b465ee728b)
Start importing Assets/Prefab/Enemies/Boss/Astrael, The Null Sovereign/NullGuardian.prefab using Guid(a8f5fdec0f60843489e1e0eb9362aabb) Importer(815301076,1909f56bfc062723c751e8b465ee728b) (PreviewImporter) -> (artifact id: 'a1b47d5555f3be0f784ca67181f7c6c6') in 0.0235435 seconds
Number of updated asset objects reloaded before import = 0Number of asset objects unloaded after import = 9

========================================================================
Received Import Request.
  Time since last request: 1.363423 seconds.
  path: Assets/Prefab/Enemies/Boss/Astrael, The Null Sovereign/NullGuardian.prefab
  artifactKey: Guid(a8f5fdec0f60843489e1e0eb9362aabb) Importer(815301076,1909f56bfc062723c751e8b465ee728b)
Start importing Assets/Prefab/Enemies/Boss/Astrael, The Null Sovereign/NullGuardian.prefab using Guid(a8f5fdec0f60843489e1e0eb9362aabb) Importer(815301076,1909f56bfc062723c751e8b465ee728b) (PreviewImporter) -> (artifact id: '91adda2e8851bbe324ed13ae56ff9445') in 0.0244031 seconds
Number of updated asset objects reloaded before import = 0Number of asset objects unloaded after import = 9

========================================================================
Received Import Request.
  Time since last request: 1.557845 seconds.
  path: Assets/Prefab/Enemies/Boss/Astrael, The Null Sovereign/NullGuardian.prefab
  artifactKey: Guid(a8f5fdec0f60843489e1e0eb9362aabb) Importer(815301076,1909f56bfc062723c751e8b465ee728b)
Start importing Assets/Prefab/Enemies/Boss/Astrael, The Null Sovereign/NullGuardian.prefab using Guid(a8f5fdec0f60843489e1e0eb9362aabb) Importer(815301076,1909f56bfc062723c751e8b465ee728b) (PreviewImporter) -> (artifact id: '98a5b1191e75c4cd6bd10ae7fce4edf0') in 0.0228646 seconds
Number of updated asset objects reloaded before import = 0Number of asset objects unloaded after import = 9

========================================================================
Received Import Request.
  Time since last request: 5.402106 seconds.
  path: Assets/Prefab/Enemies/Boss/Astrael, The Null Sovereign/NullGuardian.prefab
  artifactKey: Guid(a8f5fdec0f60843489e1e0eb9362aabb) Importer(815301076,1909f56bfc062723c751e8b465ee728b)
Start importing Assets/Prefab/Enemies/Boss/Astrael, The Null Sovereign/NullGuardian.prefab using Guid(a8f5fdec0f60843489e1e0eb9362aabb) Importer(815301076,1909f56bfc062723c751e8b465ee728b) (PreviewImporter) -> (artifact id: '3c1a48d267dd662a0cfb7981a8e74ce5') in 0.0203542 seconds
Number of updated asset objects reloaded before import = 0Number of asset objects unloaded after import = 9

========================================================================
Received Import Request.
  Time since last request: 1.777926 seconds.
  path: Assets/Prefab/Enemies/Boss/Astrael, The Null Sovereign/NullGuardian.prefab
  artifactKey: Guid(a8f5fdec0f60843489e1e0eb9362aabb) Importer(815301076,1909f56bfc062723c751e8b465ee728b)
Start importing Assets/Prefab/Enemies/Boss/Astrael, The Null Sovereign/NullGuardian.prefab using Guid(a8f5fdec0f60843489e1e0eb9362aabb) Importer(815301076,1909f56bfc062723c751e8b465ee728b) (PreviewImporter) -> (artifact id: '5c622f012bba5ae4ff4d2698b1a92f77') in 0.0231445 seconds
Number of updated asset objects reloaded before import = 0Number of asset objects unloaded after import = 9

========================================================================
Received Import Request.
  Time since last request: 1.148325 seconds.
  path: Assets/Prefab/Enemies/Boss/Astrael, The Null Sovereign/NullGuardian.prefab
  artifactKey: Guid(a8f5fdec0f60843489e1e0eb9362aabb) Importer(815301076,1909f56bfc062723c751e8b465ee728b)
Start importing Assets/Prefab/Enemies/Boss/Astrael, The Null Sovereign/NullGuardian.prefab using Guid(a8f5fdec0f60843489e1e0eb9362aabb) Importer(815301076,1909f56bfc062723c751e8b465ee728b) (PreviewImporter) -> (artifact id: '537378d5852a35b626873ea94a7fe5d5') in 0.0179516 seconds
Number of updated asset objects reloaded before import = 0Number of asset objects unloaded after import = 9

========================================================================
Received Import Request.
  Time since last request: 8.014819 seconds.
  path: Assets/Prefab/Enemies/Boss/Astrael, The Null Sovereign/NullGuardian.prefab
  artifactKey: Guid(a8f5fdec0f60843489e1e0eb9362aabb) Importer(815301076,1909f56bfc062723c751e8b465ee728b)
Start importing Assets/Prefab/Enemies/Boss/Astrael, The Null Sovereign/NullGuardian.prefab using Guid(a8f5fdec0f60843489e1e0eb9362aabb) Importer(815301076,1909f56bfc062723c751e8b465ee728b) (PreviewImporter) -> (artifact id: '9ccfce2464ccd6d19de62239af7b5b9c') in 0.0202187 seconds
Number of updated asset objects reloaded before import = 0Number of asset objects unloaded after import = 9

========================================================================
Received Import Request.
  Time since last request: 25.199054 seconds.
  path: Assets/Prefab/Enemies/Boss/Astrael, The Null Sovereign/NullGuardian.prefab
  artifactKey: Guid(a8f5fdec0f60843489e1e0eb9362aabb) Importer(815301076,1909f56bfc062723c751e8b465ee728b)
Start importing Assets/Prefab/Enemies/Boss/Astrael, The Null Sovereign/NullGuardian.prefab using Guid(a8f5fdec0f60843489e1e0eb9362aabb) Importer(815301076,1909f56bfc062723c751e8b465ee728b) (PreviewImporter) -> (artifact id: 'e30031ce2f49b0f44c43be1b7ce78e78') in 0.0209494 seconds
Number of updated asset objects reloaded before import = 0Number of asset objects unloaded after import = 10

========================================================================
Received Import Request.
  Time since last request: 25.991988 seconds.
  path: Assets/Prefab/Enemies/Boss/Astrael, The Null Sovereign/AstraelBoss.prefab
  artifactKey: Guid(3b281540194403f46a1c0e3de6069786) Importer(815301076,1909f56bfc062723c751e8b465ee728b)
Start importing Assets/Prefab/Enemies/Boss/Astrael, The Null Sovereign/AstraelBoss.prefab using Guid(3b281540194403f46a1c0e3de6069786) Importer(815301076,1909f56bfc062723c751e8b465ee728b) (PreviewImporter) -> (artifact id: 'b8df698e8972fb98ee064d9c15e6b2af') in 0.0436402 seconds
Number of updated asset objects reloaded before import = 0Number of asset objects unloaded after import = 64

========================================================================
Received Import Request.
  Time since last request: 9.990365 seconds.
  path: Assets/Prefab/Enemies/Boss/Astrael, The Null Sovereign/BossHealthUI.prefab
  artifactKey: Guid(b725846f9f7f527479dcd9ef9769c65a) Importer(815301076,1909f56bfc062723c751e8b465ee728b)
Start importing Assets/Prefab/Enemies/Boss/Astrael, The Null Sovereign/BossHealthUI.prefab using Guid(b725846f9f7f527479dcd9ef9769c65a) Importer(815301076,1909f56bfc062723c751e8b465ee728b) (PreviewImporter) -> (artifact id: '6b7393812b59f064dd117dc8fd3b6fbe') in 0.0443789 seconds
Number of updated asset objects reloaded before import = 0Number of asset objects unloaded after import = 32

========================================================================
Received Import Request.
  Time since last request: 5.405306 seconds.
  path: Assets/Prefab/Enemies/Boss/Astrael, The Null Sovereign/AstraelBoss.prefab
  artifactKey: Guid(3b281540194403f46a1c0e3de6069786) Importer(815301076,1909f56bfc062723c751e8b465ee728b)
Start importing Assets/Prefab/Enemies/Boss/Astrael, The Null Sovereign/AstraelBoss.prefab using Guid(3b281540194403f46a1c0e3de6069786) Importer(815301076,1909f56bfc062723c751e8b465ee728b) (PreviewImporter) -> (artifact id: '01fe59000645bed39bf251405fad00ea') in 0.071842 seconds
Number of updated asset objects reloaded before import = 0Number of asset objects unloaded after import = 101

========================================================================
Received Import Request.
  Time since last request: 25.272633 seconds.
  path: Assets/Prefab/Enemies/Boss/Astrael, The Null Sovereign/DarkOverlay.prefab
  artifactKey: Guid(006b1444f65585b4fa9dd91653cc60f3) Importer(815301076,1909f56bfc062723c751e8b465ee728b)
Start importing Assets/Prefab/Enemies/Boss/Astrael, The Null Sovereign/DarkOverlay.prefab using Guid(006b1444f65585b4fa9dd91653cc60f3) Importer(815301076,1909f56bfc062723c751e8b465ee728b) (PreviewImporter) -> (artifact id: '98fcad7281e0e26445e9a4895c6aeb65') in 0.0028212 seconds
Number of updated asset objects reloaded before import = 0Number of asset objects unloaded after import = 6

========================================================================
Received Import Request.
  Time since last request: 41.545378 seconds.
  path: Assets/Prefab/Characters
  artifactKey: Guid(01695d0cfc0be1b41af0350ab22ab864) Importer(815301076,1909f56bfc062723c751e8b465ee728b)
Start importing Assets/Prefab/Characters using Guid(01695d0cfc0be1b41af0350ab22ab864) Importer(815301076,1909f56bfc062723c751e8b465ee728b) (PreviewImporter) -> (artifact id: 'f54deaf52e15d90f91d78a347f8fb162') in 0.0005349 seconds
Number of updated asset objects reloaded before import = 0Number of asset objects unloaded after import = 0

========================================================================
Received Prepare
Begin MonoManager ReloadAssembly
- Loaded All Assemblies, in  0.650 seconds
Refreshing native plugins compatible for Editor in 1.50 ms, found 4 plugins.
Native extension for Android target not found
Native extension for WindowsStandalone target not found
Mono: successfully reloaded assembly
- Finished resetting the current domain, in  0.660 seconds
Domain Reload Profiling: 1310ms
	BeginReloadAssembly (196ms)
		ExecutionOrderSort (0ms)
		DisableScriptedObjects (23ms)
		BackupInstance (0ms)
		ReleaseScriptingObjects (0ms)
		CreateAndSetChildDomain (58ms)
	RebuildCommonClasses (27ms)
	RebuildNativeTypeToScriptingClass (10ms)
	initialDomainReloadingComplete (26ms)
	LoadAllAssembliesAndSetupDomain (392ms)
		LoadAssemblies (291ms)
		RebuildTransferFunctionScriptingTraits (0ms)
		AnalyzeDomain (176ms)
			TypeCache.Refresh (9ms)
				TypeCache.ScanAssembly (1ms)
			BuildScriptInfoCaches (153ms)
			ResolveRequiredComponents (10ms)
	FinalizeReload (660ms)
		ReleaseScriptCaches (0ms)
		RebuildScriptCaches (0ms)
		SetupLoadedEditorAssemblies (495ms)
			LogAssemblyErrors (0ms)
			InitializePlatformSupportModulesInManaged (9ms)
			SetLoadedEditorAssemblies (6ms)
			BeforeProcessingInitializeOnLoad (111ms)
			ProcessInitializeOnLoadAttributes (302ms)
			ProcessInitializeOnLoadMethodAttributes (59ms)
			AfterProcessingInitializeOnLoad (8ms)
			EditorAssembliesLoaded (0ms)
		ExecutionOrderSort2 (0ms)
		AwakeInstancesAfterBackupRestoration (10ms)
Refreshing native plugins compatible for Editor in 1.59 ms, found 4 plugins.
Preloading 0 native plugins for Editor in 0.00 ms.
Unloading 13 Unused Serialized files (Serialized files now loaded: 0)
Unloading 6782 unused Assets / (4.7 MB). Loaded Objects now: 7541.
Memory consumption went from 154.5 MB to 149.7 MB.
Total: 8.557100 ms (FindLiveObjects: 0.629800 ms CreateObjectMapping: 0.833200 ms MarkObjects: 4.281900 ms  DeleteObjects: 2.811300 ms)

Prepare: number of updated asset objects reloaded= 0
========================================================================
Received Import Request.
  Time since last request: 36.036652 seconds.
  path: Assets/Prefab/Enemies/Boss/Astrael, The Null Sovereign/AstraelBoss.prefab
  artifactKey: Guid(3b281540194403f46a1c0e3de6069786) Importer(815301076,1909f56bfc062723c751e8b465ee728b)
Start importing Assets/Prefab/Enemies/Boss/Astrael, The Null Sovereign/AstraelBoss.prefab using Guid(3b281540194403f46a1c0e3de6069786) Importer(815301076,1909f56bfc062723c751e8b465ee728b) (PreviewImporter) -> (artifact id: 'dae875bbedf213cc59aee68055236fad') in 0.449737 seconds
Number of updated asset objects reloaded before import = 0Number of asset objects unloaded after import = 101

========================================================================
Received Prepare
Refreshing native plugins compatible for Editor in 2.44 ms, found 4 plugins.
Preloading 0 native plugins for Editor in 0.00 ms.
Unloading 13 Unused Serialized files (Serialized files now loaded: 0)
Unloading 6771 unused Assets / (3.4 MB). Loaded Objects now: 7665.
Memory consumption went from 159.6 MB to 156.2 MB.
Total: 13.230900 ms (FindLiveObjects: 0.881500 ms CreateObjectMapping: 1.113400 ms MarkObjects: 9.486300 ms  DeleteObjects: 1.748200 ms)

Prepare: number of updated asset objects reloaded= 0
========================================================================
Received Import Request.
  Time since last request: 438.384659 seconds.
  path: Assets/Prefab/Enemies/Boss/Astrael, The Null Sovereign/Shockwave.prefab
  artifactKey: Guid(d50676f1c779f7f4680f2b0a97abff1b) Importer(815301076,1909f56bfc062723c751e8b465ee728b)
Start importing Assets/Prefab/Enemies/Boss/Astrael, The Null Sovereign/Shockwave.prefab using Guid(d50676f1c779f7f4680f2b0a97abff1b) Importer(815301076,1909f56bfc062723c751e8b465ee728b) (PreviewImporter) -> (artifact id: '53c69a2d13230f52f9691a05525d1be3') in 0.0095304 seconds
Number of updated asset objects reloaded before import = 0Number of asset objects unloaded after import = 4

========================================================================
Received Import Request.
  Time since last request: 5.786222 seconds.
  path: Assets/Prefab/Enemies/Boss/Astrael, The Null Sovereign/Shockwave.prefab
  artifactKey: Guid(d50676f1c779f7f4680f2b0a97abff1b) Importer(815301076,1909f56bfc062723c751e8b465ee728b)
Start importing Assets/Prefab/Enemies/Boss/Astrael, The Null Sovereign/Shockwave.prefab using Guid(d50676f1c779f7f4680f2b0a97abff1b) Importer(815301076,1909f56bfc062723c751e8b465ee728b) (PreviewImporter) -> (artifact id: 'd90f6af4b03736bd5525caf12adf671b') in 0.001709 seconds
Number of updated asset objects reloaded before import = 0Number of asset objects unloaded after import = 5

========================================================================
Received Import Request.
  Time since last request: 13.198923 seconds.
  path: Assets/Sprites/Characters/Tro/TroProjectile.png
  artifactKey: Guid(33be975e36677a741943275ae08ccaf3) Importer(815301076,1909f56bfc062723c751e8b465ee728b)
Start importing Assets/Sprites/Characters/Tro/TroProjectile.png using Guid(33be975e36677a741943275ae08ccaf3) Importer(815301076,1909f56bfc062723c751e8b465ee728b) (PreviewImporter) -> (artifact id: '216f659cb849db121bc9e8e40fe04e9a') in 0.0403844 seconds
Number of updated asset objects reloaded before import = 0Number of asset objects unloaded after import = 3

========================================================================
Received Import Request.
  Time since last request: 0.000028 seconds.
  path: Assets/Sprites/Objects/XP.png
  artifactKey: Guid(66ca40a325de35b4fb7930ecb50ec009) Importer(815301076,1909f56bfc062723c751e8b465ee728b)
Start importing Assets/Sprites/Objects/XP.png using Guid(66ca40a325de35b4fb7930ecb50ec009) Importer(815301076,1909f56bfc062723c751e8b465ee728b) (PreviewImporter) -> (artifact id: 'de4be8396f15673e2e777d974dbfdc3b') in 0.0174313 seconds
Number of updated asset objects reloaded before import = 0Number of asset objects unloaded after import = 3

========================================================================
Received Import Request.
  Time since last request: 0.000023 seconds.
  path: Assets/Sprites/Characters/Vex/VexWeapon.png
  artifactKey: Guid(9d9a9b0f7c54329408bedc96638c1e88) Importer(815301076,1909f56bfc062723c751e8b465ee728b)
Start importing Assets/Sprites/Characters/Vex/VexWeapon.png using Guid(9d9a9b0f7c54329408bedc96638c1e88) Importer(815301076,1909f56bfc062723c751e8b465ee728b) (PreviewImporter) -> (artifact id: '5920cb356e64bcc2469b81e5a872ce74') in 0.0170293 seconds
Number of updated asset objects reloaded before import = 0Number of asset objects unloaded after import = 3

========================================================================
Received Import Request.
  Time since last request: 0.997836 seconds.
  path: Assets/Prefab/Enemies/Boss/Astrael, The Null Sovereign/AstraelBoss.prefab
  artifactKey: Guid(3b281540194403f46a1c0e3de6069786) Importer(815301076,1909f56bfc062723c751e8b465ee728b)
Start importing Assets/Prefab/Enemies/Boss/Astrael, The Null Sovereign/AstraelBoss.prefab using Guid(3b281540194403f46a1c0e3de6069786) Importer(815301076,1909f56bfc062723c751e8b465ee728b) (PreviewImporter) -> (artifact id: 'd4c6fba5143688c5f866a8fe751b4ef9') in 0.0632002 seconds
Number of updated asset objects reloaded before import = 0Number of asset objects unloaded after import = 101

========================================================================
Received Import Request.
  Time since last request: 30.939903 seconds.
  path: Assets/Prefab/Enemies/Boss/Astrael, The Null Sovereign/Shockwave.prefab
  artifactKey: Guid(d50676f1c779f7f4680f2b0a97abff1b) Importer(815301076,1909f56bfc062723c751e8b465ee728b)
Start importing Assets/Prefab/Enemies/Boss/Astrael, The Null Sovereign/Shockwave.prefab using Guid(d50676f1c779f7f4680f2b0a97abff1b) Importer(815301076,1909f56bfc062723c751e8b465ee728b) (PreviewImporter) -> (artifact id: '14b79016f47e48cc37a904f3816bd5af') in 0.0146251 seconds
Number of updated asset objects reloaded before import = 0Number of asset objects unloaded after import = 7

========================================================================
Received Prepare
Refreshing native plugins compatible for Editor in 2.97 ms, found 4 plugins.
Preloading 0 native plugins for Editor in 0.00 ms.
Unloading 13 Unused Serialized files (Serialized files now loaded: 0)
Unloading 6772 unused Assets / (4.4 MB). Loaded Objects now: 7669.
Memory consumption went from 159.8 MB to 155.4 MB.
Total: 13.605300 ms (FindLiveObjects: 0.867700 ms CreateObjectMapping: 1.353900 ms MarkObjects: 7.741100 ms  DeleteObjects: 3.640900 ms)

Prepare: number of updated asset objects reloaded= 0
========================================================================
Received Prepare
Refreshing native plugins compatible for Editor in 1.74 ms, found 4 plugins.
Preloading 0 native plugins for Editor in 0.00 ms.
Unloading 13 Unused Serialized files (Serialized files now loaded: 0)
Unloading 6772 unused Assets / (5.4 MB). Loaded Objects now: 7669.
Memory consumption went from 159.8 MB to 154.4 MB.
Total: 12.324000 ms (FindLiveObjects: 0.801900 ms CreateObjectMapping: 0.703800 ms MarkObjects: 6.777900 ms  DeleteObjects: 4.038900 ms)

Prepare: number of updated asset objects reloaded= 0
========================================================================
Received Prepare
Refreshing native plugins compatible for Editor in 1.69 ms, found 4 plugins.
Preloading 0 native plugins for Editor in 0.00 ms.
Unloading 13 Unused Serialized files (Serialized files now loaded: 0)
Unloading 6772 unused Assets / (4.5 MB). Loaded Objects now: 7669.
Memory consumption went from 159.8 MB to 155.3 MB.
Total: 10.399400 ms (FindLiveObjects: 0.786900 ms CreateObjectMapping: 0.811900 ms MarkObjects: 5.993500 ms  DeleteObjects: 2.805900 ms)

Prepare: number of updated asset objects reloaded= 0
========================================================================
Received Prepare
Refreshing native plugins compatible for Editor in 1.41 ms, found 4 plugins.
Preloading 0 native plugins for Editor in 0.00 ms.
Unloading 13 Unused Serialized files (Serialized files now loaded: 0)
Unloading 6772 unused Assets / (4.2 MB). Loaded Objects now: 7669.
Memory consumption went from 159.8 MB to 155.5 MB.
Total: 7.588300 ms (FindLiveObjects: 0.566000 ms CreateObjectMapping: 0.512400 ms MarkObjects: 4.715000 ms  DeleteObjects: 1.794000 ms)

Prepare: number of updated asset objects reloaded= 0
========================================================================
Received Prepare
Refreshing native plugins compatible for Editor in 2.58 ms, found 4 plugins.
Preloading 0 native plugins for Editor in 0.00 ms.
Unloading 13 Unused Serialized files (Serialized files now loaded: 0)
Unloading 6772 unused Assets / (3.9 MB). Loaded Objects now: 7669.
Memory consumption went from 159.8 MB to 155.9 MB.
Total: 12.592200 ms (FindLiveObjects: 0.799800 ms CreateObjectMapping: 1.183400 ms MarkObjects: 7.806200 ms  DeleteObjects: 2.801500 ms)

Prepare: number of updated asset objects reloaded= 0
========================================================================
Received Prepare
Refreshing native plugins compatible for Editor in 2.17 ms, found 4 plugins.
Preloading 0 native plugins for Editor in 0.00 ms.
Unloading 13 Unused Serialized files (Serialized files now loaded: 0)
Unloading 6773 unused Assets / (4.2 MB). Loaded Objects now: 7670.
Memory consumption went from 159.8 MB to 155.5 MB.
Total: 11.033400 ms (FindLiveObjects: 0.759600 ms CreateObjectMapping: 0.860000 ms MarkObjects: 7.372400 ms  DeleteObjects: 2.040400 ms)

Prepare: number of updated asset objects reloaded= 0
========================================================================
Received Prepare
Refreshing native plugins compatible for Editor in 1.71 ms, found 4 plugins.
Preloading 0 native plugins for Editor in 0.00 ms.
Unloading 13 Unused Serialized files (Serialized files now loaded: 0)
Unloading 6773 unused Assets / (3.8 MB). Loaded Objects now: 7670.
Memory consumption went from 159.8 MB to 155.9 MB.
Total: 8.163000 ms (FindLiveObjects: 0.610500 ms CreateObjectMapping: 0.556000 ms MarkObjects: 5.028600 ms  DeleteObjects: 1.966900 ms)

Prepare: number of updated asset objects reloaded= 0
========================================================================
Received Import Request.
  Time since last request: 331.645239 seconds.
  path: Assets/Shockwave.cs
  artifactKey: Guid(ed879a2674d23f241bd84362da30c830) Importer(815301076,1909f56bfc062723c751e8b465ee728b)
Start importing Assets/Shockwave.cs using Guid(ed879a2674d23f241bd84362da30c830) Importer(815301076,1909f56bfc062723c751e8b465ee728b) (PreviewImporter) -> (artifact id: '3e2601f11de36534f6115791de3ab952') in 0.0552402 seconds
Number of updated asset objects reloaded before import = 0Number of asset objects unloaded after import = 0

========================================================================
Received Prepare
Refreshing native plugins compatible for Editor in 1.43 ms, found 4 plugins.
Preloading 0 native plugins for Editor in 0.00 ms.
Unloading 13 Unused Serialized files (Serialized files now loaded: 0)
Unloading 6772 unused Assets / (4.3 MB). Loaded Objects now: 7669.
Memory consumption went from 159.8 MB to 155.5 MB.
Total: 10.484700 ms (FindLiveObjects: 0.758800 ms CreateObjectMapping: 0.853300 ms MarkObjects: 6.897100 ms  DeleteObjects: 1.974500 ms)

Prepare: number of updated asset objects reloaded= 0
========================================================================
Received Prepare
Begin MonoManager ReloadAssembly
- Loaded All Assemblies, in  0.646 seconds
Refreshing native plugins compatible for Editor in 1.58 ms, found 4 plugins.
Native extension for Android target not found
Native extension for WindowsStandalone target not found
Mono: successfully reloaded assembly
- Finished resetting the current domain, in  0.654 seconds
Domain Reload Profiling: 1300ms
	BeginReloadAssembly (199ms)
		ExecutionOrderSort (0ms)
		DisableScriptedObjects (23ms)
		BackupInstance (0ms)
		ReleaseScriptingObjects (0ms)
		CreateAndSetChildDomain (51ms)
	RebuildCommonClasses (31ms)
	RebuildNativeTypeToScriptingClass (14ms)
	initialDomainReloadingComplete (33ms)
	LoadAllAssembliesAndSetupDomain (369ms)
		LoadAssemblies (289ms)
		RebuildTransferFunctionScriptingTraits (0ms)
		AnalyzeDomain (166ms)
			TypeCache.Refresh (8ms)
				TypeCache.ScanAssembly (1ms)
			BuildScriptInfoCaches (143ms)
			ResolveRequiredComponents (11ms)
	FinalizeReload (654ms)
		ReleaseScriptCaches (0ms)
		RebuildScriptCaches (0ms)
		SetupLoadedEditorAssemblies (453ms)
			LogAssemblyErrors (0ms)
			InitializePlatformSupportModulesInManaged (11ms)
			SetLoadedEditorAssemblies (6ms)
			BeforeProcessingInitializeOnLoad (101ms)
			ProcessInitializeOnLoadAttributes (282ms)
			ProcessInitializeOnLoadMethodAttributes (47ms)
			AfterProcessingInitializeOnLoad (6ms)
			EditorAssembliesLoaded (0ms)
		ExecutionOrderSort2 (0ms)
		AwakeInstancesAfterBackupRestoration (11ms)
Refreshing native plugins compatible for Editor in 1.35 ms, found 4 plugins.
Preloading 0 native plugins for Editor in 0.00 ms.
Unloading 13 Unused Serialized files (Serialized files now loaded: 0)
Unloading 6783 unused Assets / (3.9 MB). Loaded Objects now: 7570.
Memory consumption went from 158.1 MB to 154.2 MB.
Total: 5.897400 ms (FindLiveObjects: 0.555200 ms CreateObjectMapping: 0.465800 ms MarkObjects: 3.364800 ms  DeleteObjects: 1.510900 ms)

Prepare: number of updated asset objects reloaded= 0
========================================================================
Received Import Request.
  Time since last request: 45.862865 seconds.
  path: Assets/Prefab/Enemies/Boss/Astrael, The Null Sovereign/AstraelBoss.prefab
  artifactKey: Guid(3b281540194403f46a1c0e3de6069786) Importer(815301076,1909f56bfc062723c751e8b465ee728b)
Start importing Assets/Prefab/Enemies/Boss/Astrael, The Null Sovereign/AstraelBoss.prefab using Guid(3b281540194403f46a1c0e3de6069786) Importer(815301076,1909f56bfc062723c751e8b465ee728b) (PreviewImporter) -> (artifact id: '5249c7aec98492a49677bfe4f6be7c6b') in 0.4760115 seconds
Number of updated asset objects reloaded before import = 0Number of asset objects unloaded after import = 101

========================================================================
Received Import Request.
  Time since last request: 1.249103 seconds.
  path: Assets/Prefab/Enemies/Boss/Astrael, The Null Sovereign/NullGuardian 1.prefab
  artifactKey: Guid(2892d2bd29232714fbebb07b43cbd306) Importer(815301076,1909f56bfc062723c751e8b465ee728b)
Start importing Assets/Prefab/Enemies/Boss/Astrael, The Null Sovereign/NullGuardian 1.prefab using Guid(2892d2bd29232714fbebb07b43cbd306) Importer(815301076,1909f56bfc062723c751e8b465ee728b) (PreviewImporter) -> (artifact id: '5828b6072910ee7dc6c5b60ab13c057a') in 0.0181885 seconds
Number of updated asset objects reloaded before import = 0Number of asset objects unloaded after import = 10

========================================================================
Received Import Request.
  Time since last request: 3.160922 seconds.
  path: Assets/Prefab/Enemies/Boss/Astrael, The Null Sovereign/ArenaGuardian.prefab
  artifactKey: Guid(2892d2bd29232714fbebb07b43cbd306) Importer(815301076,1909f56bfc062723c751e8b465ee728b)
Start importing Assets/Prefab/Enemies/Boss/Astrael, The Null Sovereign/ArenaGuardian.prefab using Guid(2892d2bd29232714fbebb07b43cbd306) Importer(815301076,1909f56bfc062723c751e8b465ee728b) (PreviewImporter) -> (artifact id: '9297e2e8a81ae5b1212b3ecefd4f64f1') in 0.0233304 seconds
Number of updated asset objects reloaded before import = 0Number of asset objects unloaded after import = 10

========================================================================
Received Import Request.
  Time since last request: 12.757208 seconds.
  path: Assets/Prefab/Enemies/Boss/Astrael, The Null Sovereign/ArenaGuardian.prefab
  artifactKey: Guid(2892d2bd29232714fbebb07b43cbd306) Importer(815301076,1909f56bfc062723c751e8b465ee728b)
Start importing Assets/Prefab/Enemies/Boss/Astrael, The Null Sovereign/ArenaGuardian.prefab using Guid(2892d2bd29232714fbebb07b43cbd306) Importer(815301076,1909f56bfc062723c751e8b465ee728b) (PreviewImporter) -> (artifact id: 'a178f03397775f4226426ad49a13f981') in 0.020653 seconds
Number of updated asset objects reloaded before import = 0Number of asset objects unloaded after import = 9

========================================================================
Received Import Request.
  Time since last request: 7.587680 seconds.
  path: Assets/Prefab/Enemies/Boss/Astrael, The Null Sovereign/ArenaGuardian.prefab
  artifactKey: Guid(2892d2bd29232714fbebb07b43cbd306) Importer(815301076,1909f56bfc062723c751e8b465ee728b)
Start importing Assets/Prefab/Enemies/Boss/Astrael, The Null Sovereign/ArenaGuardian.prefab using Guid(2892d2bd29232714fbebb07b43cbd306) Importer(815301076,1909f56bfc062723c751e8b465ee728b) (PreviewImporter) -> (artifact id: '0d6bd7d995857bcf27a074bc292d2cc8') in 0.0251227 seconds
Number of updated asset objects reloaded before import = 0Number of asset objects unloaded after import = 9

========================================================================
Received Import Request.
  Time since last request: 8.852388 seconds.
  path: Assets/Prefab/Enemies/Boss/Astrael, The Null Sovereign/ArenaGuardian.prefab
  artifactKey: Guid(2892d2bd29232714fbebb07b43cbd306) Importer(815301076,1909f56bfc062723c751e8b465ee728b)
Start importing Assets/Prefab/Enemies/Boss/Astrael, The Null Sovereign/ArenaGuardian.prefab using Guid(2892d2bd29232714fbebb07b43cbd306) Importer(815301076,1909f56bfc062723c751e8b465ee728b) (PreviewImporter) -> (artifact id: 'a3b64746c0b61e3b3830f34026360eee') in 0.0230639 seconds
Number of updated asset objects reloaded before import = 0Number of asset objects unloaded after import = 9

========================================================================
Received Prepare
Refreshing native plugins compatible for Editor in 1.71 ms, found 4 plugins.
Preloading 0 native plugins for Editor in 0.00 ms.
Unloading 13 Unused Serialized files (Serialized files now loaded: 0)
Unloading 6773 unused Assets / (4.4 MB). Loaded Objects now: 7695.
Memory consumption went from 163.3 MB to 158.9 MB.
Total: 10.216300 ms (FindLiveObjects: 0.734300 ms CreateObjectMapping: 0.696900 ms MarkObjects: 5.757400 ms  DeleteObjects: 3.026700 ms)

Prepare: number of updated asset objects reloaded= 0
========================================================================
Received Import Request.
  Time since last request: 23.357479 seconds.
  path: Assets/Scripts/Enemies/Boss/Astrael, The Null Sovereign/ArenaController.cs
  artifactKey: Guid(69db7995952f62345977d4c6c107d742) Importer(815301076,1909f56bfc062723c751e8b465ee728b)
Start importing Assets/Scripts/Enemies/Boss/Astrael, The Null Sovereign/ArenaController.cs using Guid(69db7995952f62345977d4c6c107d742) Importer(815301076,1909f56bfc062723c751e8b465ee728b) (PreviewImporter) -> (artifact id: '3515266bb4921d932877cd69f8be035c') in 0.0048666 seconds
Number of updated asset objects reloaded before import = 0Number of asset objects unloaded after import = 0

========================================================================
Received Prepare
Begin MonoManager ReloadAssembly
- Loaded All Assemblies, in  0.773 seconds
Refreshing native plugins compatible for Editor in 2.25 ms, found 4 plugins.
Native extension for Android target not found
Native extension for WindowsStandalone target not found
Mono: successfully reloaded assembly
- Finished resetting the current domain, in  0.871 seconds
Domain Reload Profiling: 1644ms
	BeginReloadAssembly (256ms)
		ExecutionOrderSort (0ms)
		DisableScriptedObjects (32ms)
		BackupInstance (0ms)
		ReleaseScriptingObjects (0ms)
		CreateAndSetChildDomain (71ms)
	RebuildCommonClasses (39ms)
	RebuildNativeTypeToScriptingClass (11ms)
	initialDomainReloadingComplete (27ms)
	LoadAllAssembliesAndSetupDomain (439ms)
		LoadAssemblies (340ms)
		RebuildTransferFunctionScriptingTraits (0ms)
		AnalyzeDomain (201ms)
			TypeCache.Refresh (10ms)
				TypeCache.ScanAssembly (1ms)
			BuildScriptInfoCaches (169ms)
			ResolveRequiredComponents (16ms)
	FinalizeReload (872ms)
		ReleaseScriptCaches (0ms)
		RebuildScriptCaches (0ms)
		SetupLoadedEditorAssemblies (645ms)
			LogAssemblyErrors (0ms)
			InitializePlatformSupportModulesInManaged (13ms)
			SetLoadedEditorAssemblies (6ms)
			BeforeProcessingInitializeOnLoad (141ms)
			ProcessInitializeOnLoadAttributes (408ms)
			ProcessInitializeOnLoadMethodAttributes (71ms)
			AfterProcessingInitializeOnLoad (5ms)
			EditorAssembliesLoaded (0ms)
		ExecutionOrderSort2 (0ms)
		AwakeInstancesAfterBackupRestoration (15ms)
Refreshing native plugins compatible for Editor in 2.13 ms, found 4 plugins.
Preloading 0 native plugins for Editor in 0.00 ms.
Unloading 13 Unused Serialized files (Serialized files now loaded: 0)
Unloading 6784 unused Assets / (3.5 MB). Loaded Objects now: 7596.
Memory consumption went from 159.7 MB to 156.1 MB.
Total: 10.848400 ms (FindLiveObjects: 0.896700 ms CreateObjectMapping: 1.568000 ms MarkObjects: 5.844000 ms  DeleteObjects: 2.538700 ms)

Prepare: number of updated asset objects reloaded= 0
========================================================================
Received Prepare
Begin MonoManager ReloadAssembly
- Loaded All Assemblies, in  0.759 seconds
Refreshing native plugins compatible for Editor in 2.07 ms, found 4 plugins.
Native extension for Android target not found
Native extension for WindowsStandalone target not found
Mono: successfully reloaded assembly
- Finished resetting the current domain, in  0.706 seconds
Domain Reload Profiling: 1464ms
	BeginReloadAssembly (226ms)
		ExecutionOrderSort (0ms)
		DisableScriptedObjects (17ms)
		BackupInstance (0ms)
		ReleaseScriptingObjects (0ms)
		CreateAndSetChildDomain (68ms)
	RebuildCommonClasses (45ms)
	RebuildNativeTypeToScriptingClass (15ms)
	initialDomainReloadingComplete (33ms)
	LoadAllAssembliesAndSetupDomain (438ms)
		LoadAssemblies (346ms)
		RebuildTransferFunctionScriptingTraits (0ms)
		AnalyzeDomain (182ms)
			TypeCache.Refresh (11ms)
				TypeCache.ScanAssembly (1ms)
			BuildScriptInfoCaches (153ms)
			ResolveRequiredComponents (13ms)
	FinalizeReload (706ms)
		ReleaseScriptCaches (0ms)
		RebuildScriptCaches (0ms)
		SetupLoadedEditorAssemblies (486ms)
			LogAssemblyErrors (0ms)
			InitializePlatformSupportModulesInManaged (12ms)
			SetLoadedEditorAssemblies (7ms)
			BeforeProcessingInitializeOnLoad (106ms)
			ProcessInitializeOnLoadAttributes (305ms)
			ProcessInitializeOnLoadMethodAttributes (51ms)
			AfterProcessingInitializeOnLoad (5ms)
			EditorAssembliesLoaded (0ms)
		ExecutionOrderSort2 (0ms)
		AwakeInstancesAfterBackupRestoration (11ms)
Refreshing native plugins compatible for Editor in 1.51 ms, found 4 plugins.
Preloading 0 native plugins for Editor in 0.00 ms.
Unloading 13 Unused Serialized files (Serialized files now loaded: 0)
Unloading 6784 unused Assets / (4.4 MB). Loaded Objects now: 7599.
Memory consumption went from 159.5 MB to 155.2 MB.
Total: 6.879900 ms (FindLiveObjects: 0.610000 ms CreateObjectMapping: 0.555500 ms MarkObjects: 3.657200 ms  DeleteObjects: 2.056400 ms)

Prepare: number of updated asset objects reloaded= 0
========================================================================
Received Import Request.
  Time since last request: 27.418205 seconds.
  path: Assets/Scripts/Enemies/Boss/Astrael, The Null Sovereign/ArenaController.cs
  artifactKey: Guid(69db7995952f62345977d4c6c107d742) Importer(815301076,1909f56bfc062723c751e8b465ee728b)
Start importing Assets/Scripts/Enemies/Boss/Astrael, The Null Sovereign/ArenaController.cs using Guid(69db7995952f62345977d4c6c107d742) Importer(815301076,1909f56bfc062723c751e8b465ee728b) (PreviewImporter) -> (artifact id: '12eec6be224e0459fffb22d4bb30078f') in 0.0103936 seconds
Number of updated asset objects reloaded before import = 0Number of asset objects unloaded after import = 0

========================================================================
Received Prepare
Refreshing native plugins compatible for Editor in 1.65 ms, found 4 plugins.
Preloading 0 native plugins for Editor in 0.00 ms.
Unloading 13 Unused Serialized files (Serialized files now loaded: 0)
Unloading 6773 unused Assets / (4.5 MB). Loaded Objects now: 7599.
Memory consumption went from 159.7 MB to 155.2 MB.
Total: 8.932200 ms (FindLiveObjects: 0.739000 ms CreateObjectMapping: 0.749100 ms MarkObjects: 4.862700 ms  DeleteObjects: 2.580000 ms)

Prepare: number of updated asset objects reloaded= 0
========================================================================
Received Prepare
Refreshing native plugins compatible for Editor in 1.52 ms, found 4 plugins.
Preloading 0 native plugins for Editor in 0.00 ms.
Unloading 13 Unused Serialized files (Serialized files now loaded: 0)
Unloading 6774 unused Assets / (4.4 MB). Loaded Objects now: 7600.
Memory consumption went from 159.7 MB to 155.3 MB.
Total: 7.027400 ms (FindLiveObjects: 0.587600 ms CreateObjectMapping: 0.545800 ms MarkObjects: 3.707300 ms  DeleteObjects: 2.185700 ms)

Prepare: number of updated asset objects reloaded= 0
========================================================================
Received Import Request.
  Time since last request: 190.870798 seconds.
  path: Assets/Scripts/Enemies/Boss/Astrael, The Null Sovereign/ArenaGuardian.cs
  artifactKey: Guid(a84a315bbb0dbd34eb9f436efd8ef408) Importer(815301076,1909f56bfc062723c751e8b465ee728b)
Start importing Assets/Scripts/Enemies/Boss/Astrael, The Null Sovereign/ArenaGuardian.cs using Guid(a84a315bbb0dbd34eb9f436efd8ef408) Importer(815301076,1909f56bfc062723c751e8b465ee728b) (PreviewImporter) -> (artifact id: '9262ede35a9b7a06265f717551477f23') in 0.0121313 seconds
Number of updated asset objects reloaded before import = 0Number of asset objects unloaded after import = 0

========================================================================
Received Prepare
Begin MonoManager ReloadAssembly
- Loaded All Assemblies, in  0.784 seconds
Refreshing native plugins compatible for Editor in 1.40 ms, found 4 plugins.
Native extension for Android target not found
Native extension for WindowsStandalone target not found
Mono: successfully reloaded assembly
- Finished resetting the current domain, in  0.905 seconds
Domain Reload Profiling: 1687ms
	BeginReloadAssembly (215ms)
		ExecutionOrderSort (0ms)
		DisableScriptedObjects (14ms)
		BackupInstance (0ms)
		ReleaseScriptingObjects (0ms)
		CreateAndSetChildDomain (62ms)
	RebuildCommonClasses (43ms)
	RebuildNativeTypeToScriptingClass (11ms)
	initialDomainReloadingComplete (29ms)
	LoadAllAssembliesAndSetupDomain (484ms)
		LoadAssemblies (351ms)
		RebuildTransferFunctionScriptingTraits (0ms)
		AnalyzeDomain (228ms)
			TypeCache.Refresh (11ms)
				TypeCache.ScanAssembly (1ms)
			BuildScriptInfoCaches (201ms)
			ResolveRequiredComponents (11ms)
	FinalizeReload (906ms)
		ReleaseScriptCaches (0ms)
		RebuildScriptCaches (0ms)
		SetupLoadedEditorAssemblies (662ms)
			LogAssemblyErrors (0ms)
			InitializePlatformSupportModulesInManaged (13ms)
			SetLoadedEditorAssemblies (8ms)
			BeforeProcessingInitializeOnLoad (179ms)
			ProcessInitializeOnLoadAttributes (387ms)
			ProcessInitializeOnLoadMethodAttributes (67ms)
			AfterProcessingInitializeOnLoad (8ms)
			EditorAssembliesLoaded (0ms)
		ExecutionOrderSort2 (0ms)
		AwakeInstancesAfterBackupRestoration (18ms)
Refreshing native plugins compatible for Editor in 2.05 ms, found 4 plugins.
Preloading 0 native plugins for Editor in 0.00 ms.
Unloading 13 Unused Serialized files (Serialized files now loaded: 0)
Unloading 6785 unused Assets / (3.4 MB). Loaded Objects now: 7603.
Memory consumption went from 159.5 MB to 156.1 MB.
Total: 7.053700 ms (FindLiveObjects: 0.663900 ms CreateObjectMapping: 0.545300 ms MarkObjects: 3.924900 ms  DeleteObjects: 1.918800 ms)

Prepare: number of updated asset objects reloaded= 0
========================================================================
Received Prepare
Begin MonoManager ReloadAssembly
- Loaded All Assemblies, in  0.748 seconds
Refreshing native plugins compatible for Editor in 2.19 ms, found 4 plugins.
Native extension for Android target not found
Native extension for WindowsStandalone target not found
Mono: successfully reloaded assembly
- Finished resetting the current domain, in  0.763 seconds
Domain Reload Profiling: 1510ms
	BeginReloadAssembly (209ms)
		ExecutionOrderSort (0ms)
		DisableScriptedObjects (11ms)
		BackupInstance (0ms)
		ReleaseScriptingObjects (0ms)
		CreateAndSetChildDomain (58ms)
	RebuildCommonClasses (39ms)
	RebuildNativeTypeToScriptingClass (16ms)
	initialDomainReloadingComplete (32ms)
	LoadAllAssembliesAndSetupDomain (450ms)
		LoadAssemblies (336ms)
		RebuildTransferFunctionScriptingTraits (0ms)
		AnalyzeDomain (215ms)
			TypeCache.Refresh (13ms)
				TypeCache.ScanAssembly (1ms)
			BuildScriptInfoCaches (189ms)
			ResolveRequiredComponents (9ms)
	FinalizeReload (764ms)
		ReleaseScriptCaches (0ms)
		RebuildScriptCaches (0ms)
		SetupLoadedEditorAssemblies (527ms)
			LogAssemblyErrors (0ms)
			InitializePlatformSupportModulesInManaged (11ms)
			SetLoadedEditorAssemblies (4ms)
			BeforeProcessingInitializeOnLoad (108ms)
			ProcessInitializeOnLoadAttributes (346ms)
			ProcessInitializeOnLoadMethodAttributes (53ms)
			AfterProcessingInitializeOnLoad (5ms)
			EditorAssembliesLoaded (0ms)
		ExecutionOrderSort2 (0ms)
		AwakeInstancesAfterBackupRestoration (9ms)
Refreshing native plugins compatible for Editor in 1.79 ms, found 4 plugins.
Preloading 0 native plugins for Editor in 0.00 ms.
Unloading 13 Unused Serialized files (Serialized files now loaded: 0)
Unloading 6785 unused Assets / (4.4 MB). Loaded Objects now: 7606.
Memory consumption went from 159.5 MB to 155.1 MB.
Total: 10.248400 ms (FindLiveObjects: 0.778900 ms CreateObjectMapping: 1.121700 ms MarkObjects: 4.811700 ms  DeleteObjects: 3.535200 ms)

Prepare: number of updated asset objects reloaded= 0
========================================================================
Received Import Request.
  Time since last request: 231.005410 seconds.
  path: Assets/Prefab/Enemies/Boss/Astrael, The Null Sovereign/AstraelBoss.prefab
  artifactKey: Guid(3b281540194403f46a1c0e3de6069786) Importer(815301076,1909f56bfc062723c751e8b465ee728b)
Start importing Assets/Prefab/Enemies/Boss/Astrael, The Null Sovereign/AstraelBoss.prefab using Guid(3b281540194403f46a1c0e3de6069786) Importer(815301076,1909f56bfc062723c751e8b465ee728b) (PreviewImporter) -> (artifact id: 'e1ae834f85fd460ef749ed24b0b85a67') in 0.5053848 seconds
Number of updated asset objects reloaded before import = 0Number of asset objects unloaded after import = 101

========================================================================
Received Import Request.
  Time since last request: 9.124520 seconds.
  path: Assets/Prefab/Enemies/Boss/Astrael, The Null Sovereign/DynamicBossArena.prefab
  artifactKey: Guid(a7e83a8c53ddaee4e83f083dfd2414c0) Importer(815301076,1909f56bfc062723c751e8b465ee728b)
Start importing Assets/Prefab/Enemies/Boss/Astrael, The Null Sovereign/DynamicBossArena.prefab using Guid(a7e83a8c53ddaee4e83f083dfd2414c0) Importer(815301076,1909f56bfc062723c751e8b465ee728b) (PreviewImporter) -> (artifact id: 'a1d787f41a5218afc317fa42582938e9') in 0.0039684 seconds
Number of updated asset objects reloaded before import = 0Number of asset objects unloaded after import = 13

========================================================================
Received Import Request.
  Time since last request: 5.558248 seconds.
  path: Assets/Prefab/Enemies/Boss/Astrael, The Null Sovereign/AstraelBoss.prefab
  artifactKey: Guid(3b281540194403f46a1c0e3de6069786) Importer(815301076,1909f56bfc062723c751e8b465ee728b)
Start importing Assets/Prefab/Enemies/Boss/Astrael, The Null Sovereign/AstraelBoss.prefab using Guid(3b281540194403f46a1c0e3de6069786) Importer(815301076,1909f56bfc062723c751e8b465ee728b) (PreviewImporter) -> (artifact id: '493952086917faea993c026c1d51d60f') in 0.0695127 seconds
Number of updated asset objects reloaded before import = 0Number of asset objects unloaded after import = 111

========================================================================
Received Import Request.
  Time since last request: 9.373690 seconds.
  path: Assets/Prefab/Enemies/Boss/Astrael, The Null Sovereign/AstraelBoss.prefab
  artifactKey: Guid(3b281540194403f46a1c0e3de6069786) Importer(815301076,1909f56bfc062723c751e8b465ee728b)
Start importing Assets/Prefab/Enemies/Boss/Astrael, The Null Sovereign/AstraelBoss.prefab using Guid(3b281540194403f46a1c0e3de6069786) Importer(815301076,1909f56bfc062723c751e8b465ee728b) (PreviewImporter) -> (artifact id: '6e1d03d0e28fe09d884308419354c874') in 0.0790764 seconds
Number of updated asset objects reloaded before import = 0Number of asset objects unloaded after import = 118

========================================================================
Received Import Request.
  Time since last request: 6.875337 seconds.
  path: Assets/Prefab/Enemies/Boss/Astrael, The Null Sovereign/AstraelBoss.prefab
  artifactKey: Guid(3b281540194403f46a1c0e3de6069786) Importer(815301076,1909f56bfc062723c751e8b465ee728b)
Start importing Assets/Prefab/Enemies/Boss/Astrael, The Null Sovereign/AstraelBoss.prefab using Guid(3b281540194403f46a1c0e3de6069786) Importer(815301076,1909f56bfc062723c751e8b465ee728b) (PreviewImporter) -> (artifact id: 'de704542347d5560ef0bbd1ee8e52c0a') in 0.0586913 seconds
Number of updated asset objects reloaded before import = 0Number of asset objects unloaded after import = 118

========================================================================
Received Import Request.
  Time since last request: 4.943450 seconds.
  path: Assets/Prefab/Enemies/Boss/Astrael, The Null Sovereign/AstraelBoss.prefab
  artifactKey: Guid(3b281540194403f46a1c0e3de6069786) Importer(815301076,1909f56bfc062723c751e8b465ee728b)
Start importing Assets/Prefab/Enemies/Boss/Astrael, The Null Sovereign/AstraelBoss.prefab using Guid(3b281540194403f46a1c0e3de6069786) Importer(815301076,1909f56bfc062723c751e8b465ee728b) (PreviewImporter) -> (artifact id: '714feac562f1c36f83817dc981d01863') in 0.0691075 seconds
Number of updated asset objects reloaded before import = 0Number of asset objects unloaded after import = 118

========================================================================
Received Import Request.
  Time since last request: 28.153834 seconds.
  path: Assets/Sprites/Canvas/Card/Glow.png
  artifactKey: Guid(6add0ae607a4c20439eb1e55b97aa6d1) Importer(815301076,1909f56bfc062723c751e8b465ee728b)
Start importing Assets/Sprites/Canvas/Card/Glow.png using Guid(6add0ae607a4c20439eb1e55b97aa6d1) Importer(815301076,1909f56bfc062723c751e8b465ee728b) (PreviewImporter) -> (artifact id: 'c11651cfb1f623c29f83dca1f0f2b6bc') in 0.0589395 seconds
Number of updated asset objects reloaded before import = 0Number of asset objects unloaded after import = 3

========================================================================
Received Import Request.
  Time since last request: 8.368888 seconds.
  path: Assets/Prefab/Enemies/Boss/Astrael, The Null Sovereign/AstraelBoss.prefab
  artifactKey: Guid(3b281540194403f46a1c0e3de6069786) Importer(815301076,1909f56bfc062723c751e8b465ee728b)
Start importing Assets/Prefab/Enemies/Boss/Astrael, The Null Sovereign/AstraelBoss.prefab using Guid(3b281540194403f46a1c0e3de6069786) Importer(815301076,1909f56bfc062723c751e8b465ee728b) (PreviewImporter) -> (artifact id: 'e720706259b8c26924290d2a79ffe7c8') in 0.0868005 seconds
Number of updated asset objects reloaded before import = 0Number of asset objects unloaded after import = 118

========================================================================
Received Import Request.
  Time since last request: 10.743837 seconds.
  path: Assets/Prefab/Enemies/Boss/Astrael, The Null Sovereign/AstraelBoss.prefab
  artifactKey: Guid(3b281540194403f46a1c0e3de6069786) Importer(815301076,1909f56bfc062723c751e8b465ee728b)
Start importing Assets/Prefab/Enemies/Boss/Astrael, The Null Sovereign/AstraelBoss.prefab using Guid(3b281540194403f46a1c0e3de6069786) Importer(815301076,1909f56bfc062723c751e8b465ee728b) (PreviewImporter) -> (artifact id: 'fd9b915b180194706562331fcb1c5951') in 0.1049855 seconds
Number of updated asset objects reloaded before import = 0Number of asset objects unloaded after import = 118

========================================================================
Received Prepare
Refreshing native plugins compatible for Editor in 1.47 ms, found 4 plugins.
Preloading 0 native plugins for Editor in 0.00 ms.
Unloading 13 Unused Serialized files (Serialized files now loaded: 0)
Unloading 6774 unused Assets / (4.6 MB). Loaded Objects now: 7731.
Memory consumption went from 164.9 MB to 160.3 MB.
Total: 9.119500 ms (FindLiveObjects: 0.705400 ms CreateObjectMapping: 0.593700 ms MarkObjects: 5.346800 ms  DeleteObjects: 2.472800 ms)

Prepare: number of updated asset objects reloaded= 0
========================================================================
Received Prepare
Begin MonoManager ReloadAssembly
- Loaded All Assemblies, in  0.671 seconds
Refreshing native plugins compatible for Editor in 1.36 ms, found 4 plugins.
Native extension for Android target not found
Native extension for WindowsStandalone target not found
Mono: successfully reloaded assembly
- Finished resetting the current domain, in  0.683 seconds
Domain Reload Profiling: 1352ms
	BeginReloadAssembly (205ms)
		ExecutionOrderSort (0ms)
		DisableScriptedObjects (21ms)
		BackupInstance (0ms)
		ReleaseScriptingObjects (0ms)
		CreateAndSetChildDomain (58ms)
	RebuildCommonClasses (33ms)
	RebuildNativeTypeToScriptingClass (12ms)
	initialDomainReloadingComplete (28ms)
	LoadAllAssembliesAndSetupDomain (391ms)
		LoadAssemblies (299ms)
		RebuildTransferFunctionScriptingTraits (0ms)
		AnalyzeDomain (177ms)
			TypeCache.Refresh (9ms)
				TypeCache.ScanAssembly (1ms)
			BuildScriptInfoCaches (154ms)
			ResolveRequiredComponents (10ms)
	FinalizeReload (683ms)
		ReleaseScriptCaches (0ms)
		RebuildScriptCaches (0ms)
		SetupLoadedEditorAssemblies (501ms)
			LogAssemblyErrors (0ms)
			InitializePlatformSupportModulesInManaged (9ms)
			SetLoadedEditorAssemblies (5ms)
			BeforeProcessingInitializeOnLoad (113ms)
			ProcessInitializeOnLoadAttributes (308ms)
			ProcessInitializeOnLoadMethodAttributes (60ms)
			AfterProcessingInitializeOnLoad (5ms)
			EditorAssembliesLoaded (0ms)
		ExecutionOrderSort2 (0ms)
		AwakeInstancesAfterBackupRestoration (12ms)
Refreshing native plugins compatible for Editor in 1.45 ms, found 4 plugins.
Preloading 0 native plugins for Editor in 0.00 ms.
Unloading 13 Unused Serialized files (Serialized files now loaded: 0)
Unloading 6785 unused Assets / (4.3 MB). Loaded Objects now: 7632.
Memory consumption went from 161.3 MB to 156.9 MB.
Total: 7.006800 ms (FindLiveObjects: 0.646600 ms CreateObjectMapping: 0.531400 ms MarkObjects: 3.774500 ms  DeleteObjects: 2.053600 ms)

Prepare: number of updated asset objects reloaded= 0
========================================================================
Received Import Request.
  Time since last request: 46.049345 seconds.
  path: Assets/Prefab/Enemies/Boss/Astrael, The Null Sovereign/AstraelBoss.prefab
  artifactKey: Guid(3b281540194403f46a1c0e3de6069786) Importer(815301076,1909f56bfc062723c751e8b465ee728b)
Start importing Assets/Prefab/Enemies/Boss/Astrael, The Null Sovereign/AstraelBoss.prefab using Guid(3b281540194403f46a1c0e3de6069786) Importer(815301076,1909f56bfc062723c751e8b465ee728b) (PreviewImporter) -> (artifact id: '85187bb8db9ebc037bd535617b569818') in 0.4745072 seconds
Number of updated asset objects reloaded before import = 0Number of asset objects unloaded after import = 118

========================================================================
Received Prepare
Begin MonoManager ReloadAssembly
- Loaded All Assemblies, in  0.765 seconds
Refreshing native plugins compatible for Editor in 2.17 ms, found 4 plugins.
Native extension for Android target not found
Native extension for WindowsStandalone target not found
Mono: successfully reloaded assembly
- Finished resetting the current domain, in  0.825 seconds
Domain Reload Profiling: 1588ms
	BeginReloadAssembly (208ms)
		ExecutionOrderSort (0ms)
		DisableScriptedObjects (26ms)
		BackupInstance (0ms)
		ReleaseScriptingObjects (0ms)
		CreateAndSetChildDomain (49ms)
	RebuildCommonClasses (27ms)
	RebuildNativeTypeToScriptingClass (10ms)
	initialDomainReloadingComplete (29ms)
	LoadAllAssembliesAndSetupDomain (488ms)
		LoadAssemblies (365ms)
		RebuildTransferFunctionScriptingTraits (0ms)
		AnalyzeDomain (214ms)
			TypeCache.Refresh (9ms)
				TypeCache.ScanAssembly (1ms)
			BuildScriptInfoCaches (185ms)
			ResolveRequiredComponents (14ms)
	FinalizeReload (825ms)
		ReleaseScriptCaches (0ms)
		RebuildScriptCaches (0ms)
		SetupLoadedEditorAssemblies (586ms)
			LogAssemblyErrors (0ms)
			InitializePlatformSupportModulesInManaged (10ms)
			SetLoadedEditorAssemblies (6ms)
			BeforeProcessingInitializeOnLoad (128ms)
			ProcessInitializeOnLoadAttributes (366ms)
			ProcessInitializeOnLoadMethodAttributes (69ms)
			AfterProcessingInitializeOnLoad (7ms)
			EditorAssembliesLoaded (0ms)
		ExecutionOrderSort2 (0ms)
		AwakeInstancesAfterBackupRestoration (17ms)
Refreshing native plugins compatible for Editor in 1.66 ms, found 4 plugins.
Preloading 0 native plugins for Editor in 0.00 ms.
Unloading 13 Unused Serialized files (Serialized files now loaded: 0)
Unloading 6785 unused Assets / (3.9 MB). Loaded Objects now: 7657.
Memory consumption went from 162.8 MB to 158.9 MB.
Total: 8.444000 ms (FindLiveObjects: 0.676500 ms CreateObjectMapping: 0.659200 ms MarkObjects: 4.446800 ms  DeleteObjects: 2.660600 ms)

Prepare: number of updated asset objects reloaded= 0
========================================================================
Received Import Request.
  Time since last request: 57.532450 seconds.
  path: Assets/Scripts/Enemies/EnemySpawner.cs
  artifactKey: Guid(e4087c048b418dc4ea9d3fb64be4a3d7) Importer(815301076,1909f56bfc062723c751e8b465ee728b)
Start importing Assets/Scripts/Enemies/EnemySpawner.cs using Guid(e4087c048b418dc4ea9d3fb64be4a3d7) Importer(815301076,1909f56bfc062723c751e8b465ee728b) (PreviewImporter) -> (artifact id: '12fee8e7f22f6f86536420901ec46426') in 0.0059239 seconds
Number of updated asset objects reloaded before import = 0Number of asset objects unloaded after import = 0

========================================================================
Received Prepare
Begin MonoManager ReloadAssembly
- Loaded All Assemblies, in  0.655 seconds
Refreshing native plugins compatible for Editor in 1.45 ms, found 4 plugins.
Native extension for Android target not found
Native extension for WindowsStandalone target not found
Mono: successfully reloaded assembly
- Finished resetting the current domain, in  0.656 seconds
Domain Reload Profiling: 1310ms
	BeginReloadAssembly (173ms)
		ExecutionOrderSort (0ms)
		DisableScriptedObjects (16ms)
		BackupInstance (0ms)
		ReleaseScriptingObjects (0ms)
		CreateAndSetChildDomain (36ms)
	RebuildCommonClasses (32ms)
	RebuildNativeTypeToScriptingClass (11ms)
	initialDomainReloadingComplete (27ms)
	LoadAllAssembliesAndSetupDomain (412ms)
		LoadAssemblies (309ms)
		RebuildTransferFunctionScriptingTraits (0ms)
		AnalyzeDomain (185ms)
			TypeCache.Refresh (9ms)
				TypeCache.ScanAssembly (1ms)
			BuildScriptInfoCaches (162ms)
			ResolveRequiredComponents (10ms)
	FinalizeReload (656ms)
		ReleaseScriptCaches (0ms)
		RebuildScriptCaches (0ms)
		SetupLoadedEditorAssemblies (479ms)
			LogAssemblyErrors (0ms)
			InitializePlatformSupportModulesInManaged (9ms)
			SetLoadedEditorAssemblies (5ms)
			BeforeProcessingInitializeOnLoad (100ms)
			ProcessInitializeOnLoadAttributes (304ms)
			ProcessInitializeOnLoadMethodAttributes (56ms)
			AfterProcessingInitializeOnLoad (5ms)
			EditorAssembliesLoaded (0ms)
		ExecutionOrderSort2 (0ms)
		AwakeInstancesAfterBackupRestoration (12ms)
Refreshing native plugins compatible for Editor in 1.49 ms, found 4 plugins.
Preloading 0 native plugins for Editor in 0.00 ms.
Unloading 13 Unused Serialized files (Serialized files now loaded: 0)
Unloading 6785 unused Assets / (4.2 MB). Loaded Objects now: 7660.
Memory consumption went from 162.7 MB to 158.4 MB.
Total: 6.728200 ms (FindLiveObjects: 0.612700 ms CreateObjectMapping: 0.570800 ms MarkObjects: 3.575000 ms  DeleteObjects: 1.968500 ms)

Prepare: number of updated asset objects reloaded= 0
========================================================================
Received Import Request.
  Time since last request: 29.403381 seconds.
  path: Assets/Scripts/Enemies/EnemySpawner.cs
  artifactKey: Guid(e4087c048b418dc4ea9d3fb64be4a3d7) Importer(815301076,1909f56bfc062723c751e8b465ee728b)
Start importing Assets/Scripts/Enemies/EnemySpawner.cs using Guid(e4087c048b418dc4ea9d3fb64be4a3d7) Importer(815301076,1909f56bfc062723c751e8b465ee728b) (PreviewImporter) -> (artifact id: 'eb61c2086b17ff5722aa591d7397a838') in 0.0041821 seconds
Number of updated asset objects reloaded before import = 0Number of asset objects unloaded after import = 0

========================================================================
Received Prepare
Begin MonoManager ReloadAssembly
- Loaded All Assemblies, in  0.707 seconds
Refreshing native plugins compatible for Editor in 2.45 ms, found 4 plugins.
Native extension for Android target not found
Native extension for WindowsStandalone target not found
Mono: successfully reloaded assembly
- Finished resetting the current domain, in  0.653 seconds
Domain Reload Profiling: 1361ms
	BeginReloadAssembly (177ms)
		ExecutionOrderSort (0ms)
		DisableScriptedObjects (11ms)
		BackupInstance (0ms)
		ReleaseScriptingObjects (0ms)
		CreateAndSetChildDomain (42ms)
	RebuildCommonClasses (37ms)
	RebuildNativeTypeToScriptingClass (10ms)
	initialDomainReloadingComplete (24ms)
	LoadAllAssembliesAndSetupDomain (460ms)
		LoadAssemblies (365ms)
		RebuildTransferFunctionScriptingTraits (0ms)
		AnalyzeDomain (178ms)
			TypeCache.Refresh (10ms)
				TypeCache.ScanAssembly (1ms)
			BuildScriptInfoCaches (154ms)
			ResolveRequiredComponents (10ms)
	FinalizeReload (654ms)
		ReleaseScriptCaches (0ms)
		RebuildScriptCaches (0ms)
		SetupLoadedEditorAssemblies (477ms)
			LogAssemblyErrors (0ms)
			InitializePlatformSupportModulesInManaged (10ms)
			SetLoadedEditorAssemblies (6ms)
			BeforeProcessingInitializeOnLoad (105ms)
			ProcessInitializeOnLoadAttributes (297ms)
			ProcessInitializeOnLoadMethodAttributes (54ms)
			AfterProcessingInitializeOnLoad (6ms)
			EditorAssembliesLoaded (0ms)
		ExecutionOrderSort2 (0ms)
		AwakeInstancesAfterBackupRestoration (11ms)
Refreshing native plugins compatible for Editor in 1.46 ms, found 4 plugins.
Preloading 0 native plugins for Editor in 0.00 ms.
Unloading 13 Unused Serialized files (Serialized files now loaded: 0)
Unloading 6785 unused Assets / (4.3 MB). Loaded Objects now: 7663.
Memory consumption went from 162.7 MB to 158.4 MB.
Total: 7.126900 ms (FindLiveObjects: 0.626700 ms CreateObjectMapping: 0.561700 ms MarkObjects: 3.854900 ms  DeleteObjects: 2.082500 ms)

Prepare: number of updated asset objects reloaded= 0
========================================================================
Received Import Request.
  Time since last request: 175.557723 seconds.
  path: Assets/Prefab/Enemies/Boss/Astrael, The Null Sovereign/AstraelBoss.prefab
  artifactKey: Guid(3b281540194403f46a1c0e3de6069786) Importer(815301076,1909f56bfc062723c751e8b465ee728b)
Start importing Assets/Prefab/Enemies/Boss/Astrael, The Null Sovereign/AstraelBoss.prefab using Guid(3b281540194403f46a1c0e3de6069786) Importer(815301076,1909f56bfc062723c751e8b465ee728b) (PreviewImporter) -> (artifact id: 'da449626e96a05e56fef5ecbe6fdee54') in 0.4633175 seconds
Number of updated asset objects reloaded before import = 0Number of asset objects unloaded after import = 118

========================================================================
Received Prepare
Refreshing native plugins compatible for Editor in 2.11 ms, found 4 plugins.
Preloading 0 native plugins for Editor in 0.00 ms.
Unloading 13 Unused Serialized files (Serialized files now loaded: 0)
Unloading 6774 unused Assets / (3.6 MB). Loaded Objects now: 7787.
Memory consumption went from 168.0 MB to 164.4 MB.
Total: 8.501800 ms (FindLiveObjects: 0.629000 ms CreateObjectMapping: 0.563600 ms MarkObjects: 5.345900 ms  DeleteObjects: 1.962400 ms)

Prepare: number of updated asset objects reloaded= 0
========================================================================
Received Import Request.
  Time since last request: 100.111003 seconds.
  path: Assets/Prefab/Enemies/Boss/Astrael, The Null Sovereign/AstraelBoss.prefab
  artifactKey: Guid(3b281540194403f46a1c0e3de6069786) Importer(815301076,1909f56bfc062723c751e8b465ee728b)
Start importing Assets/Prefab/Enemies/Boss/Astrael, The Null Sovereign/AstraelBoss.prefab using Guid(3b281540194403f46a1c0e3de6069786) Importer(815301076,1909f56bfc062723c751e8b465ee728b) (PreviewImporter) -> (artifact id: '92ddf2e89f65de460de4da27b99187a3') in 0.073112 seconds
Number of updated asset objects reloaded before import = 0Number of asset objects unloaded after import = 118

========================================================================
Received Prepare
Refreshing native plugins compatible for Editor in 1.61 ms, found 4 plugins.
Preloading 0 native plugins for Editor in 0.00 ms.
Unloading 13 Unused Serialized files (Serialized files now loaded: 0)
Unloading 6774 unused Assets / (4.4 MB). Loaded Objects now: 7787.
Memory consumption went from 168.0 MB to 163.6 MB.
Total: 8.880100 ms (FindLiveObjects: 0.621900 ms CreateObjectMapping: 0.623600 ms MarkObjects: 5.351700 ms  DeleteObjects: 2.282100 ms)

Prepare: number of updated asset objects reloaded= 0
========================================================================
Received Import Request.
  Time since last request: 9.255302 seconds.
  path: Assets/Prefab/Enemies/Boss/Astrael, The Null Sovereign/AstraelBoss.prefab
  artifactKey: Guid(3b281540194403f46a1c0e3de6069786) Importer(815301076,1909f56bfc062723c751e8b465ee728b)
Start importing Assets/Prefab/Enemies/Boss/Astrael, The Null Sovereign/AstraelBoss.prefab using Guid(3b281540194403f46a1c0e3de6069786) Importer(815301076,1909f56bfc062723c751e8b465ee728b) (PreviewImporter) -> (artifact id: '93521e0e9584c1aacb58da1000dadf94') in 0.0734972 seconds
Number of updated asset objects reloaded before import = 0Number of asset objects unloaded after import = 118

========================================================================
Received Prepare
Begin MonoManager ReloadAssembly
- Loaded All Assemblies, in  0.743 seconds
Refreshing native plugins compatible for Editor in 1.93 ms, found 4 plugins.
Native extension for Android target not found
Native extension for WindowsStandalone target not found
Mono: successfully reloaded assembly
- Finished resetting the current domain, in  0.809 seconds
Domain Reload Profiling: 1551ms
	BeginReloadAssembly (217ms)
		ExecutionOrderSort (0ms)
		DisableScriptedObjects (22ms)
		BackupInstance (0ms)
		ReleaseScriptingObjects (0ms)
		CreateAndSetChildDomain (53ms)
	RebuildCommonClasses (31ms)
	RebuildNativeTypeToScriptingClass (15ms)
	initialDomainReloadingComplete (26ms)
	LoadAllAssembliesAndSetupDomain (453ms)
		LoadAssemblies (349ms)
		RebuildTransferFunctionScriptingTraits (0ms)
		AnalyzeDomain (209ms)
			TypeCache.Refresh (11ms)
				TypeCache.ScanAssembly (1ms)
			BuildScriptInfoCaches (182ms)
			ResolveRequiredComponents (12ms)
	FinalizeReload (810ms)
		ReleaseScriptCaches (0ms)
		RebuildScriptCaches (0ms)
		SetupLoadedEditorAssemblies (580ms)
			LogAssemblyErrors (0ms)
			InitializePlatformSupportModulesInManaged (10ms)
			SetLoadedEditorAssemblies (5ms)
			BeforeProcessingInitializeOnLoad (135ms)
			ProcessInitializeOnLoadAttributes (363ms)
			ProcessInitializeOnLoadMethodAttributes (62ms)
			AfterProcessingInitializeOnLoad (5ms)
			EditorAssembliesLoaded (0ms)
		ExecutionOrderSort2 (0ms)
		AwakeInstancesAfterBackupRestoration (14ms)
Refreshing native plugins compatible for Editor in 1.57 ms, found 4 plugins.
Preloading 0 native plugins for Editor in 0.00 ms.
Unloading 13 Unused Serialized files (Serialized files now loaded: 0)
Unloading 6785 unused Assets / (5.6 MB). Loaded Objects now: 7688.
Memory consumption went from 164.4 MB to 158.8 MB.
Total: 10.106100 ms (FindLiveObjects: 0.690700 ms CreateObjectMapping: 0.682900 ms MarkObjects: 4.320700 ms  DeleteObjects: 4.410800 ms)

Prepare: number of updated asset objects reloaded= 0
========================================================================
Received Prepare
Begin MonoManager ReloadAssembly
- Loaded All Assemblies, in  0.638 seconds
Refreshing native plugins compatible for Editor in 1.67 ms, found 4 plugins.
Native extension for Android target not found
Native extension for WindowsStandalone target not found
Mono: successfully reloaded assembly
- Finished resetting the current domain, in  0.662 seconds
Domain Reload Profiling: 1299ms
	BeginReloadAssembly (162ms)
		ExecutionOrderSort (0ms)
		DisableScriptedObjects (13ms)
		BackupInstance (0ms)
		ReleaseScriptingObjects (0ms)
		CreateAndSetChildDomain (35ms)
	RebuildCommonClasses (27ms)
	RebuildNativeTypeToScriptingClass (10ms)
	initialDomainReloadingComplete (28ms)
	LoadAllAssembliesAndSetupDomain (409ms)
		LoadAssemblies (301ms)
		RebuildTransferFunctionScriptingTraits (0ms)
		AnalyzeDomain (185ms)
			TypeCache.Refresh (9ms)
				TypeCache.ScanAssembly (1ms)
			BuildScriptInfoCaches (162ms)
			ResolveRequiredComponents (10ms)
	FinalizeReload (662ms)
		ReleaseScriptCaches (0ms)
		RebuildScriptCaches (0ms)
		SetupLoadedEditorAssemblies (484ms)
			LogAssemblyErrors (0ms)
			InitializePlatformSupportModulesInManaged (9ms)
			SetLoadedEditorAssemblies (6ms)
			BeforeProcessingInitializeOnLoad (109ms)
			ProcessInitializeOnLoadAttributes (300ms)
			ProcessInitializeOnLoadMethodAttributes (53ms)
			AfterProcessingInitializeOnLoad (5ms)
			EditorAssembliesLoaded (0ms)
		ExecutionOrderSort2 (0ms)
		AwakeInstancesAfterBackupRestoration (14ms)
Refreshing native plugins compatible for Editor in 1.62 ms, found 4 plugins.
Preloading 0 native plugins for Editor in 0.00 ms.
Unloading 13 Unused Serialized files (Serialized files now loaded: 0)
Unloading 6785 unused Assets / (4.4 MB). Loaded Objects now: 7691.
Memory consumption went from 164.3 MB to 159.8 MB.
Total: 7.337700 ms (FindLiveObjects: 0.606000 ms CreateObjectMapping: 0.660400 ms MarkObjects: 3.692200 ms  DeleteObjects: 2.378500 ms)

Prepare: number of updated asset objects reloaded= 0
========================================================================
Received Import Request.
  Time since last request: 86.494983 seconds.
  path: Assets/Prefab/Enemies/Boss/Astrael, The Null Sovereign/AstraelBoss.prefab
  artifactKey: Guid(3b281540194403f46a1c0e3de6069786) Importer(815301076,1909f56bfc062723c751e8b465ee728b)
Start importing Assets/Prefab/Enemies/Boss/Astrael, The Null Sovereign/AstraelBoss.prefab using Guid(3b281540194403f46a1c0e3de6069786) Importer(815301076,1909f56bfc062723c751e8b465ee728b) (PreviewImporter) -> (artifact id: '51b2c2e22b1ad0c63692f7c8d44f6159') in 0.4501643 seconds
Number of updated asset objects reloaded before import = 0Number of asset objects unloaded after import = 108

========================================================================
Received Import Request.
  Time since last request: 18.235704 seconds.
  path: Assets/Prefab/Enemies/Boss/Astrael, The Null Sovereign/AstraelBoss.prefab
  artifactKey: Guid(3b281540194403f46a1c0e3de6069786) Importer(815301076,1909f56bfc062723c751e8b465ee728b)
Start importing Assets/Prefab/Enemies/Boss/Astrael, The Null Sovereign/AstraelBoss.prefab using Guid(3b281540194403f46a1c0e3de6069786) Importer(815301076,1909f56bfc062723c751e8b465ee728b) (PreviewImporter) -> (artifact id: '5b6242b186d81b16d31c16099efa35a5') in 0.0780356 seconds
Number of updated asset objects reloaded before import = 0Number of asset objects unloaded after import = 118

========================================================================
Received Prepare
Begin MonoManager ReloadAssembly
- Loaded All Assemblies, in  0.649 seconds
Refreshing native plugins compatible for Editor in 1.35 ms, found 4 plugins.
Native extension for Android target not found
Native extension for WindowsStandalone target not found
Mono: successfully reloaded assembly
- Finished resetting the current domain, in  0.646 seconds
Domain Reload Profiling: 1293ms
	BeginReloadAssembly (185ms)
		ExecutionOrderSort (0ms)
		DisableScriptedObjects (20ms)
		BackupInstance (0ms)
		ReleaseScriptingObjects (0ms)
		CreateAndSetChildDomain (49ms)
	RebuildCommonClasses (31ms)
	RebuildNativeTypeToScriptingClass (12ms)
	initialDomainReloadingComplete (25ms)
	LoadAllAssembliesAndSetupDomain (393ms)
		LoadAssemblies (285ms)
		RebuildTransferFunctionScriptingTraits (0ms)
		AnalyzeDomain (184ms)
			TypeCache.Refresh (11ms)
				TypeCache.ScanAssembly (1ms)
			BuildScriptInfoCaches (160ms)
			ResolveRequiredComponents (9ms)
	FinalizeReload (646ms)
		ReleaseScriptCaches (0ms)
		RebuildScriptCaches (0ms)
		SetupLoadedEditorAssemblies (464ms)
			LogAssemblyErrors (0ms)
			InitializePlatformSupportModulesInManaged (11ms)
			SetLoadedEditorAssemblies (7ms)
			BeforeProcessingInitializeOnLoad (108ms)
			ProcessInitializeOnLoadAttributes (284ms)
			ProcessInitializeOnLoadMethodAttributes (50ms)
			AfterProcessingInitializeOnLoad (5ms)
			EditorAssembliesLoaded (0ms)
		ExecutionOrderSort2 (0ms)
		AwakeInstancesAfterBackupRestoration (14ms)
Refreshing native plugins compatible for Editor in 1.50 ms, found 4 plugins.
Preloading 0 native plugins for Editor in 0.00 ms.
Unloading 13 Unused Serialized files (Serialized files now loaded: 0)
Unloading 6785 unused Assets / (4.2 MB). Loaded Objects now: 7716.
Memory consumption went from 166.0 MB to 161.8 MB.
Total: 7.200600 ms (FindLiveObjects: 0.651800 ms CreateObjectMapping: 0.555000 ms MarkObjects: 3.982600 ms  DeleteObjects: 2.009900 ms)

Prepare: number of updated asset objects reloaded= 0
========================================================================
Received Prepare
Begin MonoManager ReloadAssembly
- Loaded All Assemblies, in  0.627 seconds
Refreshing native plugins compatible for Editor in 2.20 ms, found 4 plugins.
Native extension for Android target not found
Native extension for WindowsStandalone target not found
Mono: successfully reloaded assembly
- Finished resetting the current domain, in  0.653 seconds
Domain Reload Profiling: 1281ms
	BeginReloadAssembly (183ms)
		ExecutionOrderSort (0ms)
		DisableScriptedObjects (12ms)
		BackupInstance (0ms)
		ReleaseScriptingObjects (0ms)
		CreateAndSetChildDomain (49ms)
	RebuildCommonClasses (29ms)
	RebuildNativeTypeToScriptingClass (10ms)
	initialDomainReloadingComplete (24ms)
	LoadAllAssembliesAndSetupDomain (382ms)
		LoadAssemblies (288ms)
		RebuildTransferFunctionScriptingTraits (0ms)
		AnalyzeDomain (175ms)
			TypeCache.Refresh (6ms)
				TypeCache.ScanAssembly (0ms)
			BuildScriptInfoCaches (155ms)
			ResolveRequiredComponents (10ms)
	FinalizeReload (654ms)
		ReleaseScriptCaches (0ms)
		RebuildScriptCaches (0ms)
		SetupLoadedEditorAssemblies (471ms)
			LogAssemblyErrors (0ms)
			InitializePlatformSupportModulesInManaged (12ms)
			SetLoadedEditorAssemblies (4ms)
			BeforeProcessingInitializeOnLoad (103ms)
			ProcessInitializeOnLoadAttributes (291ms)
			ProcessInitializeOnLoadMethodAttributes (55ms)
			AfterProcessingInitializeOnLoad (5ms)
			EditorAssembliesLoaded (0ms)
		ExecutionOrderSort2 (0ms)
		AwakeInstancesAfterBackupRestoration (14ms)
Refreshing native plugins compatible for Editor in 1.57 ms, found 4 plugins.
Preloading 0 native plugins for Editor in 0.00 ms.
Unloading 13 Unused Serialized files (Serialized files now loaded: 0)
Unloading 6785 unused Assets / (4.6 MB). Loaded Objects now: 7719.
Memory consumption went from 165.8 MB to 161.3 MB.
Total: 8.348800 ms (FindLiveObjects: 0.632400 ms CreateObjectMapping: 0.598200 ms MarkObjects: 4.471900 ms  DeleteObjects: 2.645400 ms)

Prepare: number of updated asset objects reloaded= 0
========================================================================
Received Import Request.
  Time since last request: 384.584859 seconds.
  path: Assets/Prefab/Enemies/Normal/Summoner.prefab
  artifactKey: Guid(5236b3442b8bf6a4681b9dd9c8a284ed) Importer(815301076,1909f56bfc062723c751e8b465ee728b)
Start importing Assets/Prefab/Enemies/Normal/Summoner.prefab using Guid(5236b3442b8bf6a4681b9dd9c8a284ed) Importer(815301076,1909f56bfc062723c751e8b465ee728b) (PreviewImporter) -> (artifact id: '46231a50f988a137359b46bd86412ef4') in 0.6613482 seconds
Number of updated asset objects reloaded before import = 0Number of asset objects unloaded after import = 135

========================================================================
Received Import Request.
  Time since last request: 5.035016 seconds.
  path: Assets/Prefab/Enemies/Normal/Stalker.prefab
  artifactKey: Guid(63065fca1ba6aca44a378d5294d2dce2) Importer(815301076,1909f56bfc062723c751e8b465ee728b)
Start importing Assets/Prefab/Enemies/Normal/Stalker.prefab using Guid(63065fca1ba6aca44a378d5294d2dce2) Importer(815301076,1909f56bfc062723c751e8b465ee728b) (PreviewImporter) -> (artifact id: '78dd84f3d050858bd5c87ac87f4c8329') in 0.1374937 seconds
Number of updated asset objects reloaded before import = 0Number of asset objects unloaded after import = 84

========================================================================
Received Import Request.
  Time since last request: 7.181730 seconds.
  path: Assets/Prefab/Enemies/Normal/Brute.prefab
  artifactKey: Guid(a094c1c0e2f149a408578cfec8e976c7) Importer(815301076,1909f56bfc062723c751e8b465ee728b)
Start importing Assets/Prefab/Enemies/Normal/Brute.prefab using Guid(a094c1c0e2f149a408578cfec8e976c7) Importer(815301076,1909f56bfc062723c751e8b465ee728b) (PreviewImporter) -> (artifact id: '372e59425c4c77c63ff0c91260fdab69') in 0.0941293 seconds
Number of updated asset objects reloaded before import = 0Number of asset objects unloaded after import = 82

========================================================================
Received Import Request.
  Time since last request: 8.140311 seconds.
  path: Assets/Prefab/Enemies/Normal/Spritter.prefab
  artifactKey: Guid(56df52b54032ed14790a1ac8655583fc) Importer(815301076,1909f56bfc062723c751e8b465ee728b)
Start importing Assets/Prefab/Enemies/Normal/Spritter.prefab using Guid(56df52b54032ed14790a1ac8655583fc) Importer(815301076,1909f56bfc062723c751e8b465ee728b) (PreviewImporter) -> (artifact id: 'cb7a6eaa1d399a01e5750c2eb2f7eed5') in 0.083061 seconds
Number of updated asset objects reloaded before import = 0Number of asset objects unloaded after import = 106

========================================================================
Received Import Request.
  Time since last request: 11.617060 seconds.
  path: Assets/Prefab/Enemies/Normal/Summoner.prefab
  artifactKey: Guid(5236b3442b8bf6a4681b9dd9c8a284ed) Importer(815301076,1909f56bfc062723c751e8b465ee728b)
Start importing Assets/Prefab/Enemies/Normal/Summoner.prefab using Guid(5236b3442b8bf6a4681b9dd9c8a284ed) Importer(815301076,1909f56bfc062723c751e8b465ee728b) (PreviewImporter) -> (artifact id: '09f4a0483a1f73970e33d0f4b8f9c358') in 0.1113745 seconds
Number of updated asset objects reloaded before import = 0Number of asset objects unloaded after import = 135

========================================================================
Received Import Request.
  Time since last request: 23.335338 seconds.
  path: Assets/Prefab/Enemies/Boss/Astrael, The Null Sovereign/AstraelBoss.prefab
  artifactKey: Guid(3b281540194403f46a1c0e3de6069786) Importer(815301076,1909f56bfc062723c751e8b465ee728b)
Start importing Assets/Prefab/Enemies/Boss/Astrael, The Null Sovereign/AstraelBoss.prefab using Guid(3b281540194403f46a1c0e3de6069786) Importer(815301076,1909f56bfc062723c751e8b465ee728b) (PreviewImporter) -> (artifact id: '1fe908913b253322dd2a462f91703ce7') in 0.1565275 seconds
Number of updated asset objects reloaded before import = 0Number of asset objects unloaded after import = 118

========================================================================
Received Prepare
Refreshing native plugins compatible for Editor in 1.73 ms, found 4 plugins.
Preloading 0 native plugins for Editor in 0.00 ms.
Unloading 13 Unused Serialized files (Serialized files now loaded: 0)
Unloading 6775 unused Assets / (4.3 MB). Loaded Objects now: 7844.
Memory consumption went from 171.5 MB to 167.2 MB.
Total: 9.762000 ms (FindLiveObjects: 0.640800 ms CreateObjectMapping: 0.589000 ms MarkObjects: 6.488300 ms  DeleteObjects: 2.042900 ms)

Prepare: number of updated asset objects reloaded= 0
========================================================================
Received Import Request.
  Time since last request: 72.378892 seconds.
  path: Assets/Scripts/MusicManager.cs
  artifactKey: Guid(1f9dac7c968f59d4faf78a6fc50607c7) Importer(815301076,1909f56bfc062723c751e8b465ee728b)
Start importing Assets/Scripts/MusicManager.cs using Guid(1f9dac7c968f59d4faf78a6fc50607c7) Importer(815301076,1909f56bfc062723c751e8b465ee728b) (PreviewImporter) -> (artifact id: 'e96f250874f863938d486d3a8d02e9bc') in 0.0058043 seconds
Number of updated asset objects reloaded before import = 0Number of asset objects unloaded after import = 0

========================================================================
Received Prepare
Begin MonoManager ReloadAssembly
- Loaded All Assemblies, in  0.748 seconds
Refreshing native plugins compatible for Editor in 2.08 ms, found 4 plugins.
Native extension for Android target not found
Native extension for WindowsStandalone target not found
Mono: successfully reloaded assembly
- Finished resetting the current domain, in  0.824 seconds
Domain Reload Profiling: 1569ms
	BeginReloadAssembly (215ms)
		ExecutionOrderSort (0ms)
		DisableScriptedObjects (25ms)
		BackupInstance (0ms)
		ReleaseScriptingObjects (0ms)
		CreateAndSetChildDomain (56ms)
	RebuildCommonClasses (32ms)
	RebuildNativeTypeToScriptingClass (10ms)
	initialDomainReloadingComplete (33ms)
	LoadAllAssembliesAndSetupDomain (455ms)
		LoadAssemblies (344ms)
		RebuildTransferFunctionScriptingTraits (0ms)
		AnalyzeDomain (202ms)
			TypeCache.Refresh (10ms)
				TypeCache.ScanAssembly (1ms)
			BuildScriptInfoCaches (179ms)
			ResolveRequiredComponents (9ms)
	FinalizeReload (824ms)
		ReleaseScriptCaches (0ms)
		RebuildScriptCaches (0ms)
		SetupLoadedEditorAssemblies (599ms)
			LogAssemblyErrors (0ms)
			InitializePlatformSupportModulesInManaged (11ms)
			SetLoadedEditorAssemblies (5ms)
			BeforeProcessingInitializeOnLoad (138ms)
			ProcessInitializeOnLoadAttributes (363ms)
			ProcessInitializeOnLoadMethodAttributes (77ms)
			AfterProcessingInitializeOnLoad (5ms)
			EditorAssembliesLoaded (0ms)
		ExecutionOrderSort2 (0ms)
		AwakeInstancesAfterBackupRestoration (16ms)
Refreshing native plugins compatible for Editor in 2.06 ms, found 4 plugins.
Preloading 0 native plugins for Editor in 0.00 ms.
Unloading 13 Unused Serialized files (Serialized files now loaded: 0)
Unloading 6786 unused Assets / (5.1 MB). Loaded Objects now: 7745.
Memory consumption went from 167.6 MB to 162.5 MB.
Total: 10.790600 ms (FindLiveObjects: 0.783700 ms CreateObjectMapping: 1.118300 ms MarkObjects: 5.177800 ms  DeleteObjects: 3.709800 ms)

Prepare: number of updated asset objects reloaded= 0
========================================================================
Received Import Request.
  Time since last request: 7.143727 seconds.
  path: Assets/Scripts/MusicManager.cs
  artifactKey: Guid(1f9dac7c968f59d4faf78a6fc50607c7) Importer(815301076,1909f56bfc062723c751e8b465ee728b)
Start importing Assets/Scripts/MusicManager.cs using Guid(1f9dac7c968f59d4faf78a6fc50607c7) Importer(815301076,1909f56bfc062723c751e8b465ee728b) (PreviewImporter) -> (artifact id: '916654447bedd130aa994f8469171010') in 0.0065275 seconds
Number of updated asset objects reloaded before import = 0Number of asset objects unloaded after import = 0

========================================================================
Received Prepare
Begin MonoManager ReloadAssembly
- Loaded All Assemblies, in  0.641 seconds
Refreshing native plugins compatible for Editor in 1.36 ms, found 4 plugins.
Native extension for Android target not found
Native extension for WindowsStandalone target not found
Mono: successfully reloaded assembly
- Finished resetting the current domain, in  0.654 seconds
Domain Reload Profiling: 1294ms
	BeginReloadAssembly (185ms)
		ExecutionOrderSort (0ms)
		DisableScriptedObjects (15ms)
		BackupInstance (0ms)
		ReleaseScriptingObjects (0ms)
		CreateAndSetChildDomain (44ms)
	RebuildCommonClasses (28ms)
	RebuildNativeTypeToScriptingClass (15ms)
	initialDomainReloadingComplete (25ms)
	LoadAllAssembliesAndSetupDomain (387ms)
		LoadAssemblies (284ms)
		RebuildTransferFunctionScriptingTraits (0ms)
		AnalyzeDomain (183ms)
			TypeCache.Refresh (9ms)
				TypeCache.ScanAssembly (1ms)
			BuildScriptInfoCaches (159ms)
			ResolveRequiredComponents (10ms)
	FinalizeReload (654ms)
		ReleaseScriptCaches (0ms)
		RebuildScriptCaches (0ms)
		SetupLoadedEditorAssemblies (482ms)
			LogAssemblyErrors (0ms)
			InitializePlatformSupportModulesInManaged (11ms)
			SetLoadedEditorAssemblies (7ms)
			BeforeProcessingInitializeOnLoad (117ms)
			ProcessInitializeOnLoadAttributes (290ms)
			ProcessInitializeOnLoadMethodAttributes (53ms)
			AfterProcessingInitializeOnLoad (5ms)
			EditorAssembliesLoaded (0ms)
		ExecutionOrderSort2 (0ms)
		AwakeInstancesAfterBackupRestoration (13ms)
Refreshing native plugins compatible for Editor in 1.67 ms, found 4 plugins.
Preloading 0 native plugins for Editor in 0.00 ms.
Unloading 13 Unused Serialized files (Serialized files now loaded: 0)
Unloading 6786 unused Assets / (4.4 MB). Loaded Objects now: 7748.
Memory consumption went from 167.4 MB to 163.1 MB.
Total: 7.900100 ms (FindLiveObjects: 0.655700 ms CreateObjectMapping: 0.629200 ms MarkObjects: 4.187300 ms  DeleteObjects: 2.427000 ms)

Prepare: number of updated asset objects reloaded= 0
========================================================================
Received Import Request.
  Time since last request: 12.361424 seconds.
  path: Assets/Scripts/MusicManager.cs
  artifactKey: Guid(1f9dac7c968f59d4faf78a6fc50607c7) Importer(815301076,1909f56bfc062723c751e8b465ee728b)
Start importing Assets/Scripts/MusicManager.cs using Guid(1f9dac7c968f59d4faf78a6fc50607c7) Importer(815301076,1909f56bfc062723c751e8b465ee728b) (PreviewImporter) -> (artifact id: '9739aaa81c2752ce013b7c255e75dacc') in 0.0053495 seconds
Number of updated asset objects reloaded before import = 0Number of asset objects unloaded after import = 0

========================================================================
Received Import Request.
  Time since last request: 16.227461 seconds.
  path: Assets
  artifactKey: Guid(00000000000000001000000000000000) Importer(815301076,1909f56bfc062723c751e8b465ee728b)
Start importing Assets using Guid(00000000000000001000000000000000) Importer(815301076,1909f56bfc062723c751e8b465ee728b) (PreviewImporter) -> (artifact id: 'c391582d739b6e62a5220f35cbb167ac') in 0.0005323 seconds
Number of updated asset objects reloaded before import = 0Number of asset objects unloaded after import = 0

========================================================================
Received Import Request.
  Time since last request: 4.254012 seconds.
  path: Assets/Audio
  artifactKey: Guid(bc1ec79949d87ec4aa73e65464e40862) Importer(815301076,1909f56bfc062723c751e8b465ee728b)
Start importing Assets/Audio using Guid(bc1ec79949d87ec4aa73e65464e40862) Importer(815301076,1909f56bfc062723c751e8b465ee728b) (PreviewImporter) -> (artifact id: '3496f76cb04940d17454c574dc79fc72') in 0.0007315 seconds
Number of updated asset objects reloaded before import = 0Number of asset objects unloaded after import = 0

========================================================================
Received Import Request.
  Time since last request: 35.333451 seconds.
  path: Assets/Audio/BossTheme.mp3
  artifactKey: Guid(5a3a37e3efa0dc448b8e843cee5a9249) Importer(815301076,1909f56bfc062723c751e8b465ee728b)
Start importing Assets/Audio/BossTheme.mp3 using Guid(5a3a37e3efa0dc448b8e843cee5a9249) Importer(815301076,1909f56bfc062723c751e8b465ee728b) (PreviewImporter) -> (artifact id: 'c2d6b87eb78fe55b51352f551e28902c') in 0.1062277 seconds
Number of updated asset objects reloaded before import = 0Number of asset objects unloaded after import = 2

========================================================================
Received Prepare
Begin MonoManager ReloadAssembly
- Loaded All Assemblies, in  0.619 seconds
Refreshing native plugins compatible for Editor in 1.85 ms, found 4 plugins.
Native extension for Android target not found
Native extension for WindowsStandalone target not found
Mono: successfully reloaded assembly
- Finished resetting the current domain, in  0.655 seconds
Domain Reload Profiling: 1274ms
	BeginReloadAssembly (170ms)
		ExecutionOrderSort (0ms)
		DisableScriptedObjects (12ms)
		BackupInstance (0ms)
		ReleaseScriptingObjects (0ms)
		CreateAndSetChildDomain (40ms)
	RebuildCommonClasses (34ms)
	RebuildNativeTypeToScriptingClass (9ms)
	initialDomainReloadingComplete (23ms)
	LoadAllAssembliesAndSetupDomain (381ms)
		LoadAssemblies (292ms)
		RebuildTransferFunctionScriptingTraits (0ms)
		AnalyzeDomain (169ms)
			TypeCache.Refresh (9ms)
				TypeCache.ScanAssembly (1ms)
			BuildScriptInfoCaches (148ms)
			ResolveRequiredComponents (9ms)
	FinalizeReload (656ms)
		ReleaseScriptCaches (0ms)
		RebuildScriptCaches (0ms)
		SetupLoadedEditorAssemblies (483ms)
			LogAssemblyErrors (0ms)
			InitializePlatformSupportModulesInManaged (8ms)
			SetLoadedEditorAssemblies (5ms)
			BeforeProcessingInitializeOnLoad (110ms)
			ProcessInitializeOnLoadAttributes (298ms)
			ProcessInitializeOnLoadMethodAttributes (56ms)
			AfterProcessingInitializeOnLoad (5ms)
			EditorAssembliesLoaded (0ms)
		ExecutionOrderSort2 (0ms)
		AwakeInstancesAfterBackupRestoration (12ms)
Refreshing native plugins compatible for Editor in 1.45 ms, found 4 plugins.
Preloading 0 native plugins for Editor in 0.00 ms.
Unloading 13 Unused Serialized files (Serialized files now loaded: 0)
Unloading 6786 unused Assets / (4.0 MB). Loaded Objects now: 7753.
Memory consumption went from 169.4 MB to 165.4 MB.
Total: 6.620700 ms (FindLiveObjects: 0.646100 ms CreateObjectMapping: 0.532600 ms MarkObjects: 3.564000 ms  DeleteObjects: 1.877100 ms)

Prepare: number of updated asset objects reloaded= 0
========================================================================
Received Import Request.
  Time since last request: 96.631261 seconds.
  path: Assets/Prefab/Enemies/Boss/Astrael, The Null Sovereign/AstraelBoss.prefab
  artifactKey: Guid(3b281540194403f46a1c0e3de6069786) Importer(815301076,1909f56bfc062723c751e8b465ee728b)
Start importing Assets/Prefab/Enemies/Boss/Astrael, The Null Sovereign/AstraelBoss.prefab using Guid(3b281540194403f46a1c0e3de6069786) Importer(815301076,1909f56bfc062723c751e8b465ee728b) (PreviewImporter) -> (artifact id: '45f30b3f0995a4d127452438bd0cb16e') in 0.4560189 seconds
Number of updated asset objects reloaded before import = 0Number of asset objects unloaded after import = 118

========================================================================
Received Import Request.
  Time since last request: 29.086883 seconds.
  path: Assets/Prefab/Enemies/Boss/Astrael, The Null Sovereign/AstraelBoss.prefab
  artifactKey: Guid(3b281540194403f46a1c0e3de6069786) Importer(815301076,1909f56bfc062723c751e8b465ee728b)
Start importing Assets/Prefab/Enemies/Boss/Astrael, The Null Sovereign/AstraelBoss.prefab using Guid(3b281540194403f46a1c0e3de6069786) Importer(815301076,1909f56bfc062723c751e8b465ee728b) (PreviewImporter) -> (artifact id: '498d23961034cd0a4f5719a7e126d0b3') in 0.0967609 seconds
Number of updated asset objects reloaded before import = 0Number of asset objects unloaded after import = 118

========================================================================
Received Import Request.
  Time since last request: 15.241003 seconds.
  path: Assets/Prefab/Enemies/Boss/Astrael, The Null Sovereign/AstraelBoss.prefab
  artifactKey: Guid(3b281540194403f46a1c0e3de6069786) Importer(815301076,1909f56bfc062723c751e8b465ee728b)
Start importing Assets/Prefab/Enemies/Boss/Astrael, The Null Sovereign/AstraelBoss.prefab using Guid(3b281540194403f46a1c0e3de6069786) Importer(815301076,1909f56bfc062723c751e8b465ee728b) (PreviewImporter) -> (artifact id: 'a9a9162348a23097f5e87ee94cf3f649') in 0.0657245 seconds
Number of updated asset objects reloaded before import = 0Number of asset objects unloaded after import = 120

========================================================================
Received Prepare
Begin MonoManager ReloadAssembly
- Loaded All Assemblies, in  0.648 seconds
Refreshing native plugins compatible for Editor in 1.46 ms, found 4 plugins.
Native extension for Android target not found
Native extension for WindowsStandalone target not found
Mono: successfully reloaded assembly
- Finished resetting the current domain, in  0.664 seconds
Domain Reload Profiling: 1313ms
	BeginReloadAssembly (216ms)
		ExecutionOrderSort (0ms)
		DisableScriptedObjects (22ms)
		BackupInstance (0ms)
		ReleaseScriptingObjects (0ms)
		CreateAndSetChildDomain (62ms)
	RebuildCommonClasses (28ms)
	RebuildNativeTypeToScriptingClass (11ms)
	initialDomainReloadingComplete (25ms)
	LoadAllAssembliesAndSetupDomain (370ms)
		LoadAssemblies (286ms)
		RebuildTransferFunctionScriptingTraits (0ms)
		AnalyzeDomain (171ms)
			TypeCache.Refresh (7ms)
				TypeCache.ScanAssembly (0ms)
			BuildScriptInfoCaches (152ms)
			ResolveRequiredComponents (9ms)
	FinalizeReload (664ms)
		ReleaseScriptCaches (0ms)
		RebuildScriptCaches (0ms)
		SetupLoadedEditorAssemblies (482ms)
			LogAssemblyErrors (0ms)
			InitializePlatformSupportModulesInManaged (9ms)
			SetLoadedEditorAssemblies (6ms)
			BeforeProcessingInitializeOnLoad (109ms)
			ProcessInitializeOnLoadAttributes (306ms)
			ProcessInitializeOnLoadMethodAttributes (47ms)
			AfterProcessingInitializeOnLoad (4ms)
			EditorAssembliesLoaded (0ms)
		ExecutionOrderSort2 (0ms)
		AwakeInstancesAfterBackupRestoration (13ms)
Refreshing native plugins compatible for Editor in 1.38 ms, found 4 plugins.
Preloading 0 native plugins for Editor in 0.00 ms.
Unloading 13 Unused Serialized files (Serialized files now loaded: 0)
Unloading 6786 unused Assets / (4.1 MB). Loaded Objects now: 7778.
Memory consumption went from 171.2 MB to 167.1 MB.
Total: 6.543400 ms (FindLiveObjects: 0.593000 ms CreateObjectMapping: 0.500900 ms MarkObjects: 3.645500 ms  DeleteObjects: 1.803300 ms)

Prepare: number of updated asset objects reloaded= 0
========================================================================
Received Prepare
Begin MonoManager ReloadAssembly
- Loaded All Assemblies, in  0.652 seconds
Refreshing native plugins compatible for Editor in 1.43 ms, found 4 plugins.
Native extension for Android target not found
Native extension for WindowsStandalone target not found
Mono: successfully reloaded assembly
- Finished resetting the current domain, in  0.644 seconds
Domain Reload Profiling: 1295ms
	BeginReloadAssembly (170ms)
		ExecutionOrderSort (0ms)
		DisableScriptedObjects (11ms)
		BackupInstance (0ms)
		ReleaseScriptingObjects (0ms)
		CreateAndSetChildDomain (38ms)
	RebuildCommonClasses (33ms)
	RebuildNativeTypeToScriptingClass (11ms)
	initialDomainReloadingComplete (25ms)
	LoadAllAssembliesAndSetupDomain (412ms)
		LoadAssemblies (307ms)
		RebuildTransferFunctionScriptingTraits (0ms)
		AnalyzeDomain (187ms)
			TypeCache.Refresh (8ms)
				TypeCache.ScanAssembly (0ms)
			BuildScriptInfoCaches (164ms)
			ResolveRequiredComponents (10ms)
	FinalizeReload (644ms)
		ReleaseScriptCaches (0ms)
		RebuildScriptCaches (0ms)
		SetupLoadedEditorAssemblies (469ms)
			LogAssemblyErrors (0ms)
			InitializePlatformSupportModulesInManaged (9ms)
			SetLoadedEditorAssemblies (5ms)
			BeforeProcessingInitializeOnLoad (103ms)
			ProcessInitializeOnLoadAttributes (289ms)
			ProcessInitializeOnLoadMethodAttributes (58ms)
			AfterProcessingInitializeOnLoad (5ms)
			EditorAssembliesLoaded (0ms)
		ExecutionOrderSort2 (0ms)
		AwakeInstancesAfterBackupRestoration (14ms)
Refreshing native plugins compatible for Editor in 1.48 ms, found 4 plugins.
Preloading 0 native plugins for Editor in 0.00 ms.
Unloading 13 Unused Serialized files (Serialized files now loaded: 0)
Unloading 6786 unused Assets / (4.2 MB). Loaded Objects now: 7781.
Memory consumption went from 171.0 MB to 166.8 MB.
Total: 6.580100 ms (FindLiveObjects: 0.564100 ms CreateObjectMapping: 0.475100 ms MarkObjects: 3.685400 ms  DeleteObjects: 1.854700 ms)

Prepare: number of updated asset objects reloaded= 0
========================================================================
Received Prepare
Begin MonoManager ReloadAssembly
- Loaded All Assemblies, in  0.639 seconds
Refreshing native plugins compatible for Editor in 1.86 ms, found 4 plugins.
Native extension for Android target not found
Native extension for WindowsStandalone target not found
Mono: successfully reloaded assembly
- Finished resetting the current domain, in  0.692 seconds
Domain Reload Profiling: 1329ms
	BeginReloadAssembly (164ms)
		ExecutionOrderSort (0ms)
		DisableScriptedObjects (14ms)
		BackupInstance (0ms)
		ReleaseScriptingObjects (0ms)
		CreateAndSetChildDomain (34ms)
	RebuildCommonClasses (29ms)
	RebuildNativeTypeToScriptingClass (16ms)
	initialDomainReloadingComplete (27ms)
	LoadAllAssembliesAndSetupDomain (401ms)
		LoadAssemblies (306ms)
		RebuildTransferFunctionScriptingTraits (0ms)
		AnalyzeDomain (172ms)
			TypeCache.Refresh (8ms)
				TypeCache.ScanAssembly (0ms)
			BuildScriptInfoCaches (146ms)
			ResolveRequiredComponents (13ms)
	FinalizeReload (693ms)
		ReleaseScriptCaches (0ms)
		RebuildScriptCaches (0ms)
		SetupLoadedEditorAssemblies (490ms)
			LogAssemblyErrors (0ms)
			InitializePlatformSupportModulesInManaged (11ms)
			SetLoadedEditorAssemblies (6ms)
			BeforeProcessingInitializeOnLoad (114ms)
			ProcessInitializeOnLoadAttributes (297ms)
			ProcessInitializeOnLoadMethodAttributes (57ms)
			AfterProcessingInitializeOnLoad (5ms)
			EditorAssembliesLoaded (0ms)
		ExecutionOrderSort2 (0ms)
		AwakeInstancesAfterBackupRestoration (15ms)
Refreshing native plugins compatible for Editor in 1.51 ms, found 4 plugins.
Preloading 0 native plugins for Editor in 0.00 ms.
Unloading 13 Unused Serialized files (Serialized files now loaded: 0)
Unloading 6786 unused Assets / (4.1 MB). Loaded Objects now: 7784.
Memory consumption went from 171.0 MB to 166.9 MB.
Total: 6.708100 ms (FindLiveObjects: 0.610100 ms CreateObjectMapping: 0.472500 ms MarkObjects: 3.565300 ms  DeleteObjects: 2.059700 ms)

Prepare: number of updated asset objects reloaded= 0
========================================================================
Received Prepare
Begin MonoManager ReloadAssembly
- Loaded All Assemblies, in  0.629 seconds
Refreshing native plugins compatible for Editor in 1.49 ms, found 4 plugins.
Native extension for Android target not found
Native extension for WindowsStandalone target not found
Mono: successfully reloaded assembly
- Finished resetting the current domain, in  0.659 seconds
Domain Reload Profiling: 1286ms
	BeginReloadAssembly (168ms)
		ExecutionOrderSort (0ms)
		DisableScriptedObjects (11ms)
		BackupInstance (0ms)
		ReleaseScriptingObjects (0ms)
		CreateAndSetChildDomain (35ms)
	RebuildCommonClasses (34ms)
	RebuildNativeTypeToScriptingClass (11ms)
	initialDomainReloadingComplete (29ms)
	LoadAllAssembliesAndSetupDomain (386ms)
		LoadAssemblies (297ms)
		RebuildTransferFunctionScriptingTraits (0ms)
		AnalyzeDomain (172ms)
			TypeCache.Refresh (7ms)
				TypeCache.ScanAssembly (0ms)
			BuildScriptInfoCaches (150ms)
			ResolveRequiredComponents (10ms)
	FinalizeReload (659ms)
		ReleaseScriptCaches (0ms)
		RebuildScriptCaches (0ms)
		SetupLoadedEditorAssemblies (456ms)
			LogAssemblyErrors (0ms)
			InitializePlatformSupportModulesInManaged (10ms)
			SetLoadedEditorAssemblies (4ms)
			BeforeProcessingInitializeOnLoad (101ms)
			ProcessInitializeOnLoadAttributes (283ms)
			ProcessInitializeOnLoadMethodAttributes (54ms)
			AfterProcessingInitializeOnLoad (5ms)
			EditorAssembliesLoaded (0ms)
		ExecutionOrderSort2 (0ms)
		AwakeInstancesAfterBackupRestoration (12ms)
Refreshing native plugins compatible for Editor in 1.35 ms, found 4 plugins.
Preloading 0 native plugins for Editor in 0.00 ms.
Unloading 13 Unused Serialized files (Serialized files now loaded: 0)
Unloading 6786 unused Assets / (4.2 MB). Loaded Objects now: 7787.
Memory consumption went from 171.0 MB to 166.9 MB.
Total: 6.671400 ms (FindLiveObjects: 0.691200 ms CreateObjectMapping: 0.851000 ms MarkObjects: 3.459600 ms  DeleteObjects: 1.668900 ms)

Prepare: number of updated asset objects reloaded= 0
========================================================================
Received Prepare
Begin MonoManager ReloadAssembly
- Loaded All Assemblies, in  0.610 seconds
Refreshing native plugins compatible for Editor in 1.46 ms, found 4 plugins.
Native extension for Android target not found
Native extension for WindowsStandalone target not found
Mono: successfully reloaded assembly
- Finished resetting the current domain, in  0.647 seconds
Domain Reload Profiling: 1257ms
	BeginReloadAssembly (167ms)
		ExecutionOrderSort (0ms)
		DisableScriptedObjects (15ms)
		BackupInstance (0ms)
		ReleaseScriptingObjects (0ms)
		CreateAndSetChildDomain (34ms)
	RebuildCommonClasses (27ms)
	RebuildNativeTypeToScriptingClass (10ms)
	initialDomainReloadingComplete (24ms)
	LoadAllAssembliesAndSetupDomain (382ms)
		LoadAssemblies (289ms)
		RebuildTransferFunctionScriptingTraits (0ms)
		AnalyzeDomain (172ms)
			TypeCache.Refresh (7ms)
				TypeCache.ScanAssembly (0ms)
			BuildScriptInfoCaches (153ms)
			ResolveRequiredComponents (9ms)
	FinalizeReload (648ms)
		ReleaseScriptCaches (0ms)
		RebuildScriptCaches (0ms)
		SetupLoadedEditorAssemblies (454ms)
			LogAssemblyErrors (0ms)
			InitializePlatformSupportModulesInManaged (9ms)
			SetLoadedEditorAssemblies (5ms)
			BeforeProcessingInitializeOnLoad (104ms)
			ProcessInitializeOnLoadAttributes (279ms)
			ProcessInitializeOnLoadMethodAttributes (51ms)
			AfterProcessingInitializeOnLoad (6ms)
			EditorAssembliesLoaded (0ms)
		ExecutionOrderSort2 (0ms)
		AwakeInstancesAfterBackupRestoration (14ms)
Refreshing native plugins compatible for Editor in 1.51 ms, found 4 plugins.
Preloading 0 native plugins for Editor in 0.00 ms.
Unloading 13 Unused Serialized files (Serialized files now loaded: 0)
Unloading 6786 unused Assets / (4.3 MB). Loaded Objects now: 7790.
Memory consumption went from 171.0 MB to 166.7 MB.
Total: 6.774700 ms (FindLiveObjects: 0.595900 ms CreateObjectMapping: 0.519600 ms MarkObjects: 3.685600 ms  DeleteObjects: 1.972900 ms)

Prepare: number of updated asset objects reloaded= 0
========================================================================
Received Import Request.
  Time since last request: 377.984690 seconds.
  path: Assets/Prefab/Enemies/Boss/Astrael, The Null Sovereign/NullGuardian 1.prefab
  artifactKey: Guid(ba5ad2023c7af9a4b9b4766a170c9c18) Importer(815301076,1909f56bfc062723c751e8b465ee728b)
Start importing Assets/Prefab/Enemies/Boss/Astrael, The Null Sovereign/NullGuardian 1.prefab using Guid(ba5ad2023c7af9a4b9b4766a170c9c18) Importer(815301076,1909f56bfc062723c751e8b465ee728b) (PreviewImporter) -> (artifact id: 'b505aad752bae0e5e95e5593b924efb3') in 0.4545404 seconds
Number of updated asset objects reloaded before import = 0Number of asset objects unloaded after import = 10

========================================================================
Received Import Request.
  Time since last request: 30.295102 seconds.
  path: Assets/Prefab/Enemies/Boss/Astrael, The Null Sovereign/Null.prefab
  artifactKey: Guid(ba5ad2023c7af9a4b9b4766a170c9c18) Importer(815301076,1909f56bfc062723c751e8b465ee728b)
Start importing Assets/Prefab/Enemies/Boss/Astrael, The Null Sovereign/Null.prefab using Guid(ba5ad2023c7af9a4b9b4766a170c9c18) Importer(815301076,1909f56bfc062723c751e8b465ee728b) (PreviewImporter) -> (artifact id: '629ecca3ce903d8201f8152fb2d6220e') in 0.024575 seconds
Number of updated asset objects reloaded before import = 0Number of asset objects unloaded after import = 10

========================================================================
Received Import Request.
  Time since last request: 5.688835 seconds.
  path: Assets/Prefab/Enemies/Boss/Astrael, The Null Sovereign/NullGranade.prefab
  artifactKey: Guid(ba5ad2023c7af9a4b9b4766a170c9c18) Importer(815301076,1909f56bfc062723c751e8b465ee728b)
Start importing Assets/Prefab/Enemies/Boss/Astrael, The Null Sovereign/NullGranade.prefab using Guid(ba5ad2023c7af9a4b9b4766a170c9c18) Importer(815301076,1909f56bfc062723c751e8b465ee728b) (PreviewImporter) -> (artifact id: '10e6636b0d8d181c6559c6f2f495a1cf') in 0.0268311 seconds
Number of updated asset objects reloaded before import = 0Number of asset objects unloaded after import = 10

========================================================================
Received Import Request.
  Time since last request: 6.437096 seconds.
  path: Assets/Prefab/Enemies/Boss/Astrael, The Null Sovereign/NullGranade.prefab
  artifactKey: Guid(ba5ad2023c7af9a4b9b4766a170c9c18) Importer(815301076,1909f56bfc062723c751e8b465ee728b)
Start importing Assets/Prefab/Enemies/Boss/Astrael, The Null Sovereign/NullGranade.prefab using Guid(ba5ad2023c7af9a4b9b4766a170c9c18) Importer(815301076,1909f56bfc062723c751e8b465ee728b) (PreviewImporter) -> (artifact id: '6cbf47b48f031f1b35c4443ccc03cba6') in 0.0222658 seconds
Number of updated asset objects reloaded before import = 0Number of asset objects unloaded after import = 9

========================================================================
Received Import Request.
  Time since last request: 9.406330 seconds.
  path: Assets/Prefab/Enemies/Boss/Astrael, The Null Sovereign/AstraelBoss.prefab
  artifactKey: Guid(3b281540194403f46a1c0e3de6069786) Importer(815301076,1909f56bfc062723c751e8b465ee728b)
Start importing Assets/Prefab/Enemies/Boss/Astrael, The Null Sovereign/AstraelBoss.prefab using Guid(3b281540194403f46a1c0e3de6069786) Importer(815301076,1909f56bfc062723c751e8b465ee728b) (PreviewImporter) -> (artifact id: 'a6075b2c906f52d1ea1f7e27cc2aaca7') in 0.084277 seconds
Number of updated asset objects reloaded before import = 0Number of asset objects unloaded after import = 120

========================================================================
Received Prepare
Begin MonoManager ReloadAssembly
- Loaded All Assemblies, in  0.666 seconds
Refreshing native plugins compatible for Editor in 2.40 ms, found 4 plugins.
Native extension for Android target not found
Native extension for WindowsStandalone target not found
Mono: successfully reloaded assembly
- Finished resetting the current domain, in  0.648 seconds
Domain Reload Profiling: 1312ms
	BeginReloadAssembly (196ms)
		ExecutionOrderSort (0ms)
		DisableScriptedObjects (27ms)
		BackupInstance (0ms)
		ReleaseScriptingObjects (0ms)
		CreateAndSetChildDomain (53ms)
	RebuildCommonClasses (27ms)
	RebuildNativeTypeToScriptingClass (11ms)
	initialDomainReloadingComplete (25ms)
	LoadAllAssembliesAndSetupDomain (405ms)
		LoadAssemblies (301ms)
		RebuildTransferFunctionScriptingTraits (0ms)
		AnalyzeDomain (184ms)
			TypeCache.Refresh (7ms)
				TypeCache.ScanAssembly (0ms)
			BuildScriptInfoCaches (159ms)
			ResolveRequiredComponents (14ms)
	FinalizeReload (649ms)
		ReleaseScriptCaches (0ms)
		RebuildScriptCaches (0ms)
		SetupLoadedEditorAssemblies (472ms)
			LogAssemblyErrors (0ms)
			InitializePlatformSupportModulesInManaged (8ms)
			SetLoadedEditorAssemblies (5ms)
			BeforeProcessingInitializeOnLoad (104ms)
			ProcessInitializeOnLoadAttributes (303ms)
			ProcessInitializeOnLoadMethodAttributes (48ms)
			AfterProcessingInitializeOnLoad (4ms)
			EditorAssembliesLoaded (0ms)
		ExecutionOrderSort2 (0ms)
		AwakeInstancesAfterBackupRestoration (15ms)
Refreshing native plugins compatible for Editor in 1.35 ms, found 4 plugins.
Preloading 0 native plugins for Editor in 0.00 ms.
Unloading 13 Unused Serialized files (Serialized files now loaded: 0)
Unloading 6786 unused Assets / (4.0 MB). Loaded Objects now: 7815.
Memory consumption went from 172.7 MB to 168.8 MB.
Total: 6.145700 ms (FindLiveObjects: 0.591900 ms CreateObjectMapping: 0.473700 ms MarkObjects: 3.512300 ms  DeleteObjects: 1.567000 ms)

Prepare: number of updated asset objects reloaded= 0
========================================================================
Received Prepare
Begin MonoManager ReloadAssembly
- Loaded All Assemblies, in  0.665 seconds
Refreshing native plugins compatible for Editor in 1.43 ms, found 4 plugins.
Native extension for Android target not found
Native extension for WindowsStandalone target not found
Mono: successfully reloaded assembly
- Finished resetting the current domain, in  0.658 seconds
Domain Reload Profiling: 1321ms
	BeginReloadAssembly (175ms)
		ExecutionOrderSort (0ms)
		DisableScriptedObjects (11ms)
		BackupInstance (0ms)
		ReleaseScriptingObjects (0ms)
		CreateAndSetChildDomain (39ms)
	RebuildCommonClasses (33ms)
	RebuildNativeTypeToScriptingClass (11ms)
	initialDomainReloadingComplete (26ms)
	LoadAllAssembliesAndSetupDomain (417ms)
		LoadAssemblies (308ms)
		RebuildTransferFunctionScriptingTraits (0ms)
		AnalyzeDomain (195ms)
			TypeCache.Refresh (11ms)
				TypeCache.ScanAssembly (1ms)
			BuildScriptInfoCaches (165ms)
			ResolveRequiredComponents (14ms)
	FinalizeReload (659ms)
		ReleaseScriptCaches (0ms)
		RebuildScriptCaches (0ms)
		SetupLoadedEditorAssemblies (472ms)
			LogAssemblyErrors (0ms)
			InitializePlatformSupportModulesInManaged (9ms)
			SetLoadedEditorAssemblies (4ms)
			BeforeProcessingInitializeOnLoad (98ms)
			ProcessInitializeOnLoadAttributes (292ms)
			ProcessInitializeOnLoadMethodAttributes (60ms)
			AfterProcessingInitializeOnLoad (8ms)
			EditorAssembliesLoaded (0ms)
		ExecutionOrderSort2 (0ms)
		AwakeInstancesAfterBackupRestoration (19ms)
Refreshing native plugins compatible for Editor in 1.64 ms, found 4 plugins.
Preloading 0 native plugins for Editor in 0.00 ms.
Unloading 13 Unused Serialized files (Serialized files now loaded: 0)
Unloading 6786 unused Assets / (4.5 MB). Loaded Objects now: 7818.
Memory consumption went from 172.6 MB to 168.1 MB.
Total: 7.515300 ms (FindLiveObjects: 0.658800 ms CreateObjectMapping: 0.610700 ms MarkObjects: 3.920500 ms  DeleteObjects: 2.324300 ms)

Prepare: number of updated asset objects reloaded= 0
========================================================================
Received Prepare
Begin MonoManager ReloadAssembly
- Loaded All Assemblies, in  0.596 seconds
Refreshing native plugins compatible for Editor in 1.26 ms, found 4 plugins.
Native extension for Android target not found
Native extension for WindowsStandalone target not found
Mono: successfully reloaded assembly
- Finished resetting the current domain, in  0.653 seconds
Domain Reload Profiling: 1247ms
	BeginReloadAssembly (161ms)
		ExecutionOrderSort (0ms)
		DisableScriptedObjects (13ms)
		BackupInstance (0ms)
		ReleaseScriptingObjects (0ms)
		CreateAndSetChildDomain (35ms)
	RebuildCommonClasses (27ms)
	RebuildNativeTypeToScriptingClass (10ms)
	initialDomainReloadingComplete (26ms)
	LoadAllAssembliesAndSetupDomain (369ms)
		LoadAssemblies (283ms)
		RebuildTransferFunctionScriptingTraits (0ms)
		AnalyzeDomain (161ms)
			TypeCache.Refresh (6ms)
				TypeCache.ScanAssembly (0ms)
			BuildScriptInfoCaches (141ms)
			ResolveRequiredComponents (9ms)
	FinalizeReload (653ms)
		ReleaseScriptCaches (0ms)
		RebuildScriptCaches (0ms)
		SetupLoadedEditorAssemblies (455ms)
			LogAssemblyErrors (0ms)
			InitializePlatformSupportModulesInManaged (10ms)
			SetLoadedEditorAssemblies (6ms)
			BeforeProcessingInitializeOnLoad (105ms)
			ProcessInitializeOnLoadAttributes (282ms)
			ProcessInitializeOnLoadMethodAttributes (48ms)
			AfterProcessingInitializeOnLoad (5ms)
			EditorAssembliesLoaded (0ms)
		ExecutionOrderSort2 (0ms)
		AwakeInstancesAfterBackupRestoration (13ms)
Refreshing native plugins compatible for Editor in 1.56 ms, found 4 plugins.
Preloading 0 native plugins for Editor in 0.00 ms.
Unloading 13 Unused Serialized files (Serialized files now loaded: 0)
Unloading 6786 unused Assets / (4.2 MB). Loaded Objects now: 7821.
Memory consumption went from 172.6 MB to 168.4 MB.
Total: 6.393700 ms (FindLiveObjects: 0.601400 ms CreateObjectMapping: 0.509700 ms MarkObjects: 3.467100 ms  DeleteObjects: 1.815100 ms)

Prepare: number of updated asset objects reloaded= 0
========================================================================
Received Prepare
Begin MonoManager ReloadAssembly
- Loaded All Assemblies, in  0.616 seconds
Refreshing native plugins compatible for Editor in 2.28 ms, found 4 plugins.
Native extension for Android target not found
Native extension for WindowsStandalone target not found
Mono: successfully reloaded assembly
- Finished resetting the current domain, in  0.659 seconds
Domain Reload Profiling: 1274ms
	BeginReloadAssembly (171ms)
		ExecutionOrderSort (0ms)
		DisableScriptedObjects (13ms)
		BackupInstance (0ms)
		ReleaseScriptingObjects (0ms)
		CreateAndSetChildDomain (45ms)
	RebuildCommonClasses (31ms)
	RebuildNativeTypeToScriptingClass (10ms)
	initialDomainReloadingComplete (24ms)
	LoadAllAssembliesAndSetupDomain (378ms)
		LoadAssemblies (274ms)
		RebuildTransferFunctionScriptingTraits (0ms)
		AnalyzeDomain (177ms)
			TypeCache.Refresh (8ms)
				TypeCache.ScanAssembly (1ms)
			BuildScriptInfoCaches (155ms)
			ResolveRequiredComponents (9ms)
	FinalizeReload (660ms)
		ReleaseScriptCaches (0ms)
		RebuildScriptCaches (0ms)
		SetupLoadedEditorAssemblies (484ms)
			LogAssemblyErrors (0ms)
			InitializePlatformSupportModulesInManaged (11ms)
			SetLoadedEditorAssemblies (6ms)
			BeforeProcessingInitializeOnLoad (111ms)
			ProcessInitializeOnLoadAttributes (304ms)
			ProcessInitializeOnLoadMethodAttributes (47ms)
			AfterProcessingInitializeOnLoad (5ms)
			EditorAssembliesLoaded (0ms)
		ExecutionOrderSort2 (0ms)
		AwakeInstancesAfterBackupRestoration (13ms)
Refreshing native plugins compatible for Editor in 1.48 ms, found 4 plugins.
Preloading 0 native plugins for Editor in 0.00 ms.
Unloading 13 Unused Serialized files (Serialized files now loaded: 0)
Unloading 6786 unused Assets / (4.2 MB). Loaded Objects now: 7824.
Memory consumption went from 172.6 MB to 168.3 MB.
Total: 6.648900 ms (FindLiveObjects: 0.604600 ms CreateObjectMapping: 0.531800 ms MarkObjects: 3.607700 ms  DeleteObjects: 1.903900 ms)

Prepare: number of updated asset objects reloaded= 0
========================================================================
Received Prepare
Begin MonoManager ReloadAssembly
- Loaded All Assemblies, in  0.632 seconds
Refreshing native plugins compatible for Editor in 2.09 ms, found 4 plugins.
Native extension for Android target not found
Native extension for WindowsStandalone target not found
Mono: successfully reloaded assembly
- Finished resetting the current domain, in  0.687 seconds
Domain Reload Profiling: 1318ms
	BeginReloadAssembly (177ms)
		ExecutionOrderSort (0ms)
		DisableScriptedObjects (15ms)
		BackupInstance (0ms)
		ReleaseScriptingObjects (0ms)
		CreateAndSetChildDomain (42ms)
	RebuildCommonClasses (30ms)
	RebuildNativeTypeToScriptingClass (11ms)
	initialDomainReloadingComplete (26ms)
	LoadAllAssembliesAndSetupDomain (388ms)
		LoadAssemblies (294ms)
		RebuildTransferFunctionScriptingTraits (0ms)
		AnalyzeDomain (173ms)
			TypeCache.Refresh (6ms)
				TypeCache.ScanAssembly (0ms)
			BuildScriptInfoCaches (153ms)
			ResolveRequiredComponents (9ms)
	FinalizeReload (687ms)
		ReleaseScriptCaches (0ms)
		RebuildScriptCaches (0ms)
		SetupLoadedEditorAssemblies (493ms)
			LogAssemblyErrors (0ms)
			InitializePlatformSupportModulesInManaged (10ms)
			SetLoadedEditorAssemblies (7ms)
			BeforeProcessingInitializeOnLoad (102ms)
			ProcessInitializeOnLoadAttributes (320ms)
			ProcessInitializeOnLoadMethodAttributes (49ms)
			AfterProcessingInitializeOnLoad (5ms)
			EditorAssembliesLoaded (0ms)
		ExecutionOrderSort2 (0ms)
		AwakeInstancesAfterBackupRestoration (15ms)
Refreshing native plugins compatible for Editor in 1.37 ms, found 4 plugins.
Preloading 0 native plugins for Editor in 0.00 ms.
Unloading 13 Unused Serialized files (Serialized files now loaded: 0)
Unloading 6786 unused Assets / (4.2 MB). Loaded Objects now: 7827.
Memory consumption went from 172.6 MB to 168.4 MB.
Total: 6.618100 ms (FindLiveObjects: 0.582000 ms CreateObjectMapping: 0.490300 ms MarkObjects: 3.812200 ms  DeleteObjects: 1.732900 ms)

Prepare: number of updated asset objects reloaded= 0
========================================================================
Received Prepare
Begin MonoManager ReloadAssembly
- Loaded All Assemblies, in  0.606 seconds
Refreshing native plugins compatible for Editor in 1.32 ms, found 4 plugins.
Native extension for Android target not found
Native extension for WindowsStandalone target not found
Mono: successfully reloaded assembly
- Finished resetting the current domain, in  0.645 seconds
Domain Reload Profiling: 1252ms
	BeginReloadAssembly (165ms)
		ExecutionOrderSort (0ms)
		DisableScriptedObjects (11ms)
		BackupInstance (0ms)
		ReleaseScriptingObjects (0ms)
		CreateAndSetChildDomain (34ms)
	RebuildCommonClasses (28ms)
	RebuildNativeTypeToScriptingClass (10ms)
	initialDomainReloadingComplete (23ms)
	LoadAllAssembliesAndSetupDomain (381ms)
		LoadAssemblies (281ms)
		RebuildTransferFunctionScriptingTraits (0ms)
		AnalyzeDomain (182ms)
			TypeCache.Refresh (7ms)
				TypeCache.ScanAssembly (0ms)
			BuildScriptInfoCaches (159ms)
			ResolveRequiredComponents (11ms)
	FinalizeReload (646ms)
		ReleaseScriptCaches (0ms)
		RebuildScriptCaches (0ms)
		SetupLoadedEditorAssemblies (466ms)
			LogAssemblyErrors (0ms)
			InitializePlatformSupportModulesInManaged (10ms)
			SetLoadedEditorAssemblies (6ms)
			BeforeProcessingInitializeOnLoad (107ms)
			ProcessInitializeOnLoadAttributes (285ms)
			ProcessInitializeOnLoadMethodAttributes (54ms)
			AfterProcessingInitializeOnLoad (4ms)
			EditorAssembliesLoaded (0ms)
		ExecutionOrderSort2 (0ms)
		AwakeInstancesAfterBackupRestoration (14ms)
Refreshing native plugins compatible for Editor in 1.58 ms, found 4 plugins.
Preloading 0 native plugins for Editor in 0.00 ms.
Unloading 13 Unused Serialized files (Serialized files now loaded: 0)
Unloading 6786 unused Assets / (4.6 MB). Loaded Objects now: 7830.
Memory consumption went from 172.6 MB to 168.0 MB.
Total: 8.240900 ms (FindLiveObjects: 0.728400 ms CreateObjectMapping: 0.723500 ms MarkObjects: 4.046800 ms  DeleteObjects: 2.741300 ms)

Prepare: number of updated asset objects reloaded= 0
========================================================================
Received Prepare
Begin MonoManager ReloadAssembly
- Loaded All Assemblies, in  0.632 seconds
Refreshing native plugins compatible for Editor in 1.56 ms, found 4 plugins.
Native extension for Android target not found
Native extension for WindowsStandalone target not found
Mono: successfully reloaded assembly
- Finished resetting the current domain, in  0.652 seconds
Domain Reload Profiling: 1283ms
	BeginReloadAssembly (162ms)
		ExecutionOrderSort (0ms)
		DisableScriptedObjects (12ms)
		BackupInstance (0ms)
		ReleaseScriptingObjects (0ms)
		CreateAndSetChildDomain (37ms)
	RebuildCommonClasses (29ms)
	RebuildNativeTypeToScriptingClass (11ms)
	initialDomainReloadingComplete (25ms)
	LoadAllAssembliesAndSetupDomain (402ms)
		LoadAssemblies (295ms)
		RebuildTransferFunctionScriptingTraits (0ms)
		AnalyzeDomain (182ms)
			TypeCache.Refresh (9ms)
				TypeCache.ScanAssembly (1ms)
			BuildScriptInfoCaches (161ms)
			ResolveRequiredComponents (9ms)
	FinalizeReload (652ms)
		ReleaseScriptCaches (0ms)
		RebuildScriptCaches (0ms)
		SetupLoadedEditorAssemblies (462ms)
			LogAssemblyErrors (0ms)
			InitializePlatformSupportModulesInManaged (10ms)
			SetLoadedEditorAssemblies (5ms)
			BeforeProcessingInitializeOnLoad (101ms)
			ProcessInitializeOnLoadAttributes (286ms)
			ProcessInitializeOnLoadMethodAttributes (55ms)
			AfterProcessingInitializeOnLoad (5ms)
			EditorAssembliesLoaded (0ms)
		ExecutionOrderSort2 (0ms)
		AwakeInstancesAfterBackupRestoration (14ms)
Refreshing native plugins compatible for Editor in 1.46 ms, found 4 plugins.
Preloading 0 native plugins for Editor in 0.00 ms.
Unloading 13 Unused Serialized files (Serialized files now loaded: 0)
Unloading 6786 unused Assets / (4.9 MB). Loaded Objects now: 7833.
Memory consumption went from 172.6 MB to 167.8 MB.
Total: 9.059500 ms (FindLiveObjects: 0.688300 ms CreateObjectMapping: 0.732400 ms MarkObjects: 4.207500 ms  DeleteObjects: 3.430100 ms)

Prepare: number of updated asset objects reloaded= 0
========================================================================
Received Import Request.
  Time since last request: 744.500508 seconds.
  path: Assets/Prefab/Enemies/Boss/Astrael, The Null Sovereign/AstraelBoss.prefab
  artifactKey: Guid(3b281540194403f46a1c0e3de6069786) Importer(815301076,1909f56bfc062723c751e8b465ee728b)
Start importing Assets/Prefab/Enemies/Boss/Astrael, The Null Sovereign/AstraelBoss.prefab using Guid(3b281540194403f46a1c0e3de6069786) Importer(815301076,1909f56bfc062723c751e8b465ee728b) (PreviewImporter) -> (artifact id: '78ce3a8a489d3eb0c0524791fd1b4c2d') in 0.509281 seconds
Number of updated asset objects reloaded before import = 0Number of asset objects unloaded after import = 120

========================================================================
Received Import Request.
  Time since last request: 7.734572 seconds.
  path: Assets/Prefab/Enemies/Boss/Astrael, The Null Sovereign/AstraelBoss.prefab
  artifactKey: Guid(3b281540194403f46a1c0e3de6069786) Importer(815301076,1909f56bfc062723c751e8b465ee728b)
Start importing Assets/Prefab/Enemies/Boss/Astrael, The Null Sovereign/AstraelBoss.prefab using Guid(3b281540194403f46a1c0e3de6069786) Importer(815301076,1909f56bfc062723c751e8b465ee728b) (PreviewImporter) -> (artifact id: '74e6dd76dffb94fadb1883bc594f7bb3') in 0.0913518 seconds
Number of updated asset objects reloaded before import = 0Number of asset objects unloaded after import = 126

========================================================================
Received Prepare
Begin MonoManager ReloadAssembly
- Loaded All Assemblies, in  0.629 seconds
Refreshing native plugins compatible for Editor in 2.51 ms, found 4 plugins.
Native extension for Android target not found
Native extension for WindowsStandalone target not found
Mono: successfully reloaded assembly
- Finished resetting the current domain, in  0.659 seconds
Domain Reload Profiling: 1287ms
	BeginReloadAssembly (188ms)
		ExecutionOrderSort (0ms)
		DisableScriptedObjects (20ms)
		BackupInstance (0ms)
		ReleaseScriptingObjects (0ms)
		CreateAndSetChildDomain (51ms)
	RebuildCommonClasses (34ms)
	RebuildNativeTypeToScriptingClass (12ms)
	initialDomainReloadingComplete (25ms)
	LoadAllAssembliesAndSetupDomain (369ms)
		LoadAssemblies (279ms)
		RebuildTransferFunctionScriptingTraits (0ms)
		AnalyzeDomain (171ms)
			TypeCache.Refresh (6ms)
				TypeCache.ScanAssembly (0ms)
			BuildScriptInfoCaches (151ms)
			ResolveRequiredComponents (9ms)
	FinalizeReload (659ms)
		ReleaseScriptCaches (0ms)
		RebuildScriptCaches (0ms)
		SetupLoadedEditorAssemblies (475ms)
			LogAssemblyErrors (0ms)
			InitializePlatformSupportModulesInManaged (9ms)
			SetLoadedEditorAssemblies (6ms)
			BeforeProcessingInitializeOnLoad (101ms)
			ProcessInitializeOnLoadAttributes (305ms)
			ProcessInitializeOnLoadMethodAttributes (50ms)
			AfterProcessingInitializeOnLoad (5ms)
			EditorAssembliesLoaded (0ms)
		ExecutionOrderSort2 (0ms)
		AwakeInstancesAfterBackupRestoration (14ms)
Refreshing native plugins compatible for Editor in 1.41 ms, found 4 plugins.
Preloading 0 native plugins for Editor in 0.00 ms.
Unloading 13 Unused Serialized files (Serialized files now loaded: 0)
Unloading 6786 unused Assets / (4.1 MB). Loaded Objects now: 7858.
Memory consumption went from 174.3 MB to 170.3 MB.
Total: 6.235500 ms (FindLiveObjects: 0.577200 ms CreateObjectMapping: 0.487400 ms MarkObjects: 3.500300 ms  DeleteObjects: 1.670100 ms)

Prepare: number of updated asset objects reloaded= 0
========================================================================
Received Prepare
Begin MonoManager ReloadAssembly
- Loaded All Assemblies, in  0.639 seconds
Refreshing native plugins compatible for Editor in 1.30 ms, found 4 plugins.
Native extension for Android target not found
Native extension for WindowsStandalone target not found
Mono: successfully reloaded assembly
- Finished resetting the current domain, in  0.670 seconds
Domain Reload Profiling: 1307ms
	BeginReloadAssembly (170ms)
		ExecutionOrderSort (0ms)
		DisableScriptedObjects (17ms)
		BackupInstance (0ms)
		ReleaseScriptingObjects (0ms)
		CreateAndSetChildDomain (36ms)
	RebuildCommonClasses (31ms)
	RebuildNativeTypeToScriptingClass (11ms)
	initialDomainReloadingComplete (27ms)
	LoadAllAssembliesAndSetupDomain (397ms)
		LoadAssemblies (297ms)
		RebuildTransferFunctionScriptingTraits (0ms)
		AnalyzeDomain (177ms)
			TypeCache.Refresh (8ms)
				TypeCache.ScanAssembly (0ms)
			BuildScriptInfoCaches (156ms)
			ResolveRequiredComponents (10ms)
	FinalizeReload (670ms)
		ReleaseScriptCaches (0ms)
		RebuildScriptCaches (0ms)
		SetupLoadedEditorAssemblies (480ms)
			LogAssemblyErrors (0ms)
			InitializePlatformSupportModulesInManaged (9ms)
			SetLoadedEditorAssemblies (5ms)
			BeforeProcessingInitializeOnLoad (105ms)
			ProcessInitializeOnLoadAttributes (298ms)
			ProcessInitializeOnLoadMethodAttributes (56ms)
			AfterProcessingInitializeOnLoad (6ms)
			EditorAssembliesLoaded (0ms)
		ExecutionOrderSort2 (0ms)
		AwakeInstancesAfterBackupRestoration (14ms)
Refreshing native plugins compatible for Editor in 1.46 ms, found 4 plugins.
Preloading 0 native plugins for Editor in 0.00 ms.
Unloading 13 Unused Serialized files (Serialized files now loaded: 0)
Unloading 6786 unused Assets / (4.2 MB). Loaded Objects now: 7861.
Memory consumption went from 174.2 MB to 170.0 MB.
Total: 6.543900 ms (FindLiveObjects: 0.612900 ms CreateObjectMapping: 0.515500 ms MarkObjects: 3.555500 ms  DeleteObjects: 1.859500 ms)

Prepare: number of updated asset objects reloaded= 0
========================================================================
Received Prepare
Begin MonoManager ReloadAssembly
- Loaded All Assemblies, in  0.629 seconds
Refreshing native plugins compatible for Editor in 1.51 ms, found 4 plugins.
Native extension for Android target not found
Native extension for WindowsStandalone target not found
Mono: successfully reloaded assembly
- Finished resetting the current domain, in  0.655 seconds
Domain Reload Profiling: 1283ms
	BeginReloadAssembly (184ms)
		ExecutionOrderSort (0ms)
		DisableScriptedObjects (12ms)
		BackupInstance (0ms)
		ReleaseScriptingObjects (0ms)
		CreateAndSetChildDomain (45ms)
	RebuildCommonClasses (28ms)
	RebuildNativeTypeToScriptingClass (9ms)
	initialDomainReloadingComplete (24ms)
	LoadAllAssembliesAndSetupDomain (383ms)
		LoadAssemblies (299ms)
		RebuildTransferFunctionScriptingTraits (0ms)
		AnalyzeDomain (169ms)
			TypeCache.Refresh (7ms)
				TypeCache.ScanAssembly (0ms)
			BuildScriptInfoCaches (149ms)
			ResolveRequiredComponents (9ms)
	FinalizeReload (655ms)
		ReleaseScriptCaches (0ms)
		RebuildScriptCaches (0ms)
		SetupLoadedEditorAssemblies (481ms)
			LogAssemblyErrors (0ms)
			InitializePlatformSupportModulesInManaged (9ms)
			SetLoadedEditorAssemblies (5ms)
			BeforeProcessingInitializeOnLoad (98ms)
			ProcessInitializeOnLoadAttributes (313ms)
			ProcessInitializeOnLoadMethodAttributes (51ms)
			AfterProcessingInitializeOnLoad (4ms)
			EditorAssembliesLoaded (0ms)
		ExecutionOrderSort2 (0ms)
		AwakeInstancesAfterBackupRestoration (13ms)
Refreshing native plugins compatible for Editor in 1.49 ms, found 4 plugins.
Preloading 0 native plugins for Editor in 0.00 ms.
Unloading 13 Unused Serialized files (Serialized files now loaded: 0)
Unloading 6786 unused Assets / (4.2 MB). Loaded Objects now: 7864.
Memory consumption went from 174.2 MB to 170.0 MB.
Total: 7.076500 ms (FindLiveObjects: 0.623000 ms CreateObjectMapping: 0.508300 ms MarkObjects: 3.814400 ms  DeleteObjects: 2.129900 ms)

Prepare: number of updated asset objects reloaded= 0
========================================================================
Received Import Request.
  Time since last request: 106.457959 seconds.
  path: Assets/Prefab/Enemies/Boss/Astrael, The Null Sovereign/AstraelBoss.prefab
  artifactKey: Guid(3b281540194403f46a1c0e3de6069786) Importer(815301076,1909f56bfc062723c751e8b465ee728b)
Start importing Assets/Prefab/Enemies/Boss/Astrael, The Null Sovereign/AstraelBoss.prefab using Guid(3b281540194403f46a1c0e3de6069786) Importer(815301076,1909f56bfc062723c751e8b465ee728b) (PreviewImporter) -> (artifact id: '3de6f4560dac4f544e87f1340f089b73') in 0.4673578 seconds
Number of updated asset objects reloaded before import = 0Number of asset objects unloaded after import = 127

========================================================================
Received Import Request.
  Time since last request: 3.735988 seconds.
  path: Assets/Prefab/Enemies/Boss/Astrael, The Null Sovereign/AstraelBoss.prefab
  artifactKey: Guid(3b281540194403f46a1c0e3de6069786) Importer(815301076,1909f56bfc062723c751e8b465ee728b)
Start importing Assets/Prefab/Enemies/Boss/Astrael, The Null Sovereign/AstraelBoss.prefab using Guid(3b281540194403f46a1c0e3de6069786) Importer(815301076,1909f56bfc062723c751e8b465ee728b) (PreviewImporter) -> (artifact id: '258b820ca67e8c966385210657533fe6') in 0.0863028 seconds
Number of updated asset objects reloaded before import = 0Number of asset objects unloaded after import = 127

========================================================================
Received Import Request.
  Time since last request: 1.718009 seconds.
  path: Assets/Prefab/Enemies/Boss/Astrael, The Null Sovereign/AstraelBoss.prefab
  artifactKey: Guid(3b281540194403f46a1c0e3de6069786) Importer(815301076,1909f56bfc062723c751e8b465ee728b)
Start importing Assets/Prefab/Enemies/Boss/Astrael, The Null Sovereign/AstraelBoss.prefab using Guid(3b281540194403f46a1c0e3de6069786) Importer(815301076,1909f56bfc062723c751e8b465ee728b) (PreviewImporter) -> (artifact id: 'ab661e6a03af59a533c3c35c905136de') in 0.0716287 seconds
Number of updated asset objects reloaded before import = 0Number of asset objects unloaded after import = 127

========================================================================
Received Import Request.
  Time since last request: 1.997181 seconds.
  path: Assets/Prefab/Enemies/Boss/Astrael, The Null Sovereign/AstraelBoss.prefab
  artifactKey: Guid(3b281540194403f46a1c0e3de6069786) Importer(815301076,1909f56bfc062723c751e8b465ee728b)
Start importing Assets/Prefab/Enemies/Boss/Astrael, The Null Sovereign/AstraelBoss.prefab using Guid(3b281540194403f46a1c0e3de6069786) Importer(815301076,1909f56bfc062723c751e8b465ee728b) (PreviewImporter) -> (artifact id: '474a586213e7b36fdfd4dd9cd28dfeec') in 0.0652935 seconds
Number of updated asset objects reloaded before import = 0Number of asset objects unloaded after import = 127

========================================================================
Received Prepare
Begin MonoManager ReloadAssembly
- Loaded All Assemblies, in  0.643 seconds
Refreshing native plugins compatible for Editor in 1.61 ms, found 4 plugins.
Native extension for Android target not found
Native extension for WindowsStandalone target not found
Mono: successfully reloaded assembly
- Finished resetting the current domain, in  0.668 seconds
Domain Reload Profiling: 1311ms
	BeginReloadAssembly (218ms)
		ExecutionOrderSort (0ms)
		DisableScriptedObjects (22ms)
		BackupInstance (0ms)
		ReleaseScriptingObjects (0ms)
		CreateAndSetChildDomain (72ms)
	RebuildCommonClasses (28ms)
	RebuildNativeTypeToScriptingClass (11ms)
	initialDomainReloadingComplete (24ms)
	LoadAllAssembliesAndSetupDomain (361ms)
		LoadAssemblies (280ms)
		RebuildTransferFunctionScriptingTraits (0ms)
		AnalyzeDomain (163ms)
			TypeCache.Refresh (6ms)
				TypeCache.ScanAssembly (0ms)
			BuildScriptInfoCaches (144ms)
			ResolveRequiredComponents (9ms)
	FinalizeReload (669ms)
		ReleaseScriptCaches (0ms)
		RebuildScriptCaches (0ms)
		SetupLoadedEditorAssemblies (480ms)
			LogAssemblyErrors (0ms)
			InitializePlatformSupportModulesInManaged (9ms)
			SetLoadedEditorAssemblies (5ms)
			BeforeProcessingInitializeOnLoad (103ms)
			ProcessInitializeOnLoadAttributes (309ms)
			ProcessInitializeOnLoadMethodAttributes (51ms)
			AfterProcessingInitializeOnLoad (4ms)
			EditorAssembliesLoaded (0ms)
		ExecutionOrderSort2 (0ms)
		AwakeInstancesAfterBackupRestoration (14ms)
Refreshing native plugins compatible for Editor in 1.40 ms, found 4 plugins.
Preloading 0 native plugins for Editor in 0.00 ms.
Unloading 13 Unused Serialized files (Serialized files now loaded: 0)
Unloading 6786 unused Assets / (4.0 MB). Loaded Objects now: 7889.
Memory consumption went from 175.9 MB to 172.0 MB.
Total: 6.158000 ms (FindLiveObjects: 0.587100 ms CreateObjectMapping: 0.489200 ms MarkObjects: 3.518600 ms  DeleteObjects: 1.562400 ms)

Prepare: number of updated asset objects reloaded= 0
========================================================================
Received Import Request.
  Time since last request: 62.642594 seconds.
  path: Assets/Prefab/Enemies/Boss/Astrael, The Null Sovereign/AstraelBoss.prefab
  artifactKey: Guid(3b281540194403f46a1c0e3de6069786) Importer(815301076,1909f56bfc062723c751e8b465ee728b)
Start importing Assets/Prefab/Enemies/Boss/Astrael, The Null Sovereign/AstraelBoss.prefab using Guid(3b281540194403f46a1c0e3de6069786) Importer(815301076,1909f56bfc062723c751e8b465ee728b) (PreviewImporter) -> (artifact id: 'f7a84ac0bf0740ff604ff9918e01b21c') in 0.4702854 seconds
Number of updated asset objects reloaded before import = 0Number of asset objects unloaded after import = 127

========================================================================
Received Import Request.
  Time since last request: 5.079224 seconds.
  path: Assets/Prefab/Enemies/Boss/Astrael, The Null Sovereign/AstraelBoss.prefab
  artifactKey: Guid(3b281540194403f46a1c0e3de6069786) Importer(815301076,1909f56bfc062723c751e8b465ee728b)
Start importing Assets/Prefab/Enemies/Boss/Astrael, The Null Sovereign/AstraelBoss.prefab using Guid(3b281540194403f46a1c0e3de6069786) Importer(815301076,1909f56bfc062723c751e8b465ee728b) (PreviewImporter) -> (artifact id: 'df73c1314261237973b408926f2b8e20') in 0.1055714 seconds
Number of updated asset objects reloaded before import = 0Number of asset objects unloaded after import = 127

========================================================================
Received Import Request.
  Time since last request: 0.274870 seconds.
  path: Assets/Prefab/Enemies/Boss/Astrael, The Null Sovereign/AstraelBoss.prefab
  artifactKey: Guid(3b281540194403f46a1c0e3de6069786) Importer(815301076,1909f56bfc062723c751e8b465ee728b)
Start importing Assets/Prefab/Enemies/Boss/Astrael, The Null Sovereign/AstraelBoss.prefab using Guid(3b281540194403f46a1c0e3de6069786) Importer(815301076,1909f56bfc062723c751e8b465ee728b) (PreviewImporter) -> (artifact id: '7805d4aafe8aa66641889f76113d5b3d') in 0.0776403 seconds
Number of updated asset objects reloaded before import = 0Number of asset objects unloaded after import = 127

========================================================================
Received Import Request.
  Time since last request: 2.909187 seconds.
  path: Assets/Prefab/Enemies/Boss/Astrael, The Null Sovereign/AstraelBoss.prefab
  artifactKey: Guid(3b281540194403f46a1c0e3de6069786) Importer(815301076,1909f56bfc062723c751e8b465ee728b)
Start importing Assets/Prefab/Enemies/Boss/Astrael, The Null Sovereign/AstraelBoss.prefab using Guid(3b281540194403f46a1c0e3de6069786) Importer(815301076,1909f56bfc062723c751e8b465ee728b) (PreviewImporter) -> (artifact id: '9d137206c9e7a95e007313af704c160e') in 0.111467 seconds
Number of updated asset objects reloaded before import = 0Number of asset objects unloaded after import = 127

========================================================================
Received Import Request.
  Time since last request: 0.873200 seconds.
  path: Assets/Prefab/Enemies/Boss/Astrael, The Null Sovereign/AstraelBoss.prefab
  artifactKey: Guid(3b281540194403f46a1c0e3de6069786) Importer(815301076,1909f56bfc062723c751e8b465ee728b)
Start importing Assets/Prefab/Enemies/Boss/Astrael, The Null Sovereign/AstraelBoss.prefab using Guid(3b281540194403f46a1c0e3de6069786) Importer(815301076,1909f56bfc062723c751e8b465ee728b) (PreviewImporter) -> (artifact id: 'd7af186b02fd748c09080548e2f7a38a') in 0.0896265 seconds
Number of updated asset objects reloaded before import = 0Number of asset objects unloaded after import = 127

========================================================================
Received Import Request.
  Time since last request: 1.303980 seconds.
  path: Assets/Prefab/Enemies/Boss/Astrael, The Null Sovereign/AstraelBoss.prefab
  artifactKey: Guid(3b281540194403f46a1c0e3de6069786) Importer(815301076,1909f56bfc062723c751e8b465ee728b)
Start importing Assets/Prefab/Enemies/Boss/Astrael, The Null Sovereign/AstraelBoss.prefab using Guid(3b281540194403f46a1c0e3de6069786) Importer(815301076,1909f56bfc062723c751e8b465ee728b) (PreviewImporter) -> (artifact id: 'b7a13403431ac1477e2b5a2f0a33fc45') in 0.0865949 seconds
Number of updated asset objects reloaded before import = 0Number of asset objects unloaded after import = 127

========================================================================
Received Import Request.
  Time since last request: 1.894307 seconds.
  path: Assets/Prefab/Enemies/Boss/Astrael, The Null Sovereign/AstraelBoss.prefab
  artifactKey: Guid(3b281540194403f46a1c0e3de6069786) Importer(815301076,1909f56bfc062723c751e8b465ee728b)
Start importing Assets/Prefab/Enemies/Boss/Astrael, The Null Sovereign/AstraelBoss.prefab using Guid(3b281540194403f46a1c0e3de6069786) Importer(815301076,1909f56bfc062723c751e8b465ee728b) (PreviewImporter) -> (artifact id: '72d2a8a4c2786a201a9eda7e9f85de85') in 0.0891077 seconds
Number of updated asset objects reloaded before import = 0Number of asset objects unloaded after import = 127

========================================================================
Received Import Request.
  Time since last request: 0.898456 seconds.
  path: Assets/Prefab/Enemies/Boss/Astrael, The Null Sovereign/AstraelBoss.prefab
  artifactKey: Guid(3b281540194403f46a1c0e3de6069786) Importer(815301076,1909f56bfc062723c751e8b465ee728b)
Start importing Assets/Prefab/Enemies/Boss/Astrael, The Null Sovereign/AstraelBoss.prefab using Guid(3b281540194403f46a1c0e3de6069786) Importer(815301076,1909f56bfc062723c751e8b465ee728b) (PreviewImporter) -> (artifact id: '13599acd92c55032a511d59cdfd77489') in 0.0845184 seconds
Number of updated asset objects reloaded before import = 0Number of asset objects unloaded after import = 127

========================================================================
Received Import Request.
  Time since last request: 1.099983 seconds.
  path: Assets/Prefab/Enemies/Boss/Astrael, The Null Sovereign/AstraelBoss.prefab
  artifactKey: Guid(3b281540194403f46a1c0e3de6069786) Importer(815301076,1909f56bfc062723c751e8b465ee728b)
Start importing Assets/Prefab/Enemies/Boss/Astrael, The Null Sovereign/AstraelBoss.prefab using Guid(3b281540194403f46a1c0e3de6069786) Importer(815301076,1909f56bfc062723c751e8b465ee728b) (PreviewImporter) -> (artifact id: 'dfc15d83aaf9d764e9ec52bc8df69984') in 0.0850805 seconds
Number of updated asset objects reloaded before import = 0Number of asset objects unloaded after import = 127

========================================================================
Received Import Request.
  Time since last request: 1.095064 seconds.
  path: Assets/Prefab/Enemies/Boss/Astrael, The Null Sovereign/AstraelBoss.prefab
  artifactKey: Guid(3b281540194403f46a1c0e3de6069786) Importer(815301076,1909f56bfc062723c751e8b465ee728b)
Start importing Assets/Prefab/Enemies/Boss/Astrael, The Null Sovereign/AstraelBoss.prefab using Guid(3b281540194403f46a1c0e3de6069786) Importer(815301076,1909f56bfc062723c751e8b465ee728b) (PreviewImporter) -> (artifact id: '6a52d6f4ce9876dffc1ab2bf0940635e') in 0.0816667 seconds
Number of updated asset objects reloaded before import = 0Number of asset objects unloaded after import = 127

========================================================================
Received Import Request.
  Time since last request: 20.854043 seconds.
  path: Assets/Prefab/Enemies/Boss/Astrael, The Null Sovereign/AstraelBoss.prefab
  artifactKey: Guid(3b281540194403f46a1c0e3de6069786) Importer(815301076,1909f56bfc062723c751e8b465ee728b)
Start importing Assets/Prefab/Enemies/Boss/Astrael, The Null Sovereign/AstraelBoss.prefab using Guid(3b281540194403f46a1c0e3de6069786) Importer(815301076,1909f56bfc062723c751e8b465ee728b) (PreviewImporter) -> (artifact id: '0ebf8cec976d22aef8507c0f1ce00225') in 0.1134275 seconds
Number of updated asset objects reloaded before import = 0Number of asset objects unloaded after import = 127

========================================================================
Received Prepare
Begin MonoManager ReloadAssembly
- Loaded All Assemblies, in  0.648 seconds
Refreshing native plugins compatible for Editor in 1.50 ms, found 4 plugins.
Native extension for Android target not found
Native extension for WindowsStandalone target not found
Mono: successfully reloaded assembly
- Finished resetting the current domain, in  0.688 seconds
Domain Reload Profiling: 1334ms
	BeginReloadAssembly (213ms)
		ExecutionOrderSort (0ms)
		DisableScriptedObjects (24ms)
		BackupInstance (0ms)
		ReleaseScriptingObjects (0ms)
		CreateAndSetChildDomain (56ms)
	RebuildCommonClasses (34ms)
	RebuildNativeTypeToScriptingClass (10ms)
	initialDomainReloadingComplete (26ms)
	LoadAllAssembliesAndSetupDomain (363ms)
		LoadAssemblies (290ms)
		RebuildTransferFunctionScriptingTraits (0ms)
		AnalyzeDomain (164ms)
			TypeCache.Refresh (6ms)
				TypeCache.ScanAssembly (0ms)
			BuildScriptInfoCaches (143ms)
			ResolveRequiredComponents (12ms)
	FinalizeReload (688ms)
		ReleaseScriptCaches (0ms)
		RebuildScriptCaches (0ms)
		SetupLoadedEditorAssemblies (509ms)
			LogAssemblyErrors (0ms)
			InitializePlatformSupportModulesInManaged (11ms)
			SetLoadedEditorAssemblies (6ms)
			BeforeProcessingInitializeOnLoad (108ms)
			ProcessInitializeOnLoadAttributes (322ms)
			ProcessInitializeOnLoadMethodAttributes (57ms)
			AfterProcessingInitializeOnLoad (4ms)
			EditorAssembliesLoaded (0ms)
		ExecutionOrderSort2 (0ms)
		AwakeInstancesAfterBackupRestoration (15ms)
Refreshing native plugins compatible for Editor in 1.80 ms, found 4 plugins.
Preloading 0 native plugins for Editor in 0.00 ms.
Unloading 13 Unused Serialized files (Serialized files now loaded: 0)
Unloading 6786 unused Assets / (4.0 MB). Loaded Objects now: 7914.
Memory consumption went from 177.5 MB to 173.5 MB.
Total: 6.084000 ms (FindLiveObjects: 0.586800 ms CreateObjectMapping: 0.475800 ms MarkObjects: 3.477500 ms  DeleteObjects: 1.543300 ms)

Prepare: number of updated asset objects reloaded= 0
========================================================================
Received Import Request.
  Time since last request: 182.701592 seconds.
  path: Assets/Sprites/Enemies/Astrael, The Null Sovereign/BackLeftView.png
  artifactKey: Guid(da2a0b15489b22649b38e98fc2e573fd) Importer(815301076,1909f56bfc062723c751e8b465ee728b)
Start importing Assets/Sprites/Enemies/Astrael, The Null Sovereign/BackLeftView.png using Guid(da2a0b15489b22649b38e98fc2e573fd) Importer(815301076,1909f56bfc062723c751e8b465ee728b) (PreviewImporter) -> (artifact id: '67674bd003bc0d8ba3d75ef90db86010') in 0.1262622 seconds
Number of updated asset objects reloaded before import = 0Number of asset objects unloaded after import = 3

========================================================================
Received Import Request.
  Time since last request: 0.000021 seconds.
  path: Assets/Sprites/Enemies/Astrael, The Null Sovereign/FrontLeftView.png
  artifactKey: Guid(eb852ebde13b77841b0e7ecf8f6bfd57) Importer(815301076,1909f56bfc062723c751e8b465ee728b)
Start importing Assets/Sprites/Enemies/Astrael, The Null Sovereign/FrontLeftView.png using Guid(eb852ebde13b77841b0e7ecf8f6bfd57) Importer(815301076,1909f56bfc062723c751e8b465ee728b) (PreviewImporter) -> (artifact id: '6c84111a1e7d0f71f6a2e01aefe88eb1') in 0.0304994 seconds
Number of updated asset objects reloaded before import = 0Number of asset objects unloaded after import = 3

========================================================================
Received Import Request.
  Time since last request: 0.000022 seconds.
  path: Assets/Sprites/Enemies/Astrael, The Null Sovereign/FrontView.png
  artifactKey: Guid(f241810ef17cd12489a8af27269b0c6c) Importer(815301076,1909f56bfc062723c751e8b465ee728b)
Start importing Assets/Sprites/Enemies/Astrael, The Null Sovereign/FrontView.png using Guid(f241810ef17cd12489a8af27269b0c6c) Importer(815301076,1909f56bfc062723c751e8b465ee728b) (PreviewImporter) -> (artifact id: '9d84c26fec4db38f65439206e44ec2c4') in 0.0220262 seconds
Number of updated asset objects reloaded before import = 0Number of asset objects unloaded after import = 3

========================================================================
Received Import Request.
  Time since last request: 0.000022 seconds.
  path: Assets/Sprites/Enemies/Astrael, The Null Sovereign/FrontRightView.png
  artifactKey: Guid(31f976f2e566bdb4387c0f5011b9bb81) Importer(815301076,1909f56bfc062723c751e8b465ee728b)
Start importing Assets/Sprites/Enemies/Astrael, The Null Sovereign/FrontRightView.png using Guid(31f976f2e566bdb4387c0f5011b9bb81) Importer(815301076,1909f56bfc062723c751e8b465ee728b) (PreviewImporter) -> (artifact id: 'a1318eaed28d69ca15a3b43174740f4f') in 0.0186014 seconds
Number of updated asset objects reloaded before import = 0Number of asset objects unloaded after import = 3

Editor requested this worker to shutdown with reason: Scaling down because of idle timeout
AssetImportWorkerClient::OnTransportError - code=2 error=End of file
AssetImportWorker is now disconnected from the server
Process exiting
Exiting without the bug reporter. Application will terminate with return code 0