Using pre-set license
Built from '6000.0/staging' branch; Version is '6000.0.41f1 (46e447368a18) revision 4645959'; Using compiler version '193933523'; Build Type 'Release'
OS: 'Windows 11  (10.0.26200) 64bit Professional' Language: 'es' Physical Memory: 16221 MB
BatchMode: 1, IsHumanControllingUs: 0, StartBugReporterOnCrash: 0, Is64bit: 1, IsPro: 1

COMMAND LINE ARGUMENTS:
C:\Program Files\Unity\Hub\Editor\6000.0.41f1\Editor\Unity.exe
-adb2
-batchMode
-noUpm
-name
AssetImportWorker21
-projectPath
C:/Users/Nitropc/Documents/GitHub/Totemtro/Totemtro
-logFile
Logs/AssetImportWorker21.log
-srvPort
64305
-job-worker-count
7
-background-job-worker-count
8
-gc-helper-count
1
Successfully changed project path to: C:/Users/Nitropc/Documents/GitHub/Totemtro/Totemtro
C:/Users/Nitropc/Documents/GitHub/Totemtro/Totemtro
[UnityMemory] Configuration Parameters - Can be set up in boot.config
    "memorysetup-bucket-allocator-granularity=16"
    "memorysetup-bucket-allocator-bucket-count=8"
    "memorysetup-bucket-allocator-block-size=33554432"
    "memorysetup-bucket-allocator-block-count=8"
    "memorysetup-main-allocator-block-size=16777216"
    "memorysetup-thread-allocator-block-size=16777216"
    "memorysetup-gfx-main-allocator-block-size=16777216"
    "memorysetup-gfx-thread-allocator-block-size=16777216"
    "memorysetup-cache-allocator-block-size=4194304"
    "memorysetup-typetree-allocator-block-size=2097152"
    "memorysetup-profiler-bucket-allocator-granularity=16"
    "memorysetup-profiler-bucket-allocator-bucket-count=8"
    "memorysetup-profiler-bucket-allocator-block-size=33554432"
    "memorysetup-profiler-bucket-allocator-block-count=8"
    "memorysetup-profiler-allocator-block-size=16777216"
    "memorysetup-profiler-editor-allocator-block-size=1048576"
    "memorysetup-temp-allocator-size-main=16777216"
    "memorysetup-job-temp-allocator-block-size=2097152"
    "memorysetup-job-temp-allocator-block-size-background=1048576"
    "memorysetup-job-temp-allocator-reduction-small-platforms=262144"
    "memorysetup-allocator-temp-initial-block-size-main=262144"
    "memorysetup-allocator-temp-initial-block-size-worker=262144"
    "memorysetup-temp-allocator-size-background-worker=32768"
    "memorysetup-temp-allocator-size-job-worker=262144"
    "memorysetup-temp-allocator-size-preload-manager=33554432"
    "memorysetup-temp-allocator-size-nav-mesh-worker=65536"
    "memorysetup-temp-allocator-size-audio-worker=65536"
    "memorysetup-temp-allocator-size-cloud-worker=32768"
    "memorysetup-temp-allocator-size-gi-baking-worker=262144"
    "memorysetup-temp-allocator-size-gi-baking-worker=262144"
    "memorysetup-temp-allocator-size-gi-baking-worker=262144"
    "memorysetup-temp-allocator-size-gi-baking-worker=262144"
    "memorysetup-temp-allocator-size-gi-baking-worker=262144"
    "memorysetup-temp-allocator-size-gfx=262144"
Player connection [28520]  Target information:

Player connection [28520]  * "[IP] 192.168.1.17 [Port] 0 [Flags] 2 [Guid] 4171584468 [EditorId] 4171584468 [Version] 1048832 [Id] WindowsEditor(7,DZka1) [Debug] 1 [PackageName] WindowsEditor [ProjectName] Editor" 

Player connection [28520] Host joined multi-casting on [225.0.0.222:54997]...
Player connection [28520] Host joined alternative multi-casting on [225.0.0.222:34997]...
JobSystem: Creating JobQueue using job-worker-count value 7
Input System module state changed to: Initialized.
[Physics::Module] Initialized fallback backend.
[Physics::Module] Id: 0xdecafbad
Library Redirect Path: Library/
[Physics::Module] Selected backend.
[Physics::Module] Name: PhysX
[Physics::Module] Id: 0xf2b8ea05
[Physics::Module] SDK Version: 4.1.2
[Physics::Module] Integration Version: 1.0.0
[Physics::Module] Threading Mode: Multi-Threaded
Refreshing native plugins compatible for Editor in 2.97 ms, found 4 plugins.
Preloading 0 native plugins for Editor in 0.00 ms.
Initialize engine version: 6000.0.41f1 (46e447368a18)
[Subsystems] Discovering subsystems at path C:/Program Files/Unity/Hub/Editor/6000.0.41f1/Editor/Data/Resources/UnitySubsystems
[Subsystems] Discovering subsystems at path C:/Users/Nitropc/Documents/GitHub/Totemtro/Totemtro/Assets
GfxDevice: creating device client; kGfxThreadingModeNonThreaded
Direct3D:
    Version:  Direct3D 11.0 [level 11.1]
    Renderer: NVIDIA GeForce RTX 2060 (ID=0x1f08)
    Vendor:   NVIDIA
    VRAM:     5955 MB
    Driver:   32.0.15.9159
Initialize mono
Mono path[0] = 'C:/Program Files/Unity/Hub/Editor/6000.0.41f1/Editor/Data/Managed'
Mono path[1] = 'C:/Program Files/Unity/Hub/Editor/6000.0.41f1/Editor/Data/MonoBleedingEdge/lib/mono/unityjit-win32'
Mono config path = 'C:/Program Files/Unity/Hub/Editor/6000.0.41f1/Editor/Data/MonoBleedingEdge/etc'
Using monoOptions --debugger-agent=transport=dt_socket,embedding=1,server=y,suspend=n,address=127.0.0.1:56252
Begin MonoManager ReloadAssembly
Registering precompiled unity dll's ...
Register platform support module: C:/Program Files/Unity/Hub/Editor/6000.0.41f1/Editor/Data/PlaybackEngines/WindowsStandaloneSupport/UnityEditor.WindowsStandalone.Extensions.dll
Register platform support module: C:/Program Files/Unity/Hub/Editor/6000.0.41f1/Editor/Data/PlaybackEngines/AndroidPlayer/UnityEditor.Android.Extensions.dll
Registered in 0.003378 seconds.
- Loaded All Assemblies, in  0.342 seconds
Native extension for Android target not found
Android Extension - Scanning For ADB Devices 164 ms
Native extension for WindowsStandalone target not found
Mono: successfully reloaded assembly
- Finished resetting the current domain, in  0.491 seconds
Domain Reload Profiling: 831ms
	BeginReloadAssembly (113ms)
		ExecutionOrderSort (0ms)
		DisableScriptedObjects (0ms)
		BackupInstance (0ms)
		ReleaseScriptingObjects (0ms)
		CreateAndSetChildDomain (1ms)
	RebuildCommonClasses (40ms)
	RebuildNativeTypeToScriptingClass (11ms)
	initialDomainReloadingComplete (44ms)
	LoadAllAssembliesAndSetupDomain (131ms)
		LoadAssemblies (111ms)
		RebuildTransferFunctionScriptingTraits (0ms)
		AnalyzeDomain (128ms)
			TypeCache.Refresh (126ms)
				TypeCache.ScanAssembly (115ms)
			BuildScriptInfoCaches (0ms)
			ResolveRequiredComponents (0ms)
	FinalizeReload (491ms)
		ReleaseScriptCaches (0ms)
		RebuildScriptCaches (0ms)
		SetupLoadedEditorAssemblies (454ms)
			LogAssemblyErrors (0ms)
			InitializePlatformSupportModulesInManaged (260ms)
			SetLoadedEditorAssemblies (3ms)
			BeforeProcessingInitializeOnLoad (43ms)
			ProcessInitializeOnLoadAttributes (101ms)
			ProcessInitializeOnLoadMethodAttributes (47ms)
			AfterProcessingInitializeOnLoad (0ms)
			EditorAssembliesLoaded (0ms)
		ExecutionOrderSort2 (0ms)
		AwakeInstancesAfterBackupRestoration (0ms)
========================================================================
Worker process is ready to serve import requests
Import Worker Mode flag is 0x00
Begin MonoManager ReloadAssembly
- Loaded All Assemblies, in  0.705 seconds
Refreshing native plugins compatible for Editor in 1.76 ms, found 4 plugins.
Native extension for Android target not found
Native extension for WindowsStandalone target not found
Mono: successfully reloaded assembly
- Finished resetting the current domain, in  0.648 seconds
Domain Reload Profiling: 1349ms
	BeginReloadAssembly (143ms)
		ExecutionOrderSort (0ms)
		DisableScriptedObjects (5ms)
		BackupInstance (0ms)
		ReleaseScriptingObjects (0ms)
		CreateAndSetChildDomain (24ms)
	RebuildCommonClasses (34ms)
	RebuildNativeTypeToScriptingClass (12ms)
	initialDomainReloadingComplete (36ms)
	LoadAllAssembliesAndSetupDomain (476ms)
		LoadAssemblies (317ms)
		RebuildTransferFunctionScriptingTraits (0ms)
		AnalyzeDomain (245ms)
			TypeCache.Refresh (175ms)
				TypeCache.ScanAssembly (157ms)
			BuildScriptInfoCaches (57ms)
			ResolveRequiredComponents (11ms)
	FinalizeReload (649ms)
		ReleaseScriptCaches (0ms)
		RebuildScriptCaches (0ms)
		SetupLoadedEditorAssemblies (520ms)
			LogAssemblyErrors (0ms)
			InitializePlatformSupportModulesInManaged (10ms)
			SetLoadedEditorAssemblies (5ms)
			BeforeProcessingInitializeOnLoad (93ms)
			ProcessInitializeOnLoadAttributes (313ms)
			ProcessInitializeOnLoadMethodAttributes (94ms)
			AfterProcessingInitializeOnLoad (4ms)
			EditorAssembliesLoaded (0ms)
		ExecutionOrderSort2 (0ms)
		AwakeInstancesAfterBackupRestoration (5ms)
Launched and connected shader compiler UnityShaderCompiler.exe after 0.01 seconds
Refreshing native plugins compatible for Editor in 1.75 ms, found 4 plugins.
Preloading 0 native plugins for Editor in 0.00 ms.
Unloading 220 Unused Serialized files (Serialized files now loaded: 0)
Unloading 6807 unused Assets / (4.4 MB). Loaded Objects now: 7525.
Memory consumption went from 181.7 MB to 177.2 MB.
Total: 8.113900 ms (FindLiveObjects: 0.678100 ms CreateObjectMapping: 0.668500 ms MarkObjects: 4.378700 ms  DeleteObjects: 2.387400 ms)

========================================================================
Received Import Request.
  Time since last request: 44097.914778 seconds.
  path: Assets/Sprites/Enemies/Elite Thrall/BackView.png
  artifactKey: Guid(ad9e324ffcfb459428618cf4748b1eac) Importer(815301076,1909f56bfc062723c751e8b465ee728b)
Start importing Assets/Sprites/Enemies/Elite Thrall/BackView.png using Guid(ad9e324ffcfb459428618cf4748b1eac) Importer(815301076,1909f56bfc062723c751e8b465ee728b) (PreviewImporter) -> (artifact id: '7667ba7c253749783b3ba9ae4ffcc94f') in 0.1071704 seconds
Number of updated asset objects reloaded before import = 0Number of asset objects unloaded after import = 3

========================================================================
Received Import Request.
  Time since last request: 89.222444 seconds.
  path: Assets/Sprites/Enemies/Elite Thrall/BackView.png
  artifactKey: Guid(ad9e324ffcfb459428618cf4748b1eac) Importer(815301076,1909f56bfc062723c751e8b465ee728b)
Start importing Assets/Sprites/Enemies/Elite Thrall/BackView.png using Guid(ad9e324ffcfb459428618cf4748b1eac) Importer(815301076,1909f56bfc062723c751e8b465ee728b) (PreviewImporter) -> (artifact id: '7e0bf240e72e75823bf6cff489fdd2b7') in 0.033256 seconds
Number of updated asset objects reloaded before import = 0Number of asset objects unloaded after import = 3

========================================================================
Received Import Request.
  Time since last request: 147.704284 seconds.
  path: Assets/Prefab/Enemies/Boss/Astrael, The Null Sovereign/AstraelBoss.prefab
  artifactKey: Guid(3b281540194403f46a1c0e3de6069786) Importer(815301076,1909f56bfc062723c751e8b465ee728b)
Start importing Assets/Prefab/Enemies/Boss/Astrael, The Null Sovereign/AstraelBoss.prefab using Guid(3b281540194403f46a1c0e3de6069786) Importer(815301076,1909f56bfc062723c751e8b465ee728b) (PreviewImporter) -> (artifact id: '4b724f288e6ede5df0889a697d3951b3') in 0.5322064 seconds
Number of updated asset objects reloaded before import = 0Number of asset objects unloaded after import = 187

========================================================================
Received Prepare
Begin MonoManager ReloadAssembly
- Loaded All Assemblies, in  0.654 seconds
Refreshing native plugins compatible for Editor in 1.79 ms, found 4 plugins.
Native extension for Android target not found
Native extension for WindowsStandalone target not found
Mono: successfully reloaded assembly
- Finished resetting the current domain, in  0.638 seconds
Domain Reload Profiling: 1290ms
	BeginReloadAssembly (192ms)
		ExecutionOrderSort (0ms)
		DisableScriptedObjects (27ms)
		BackupInstance (0ms)
		ReleaseScriptingObjects (0ms)
		CreateAndSetChildDomain (48ms)
	RebuildCommonClasses (41ms)
	RebuildNativeTypeToScriptingClass (12ms)
	initialDomainReloadingComplete (27ms)
	LoadAllAssembliesAndSetupDomain (380ms)
		LoadAssemblies (285ms)
		RebuildTransferFunctionScriptingTraits (0ms)
		AnalyzeDomain (170ms)
			TypeCache.Refresh (8ms)
				TypeCache.ScanAssembly (1ms)
			BuildScriptInfoCaches (144ms)
			ResolveRequiredComponents (14ms)
	FinalizeReload (638ms)
		ReleaseScriptCaches (0ms)
		RebuildScriptCaches (0ms)
		SetupLoadedEditorAssemblies (466ms)
			LogAssemblyErrors (0ms)
			InitializePlatformSupportModulesInManaged (8ms)
			SetLoadedEditorAssemblies (5ms)
			BeforeProcessingInitializeOnLoad (101ms)
			ProcessInitializeOnLoadAttributes (299ms)
			ProcessInitializeOnLoadMethodAttributes (48ms)
			AfterProcessingInitializeOnLoad (4ms)
			EditorAssembliesLoaded (0ms)
		ExecutionOrderSort2 (0ms)
		AwakeInstancesAfterBackupRestoration (9ms)
Refreshing native plugins compatible for Editor in 1.82 ms, found 4 plugins.
Preloading 0 native plugins for Editor in 0.00 ms.
Unloading 13 Unused Serialized files (Serialized files now loaded: 0)
Unloading 6805 unused Assets / (4.0 MB). Loaded Objects now: 7566.
Memory consumption went from 158.7 MB to 154.7 MB.
Total: 8.628500 ms (FindLiveObjects: 0.734300 ms CreateObjectMapping: 0.920500 ms MarkObjects: 4.443500 ms  DeleteObjects: 2.528300 ms)

Prepare: number of updated asset objects reloaded= 0
========================================================================
Received Prepare
Refreshing native plugins compatible for Editor in 1.84 ms, found 4 plugins.
Preloading 0 native plugins for Editor in 0.00 ms.
Unloading 13 Unused Serialized files (Serialized files now loaded: 0)
Unloading 6795 unused Assets / (4.3 MB). Loaded Objects now: 7567.
Memory consumption went from 158.7 MB to 154.4 MB.
Total: 8.208400 ms (FindLiveObjects: 1.006000 ms CreateObjectMapping: 0.591300 ms MarkObjects: 4.672700 ms  DeleteObjects: 1.937500 ms)

Prepare: number of updated asset objects reloaded= 0
========================================================================
Received Import Request.
  Time since last request: 630.044963 seconds.
  path: Assets/Scripts/Inventory/Crafting/CraftingUI.cs
  artifactKey: Guid(f7b601b8b4b700d46aa083ff8f62b2f9) Importer(815301076,1909f56bfc062723c751e8b465ee728b)
Start importing Assets/Scripts/Inventory/Crafting/CraftingUI.cs using Guid(f7b601b8b4b700d46aa083ff8f62b2f9) Importer(815301076,1909f56bfc062723c751e8b465ee728b) (PreviewImporter) -> (artifact id: '6e2eb4da934fcf1a305bde332a424cbd') in 0.0150727 seconds
Number of updated asset objects reloaded before import = 0Number of asset objects unloaded after import = 0

========================================================================
Received Prepare
Begin MonoManager ReloadAssembly
- Loaded All Assemblies, in  0.819 seconds
Refreshing native plugins compatible for Editor in 1.56 ms, found 4 plugins.
Native extension for Android target not found
Native extension for WindowsStandalone target not found
Mono: successfully reloaded assembly
- Finished resetting the current domain, in  0.840 seconds
Domain Reload Profiling: 1658ms
	BeginReloadAssembly (200ms)
		ExecutionOrderSort (0ms)
		DisableScriptedObjects (12ms)
		BackupInstance (0ms)
		ReleaseScriptingObjects (0ms)
		CreateAndSetChildDomain (55ms)
	RebuildCommonClasses (48ms)
	RebuildNativeTypeToScriptingClass (16ms)
	initialDomainReloadingComplete (33ms)
	LoadAllAssembliesAndSetupDomain (520ms)
		LoadAssemblies (362ms)
		RebuildTransferFunctionScriptingTraits (0ms)
		AnalyzeDomain (242ms)
			TypeCache.Refresh (10ms)
				TypeCache.ScanAssembly (1ms)
			BuildScriptInfoCaches (216ms)
			ResolveRequiredComponents (12ms)
	FinalizeReload (840ms)
		ReleaseScriptCaches (0ms)
		RebuildScriptCaches (0ms)
		SetupLoadedEditorAssemblies (613ms)
			LogAssemblyErrors (0ms)
			InitializePlatformSupportModulesInManaged (10ms)
			SetLoadedEditorAssemblies (5ms)
			BeforeProcessingInitializeOnLoad (137ms)
			ProcessInitializeOnLoadAttributes (384ms)
			ProcessInitializeOnLoadMethodAttributes (72ms)
			AfterProcessingInitializeOnLoad (5ms)
			EditorAssembliesLoaded (0ms)
		ExecutionOrderSort2 (0ms)
		AwakeInstancesAfterBackupRestoration (14ms)
Refreshing native plugins compatible for Editor in 1.84 ms, found 4 plugins.
Preloading 0 native plugins for Editor in 0.00 ms.
Unloading 13 Unused Serialized files (Serialized files now loaded: 0)
Unloading 6806 unused Assets / (4.1 MB). Loaded Objects now: 7570.
Memory consumption went from 158.5 MB to 154.4 MB.
Total: 11.039100 ms (FindLiveObjects: 0.738700 ms CreateObjectMapping: 1.000900 ms MarkObjects: 5.753900 ms  DeleteObjects: 3.544100 ms)

Prepare: number of updated asset objects reloaded= 0
========================================================================
Received Import Request.
  Time since last request: 8.358939 seconds.
  path: Assets/Scripts/Inventory/Crafting/CraftingUI.cs
  artifactKey: Guid(f7b601b8b4b700d46aa083ff8f62b2f9) Importer(815301076,1909f56bfc062723c751e8b465ee728b)
Start importing Assets/Scripts/Inventory/Crafting/CraftingUI.cs using Guid(f7b601b8b4b700d46aa083ff8f62b2f9) Importer(815301076,1909f56bfc062723c751e8b465ee728b) (PreviewImporter) -> (artifact id: '00000000000000000000000000000000') in 0.0094426 seconds
Import Error Code:(4)
Message: Build asset version error: assets/scripts/inventory/crafting/craftingui.cs in SourceAssetDB has modification time of '2026-02-18T01:06:02.1993851Z' while content on disk has modification time of '2026-02-18T01:06:08.3502784Z'
  ERROR: Build asset version error: assets/scripts/inventory/crafting/craftingui.cs in SourceAssetDB has modification time of '2026-02-18T01:06:02.1993851Z' while content on disk has modification time of '2026-02-18T01:06:08.3502784Z'
Number of updated asset objects reloaded before import = 0Number of asset objects unloaded after import = 0

========================================================================
Received Import Request.
  Time since last request: 0.000015 seconds.
  path: Assets/Scripts/Inventory/Crafting/CraftingUI.cs
  artifactKey: Guid(f7b601b8b4b700d46aa083ff8f62b2f9) Importer(815301076,1909f56bfc062723c751e8b465ee728b)
Start importing Assets/Scripts/Inventory/Crafting/CraftingUI.cs using Guid(f7b601b8b4b700d46aa083ff8f62b2f9) Importer(815301076,1909f56bfc062723c751e8b465ee728b) (PreviewImporter) -> (artifact id: '00000000000000000000000000000000') in 0.0005693 seconds
Import Error Code:(4)
Message: Build asset version error: assets/scripts/inventory/crafting/craftingui.cs in SourceAssetDB has modification time of '2026-02-18T01:06:02.1993851Z' while content on disk has modification time of '2026-02-18T01:06:08.3502784Z'
  ERROR: Build asset version error: assets/scripts/inventory/crafting/craftingui.cs in SourceAssetDB has modification time of '2026-02-18T01:06:02.1993851Z' while content on disk has modification time of '2026-02-18T01:06:08.3502784Z'
Number of updated asset objects reloaded before import = 0Number of asset objects unloaded after import = 0

========================================================================
Received Import Request.
  Time since last request: 0.000013 seconds.
  path: Assets/Scripts/Inventory/Crafting/CraftingUI.cs
  artifactKey: Guid(f7b601b8b4b700d46aa083ff8f62b2f9) Importer(815301076,1909f56bfc062723c751e8b465ee728b)
Start importing Assets/Scripts/Inventory/Crafting/CraftingUI.cs using Guid(f7b601b8b4b700d46aa083ff8f62b2f9) Importer(815301076,1909f56bfc062723c751e8b465ee728b) (PreviewImporter) -> (artifact id: '00000000000000000000000000000000') in 0.0004679 seconds
Import Error Code:(4)
Message: Build asset version error: assets/scripts/inventory/crafting/craftingui.cs in SourceAssetDB has modification time of '2026-02-18T01:06:02.1993851Z' while content on disk has modification time of '2026-02-18T01:06:08.3502784Z'
  ERROR: Build asset version error: assets/scripts/inventory/crafting/craftingui.cs in SourceAssetDB has modification time of '2026-02-18T01:06:02.1993851Z' while content on disk has modification time of '2026-02-18T01:06:08.3502784Z'
Number of updated asset objects reloaded before import = 0Number of asset objects unloaded after import = 0

========================================================================
Received Import Request.
  Time since last request: 0.000013 seconds.
  path: Assets/Scripts/Inventory/Crafting/CraftingUI.cs
  artifactKey: Guid(f7b601b8b4b700d46aa083ff8f62b2f9) Importer(815301076,1909f56bfc062723c751e8b465ee728b)
Start importing Assets/Scripts/Inventory/Crafting/CraftingUI.cs using Guid(f7b601b8b4b700d46aa083ff8f62b2f9) Importer(815301076,1909f56bfc062723c751e8b465ee728b) (PreviewImporter) -> (artifact id: '00000000000000000000000000000000') in 0.0004901 seconds
Import Error Code:(4)
Message: Build asset version error: assets/scripts/inventory/crafting/craftingui.cs in SourceAssetDB has modification time of '2026-02-18T01:06:02.1993851Z' while content on disk has modification time of '2026-02-18T01:06:08.3502784Z'
  ERROR: Build asset version error: assets/scripts/inventory/crafting/craftingui.cs in SourceAssetDB has modification time of '2026-02-18T01:06:02.1993851Z' while content on disk has modification time of '2026-02-18T01:06:08.3502784Z'
Number of updated asset objects reloaded before import = 0Number of asset objects unloaded after import = 0

========================================================================
Received Import Request.
  Time since last request: 0.000014 seconds.
  path: Assets/Scripts/Inventory/Crafting/CraftingUI.cs
  artifactKey: Guid(f7b601b8b4b700d46aa083ff8f62b2f9) Importer(815301076,1909f56bfc062723c751e8b465ee728b)
Start importing Assets/Scripts/Inventory/Crafting/CraftingUI.cs using Guid(f7b601b8b4b700d46aa083ff8f62b2f9) Importer(815301076,1909f56bfc062723c751e8b465ee728b) (PreviewImporter) -> (artifact id: '00000000000000000000000000000000') in 0.0005197 seconds
Import Error Code:(4)
Message: Build asset version error: assets/scripts/inventory/crafting/craftingui.cs in SourceAssetDB has modification time of '2026-02-18T01:06:02.1993851Z' while content on disk has modification time of '2026-02-18T01:06:08.3502784Z'
  ERROR: Build asset version error: assets/scripts/inventory/crafting/craftingui.cs in SourceAssetDB has modification time of '2026-02-18T01:06:02.1993851Z' while content on disk has modification time of '2026-02-18T01:06:08.3502784Z'
Number of updated asset objects reloaded before import = 0Number of asset objects unloaded after import = 0

========================================================================
Received Import Request.
  Time since last request: 0.000013 seconds.
  path: Assets/Scripts/Inventory/Crafting/CraftingUI.cs
  artifactKey: Guid(f7b601b8b4b700d46aa083ff8f62b2f9) Importer(815301076,1909f56bfc062723c751e8b465ee728b)
Start importing Assets/Scripts/Inventory/Crafting/CraftingUI.cs using Guid(f7b601b8b4b700d46aa083ff8f62b2f9) Importer(815301076,1909f56bfc062723c751e8b465ee728b) (PreviewImporter) -> (artifact id: '00000000000000000000000000000000') in 0.0004504 seconds
Import Error Code:(4)
Message: Build asset version error: assets/scripts/inventory/crafting/craftingui.cs in SourceAssetDB has modification time of '2026-02-18T01:06:02.1993851Z' while content on disk has modification time of '2026-02-18T01:06:08.3502784Z'
  ERROR: Build asset version error: assets/scripts/inventory/crafting/craftingui.cs in SourceAssetDB has modification time of '2026-02-18T01:06:02.1993851Z' while content on disk has modification time of '2026-02-18T01:06:08.3502784Z'
Number of updated asset objects reloaded before import = 0Number of asset objects unloaded after import = 0

========================================================================
Received Import Request.
  Time since last request: 0.000018 seconds.
  path: Assets/Scripts/Inventory/Crafting/CraftingUI.cs
  artifactKey: Guid(f7b601b8b4b700d46aa083ff8f62b2f9) Importer(815301076,1909f56bfc062723c751e8b465ee728b)
Start importing Assets/Scripts/Inventory/Crafting/CraftingUI.cs using Guid(f7b601b8b4b700d46aa083ff8f62b2f9) Importer(815301076,1909f56bfc062723c751e8b465ee728b) (PreviewImporter) -> (artifact id: '00000000000000000000000000000000') in 0.0005038 seconds
Import Error Code:(4)
Message: Build asset version error: assets/scripts/inventory/crafting/craftingui.cs in SourceAssetDB has modification time of '2026-02-18T01:06:02.1993851Z' while content on disk has modification time of '2026-02-18T01:06:08.3502784Z'
  ERROR: Build asset version error: assets/scripts/inventory/crafting/craftingui.cs in SourceAssetDB has modification time of '2026-02-18T01:06:02.1993851Z' while content on disk has modification time of '2026-02-18T01:06:08.3502784Z'
Number of updated asset objects reloaded before import = 0Number of asset objects unloaded after import = 0

========================================================================
Received Import Request.
  Time since last request: 0.000014 seconds.
  path: Assets/Scripts/Inventory/Crafting/CraftingUI.cs
  artifactKey: Guid(f7b601b8b4b700d46aa083ff8f62b2f9) Importer(815301076,1909f56bfc062723c751e8b465ee728b)
Start importing Assets/Scripts/Inventory/Crafting/CraftingUI.cs using Guid(f7b601b8b4b700d46aa083ff8f62b2f9) Importer(815301076,1909f56bfc062723c751e8b465ee728b) (PreviewImporter) -> (artifact id: '00000000000000000000000000000000') in 0.0004523 seconds
Import Error Code:(4)
Message: Build asset version error: assets/scripts/inventory/crafting/craftingui.cs in SourceAssetDB has modification time of '2026-02-18T01:06:02.1993851Z' while content on disk has modification time of '2026-02-18T01:06:08.3502784Z'
  ERROR: Build asset version error: assets/scripts/inventory/crafting/craftingui.cs in SourceAssetDB has modification time of '2026-02-18T01:06:02.1993851Z' while content on disk has modification time of '2026-02-18T01:06:08.3502784Z'
Number of updated asset objects reloaded before import = 0Number of asset objects unloaded after import = 0

========================================================================
Received Import Request.
  Time since last request: 0.000015 seconds.
  path: Assets/Scripts/Inventory/Crafting/CraftingUI.cs
  artifactKey: Guid(f7b601b8b4b700d46aa083ff8f62b2f9) Importer(815301076,1909f56bfc062723c751e8b465ee728b)
Start importing Assets/Scripts/Inventory/Crafting/CraftingUI.cs using Guid(f7b601b8b4b700d46aa083ff8f62b2f9) Importer(815301076,1909f56bfc062723c751e8b465ee728b) (PreviewImporter) -> (artifact id: '00000000000000000000000000000000') in 0.0006848 seconds
Import Error Code:(4)
Message: Build asset version error: assets/scripts/inventory/crafting/craftingui.cs in SourceAssetDB has modification time of '2026-02-18T01:06:02.1993851Z' while content on disk has modification time of '2026-02-18T01:06:08.3502784Z'
  ERROR: Build asset version error: assets/scripts/inventory/crafting/craftingui.cs in SourceAssetDB has modification time of '2026-02-18T01:06:02.1993851Z' while content on disk has modification time of '2026-02-18T01:06:08.3502784Z'
Number of updated asset objects reloaded before import = 0Number of asset objects unloaded after import = 0

========================================================================
Received Import Request.
  Time since last request: 0.000022 seconds.
  path: Assets/Scripts/Inventory/Crafting/CraftingUI.cs
  artifactKey: Guid(f7b601b8b4b700d46aa083ff8f62b2f9) Importer(815301076,1909f56bfc062723c751e8b465ee728b)
Start importing Assets/Scripts/Inventory/Crafting/CraftingUI.cs using Guid(f7b601b8b4b700d46aa083ff8f62b2f9) Importer(815301076,1909f56bfc062723c751e8b465ee728b) (PreviewImporter) -> (artifact id: '00000000000000000000000000000000') in 0.0004512 seconds
Import Error Code:(4)
Message: Build asset version error: assets/scripts/inventory/crafting/craftingui.cs in SourceAssetDB has modification time of '2026-02-18T01:06:02.1993851Z' while content on disk has modification time of '2026-02-18T01:06:08.3502784Z'
  ERROR: Build asset version error: assets/scripts/inventory/crafting/craftingui.cs in SourceAssetDB has modification time of '2026-02-18T01:06:02.1993851Z' while content on disk has modification time of '2026-02-18T01:06:08.3502784Z'
Number of updated asset objects reloaded before import = 0Number of asset objects unloaded after import = 0

========================================================================
Received Import Request.
  Time since last request: 0.000014 seconds.
  path: Assets/Scripts/Inventory/Crafting/CraftingUI.cs
  artifactKey: Guid(f7b601b8b4b700d46aa083ff8f62b2f9) Importer(815301076,1909f56bfc062723c751e8b465ee728b)
Start importing Assets/Scripts/Inventory/Crafting/CraftingUI.cs using Guid(f7b601b8b4b700d46aa083ff8f62b2f9) Importer(815301076,1909f56bfc062723c751e8b465ee728b) (PreviewImporter) -> (artifact id: '00000000000000000000000000000000') in 0.000682 seconds
Import Error Code:(4)
Message: Build asset version error: assets/scripts/inventory/crafting/craftingui.cs in SourceAssetDB has modification time of '2026-02-18T01:06:02.1993851Z' while content on disk has modification time of '2026-02-18T01:06:08.3502784Z'
  ERROR: Build asset version error: assets/scripts/inventory/crafting/craftingui.cs in SourceAssetDB has modification time of '2026-02-18T01:06:02.1993851Z' while content on disk has modification time of '2026-02-18T01:06:08.3502784Z'
Number of updated asset objects reloaded before import = 0Number of asset objects unloaded after import = 0

========================================================================
Received Import Request.
  Time since last request: 0.000014 seconds.
  path: Assets/Scripts/Inventory/Crafting/CraftingUI.cs
  artifactKey: Guid(f7b601b8b4b700d46aa083ff8f62b2f9) Importer(815301076,1909f56bfc062723c751e8b465ee728b)
Start importing Assets/Scripts/Inventory/Crafting/CraftingUI.cs using Guid(f7b601b8b4b700d46aa083ff8f62b2f9) Importer(815301076,1909f56bfc062723c751e8b465ee728b) (PreviewImporter) -> (artifact id: '00000000000000000000000000000000') in 0.0004387 seconds
Import Error Code:(4)
Message: Build asset version error: assets/scripts/inventory/crafting/craftingui.cs in SourceAssetDB has modification time of '2026-02-18T01:06:02.1993851Z' while content on disk has modification time of '2026-02-18T01:06:08.3502784Z'
  ERROR: Build asset version error: assets/scripts/inventory/crafting/craftingui.cs in SourceAssetDB has modification time of '2026-02-18T01:06:02.1993851Z' while content on disk has modification time of '2026-02-18T01:06:08.3502784Z'
Number of updated asset objects reloaded before import = 0Number of asset objects unloaded after import = 0

========================================================================
Received Import Request.
  Time since last request: 0.000019 seconds.
  path: Assets/Scripts/Inventory/Crafting/CraftingUI.cs
  artifactKey: Guid(f7b601b8b4b700d46aa083ff8f62b2f9) Importer(815301076,1909f56bfc062723c751e8b465ee728b)
Start importing Assets/Scripts/Inventory/Crafting/CraftingUI.cs using Guid(f7b601b8b4b700d46aa083ff8f62b2f9) Importer(815301076,1909f56bfc062723c751e8b465ee728b) (PreviewImporter) -> (artifact id: '00000000000000000000000000000000') in 0.0005091 seconds
Import Error Code:(4)
Message: Build asset version error: assets/scripts/inventory/crafting/craftingui.cs in SourceAssetDB has modification time of '2026-02-18T01:06:02.1993851Z' while content on disk has modification time of '2026-02-18T01:06:08.3502784Z'
  ERROR: Build asset version error: assets/scripts/inventory/crafting/craftingui.cs in SourceAssetDB has modification time of '2026-02-18T01:06:02.1993851Z' while content on disk has modification time of '2026-02-18T01:06:08.3502784Z'
Number of updated asset objects reloaded before import = 0Number of asset objects unloaded after import = 0

========================================================================
Received Import Request.
  Time since last request: 0.000016 seconds.
  path: Assets/Scripts/Inventory/Crafting/CraftingUI.cs
  artifactKey: Guid(f7b601b8b4b700d46aa083ff8f62b2f9) Importer(815301076,1909f56bfc062723c751e8b465ee728b)
Start importing Assets/Scripts/Inventory/Crafting/CraftingUI.cs using Guid(f7b601b8b4b700d46aa083ff8f62b2f9) Importer(815301076,1909f56bfc062723c751e8b465ee728b) (PreviewImporter) -> (artifact id: '00000000000000000000000000000000') in 0.0005108 seconds
Import Error Code:(4)
Message: Build asset version error: assets/scripts/inventory/crafting/craftingui.cs in SourceAssetDB has modification time of '2026-02-18T01:06:02.1993851Z' while content on disk has modification time of '2026-02-18T01:06:08.3502784Z'
  ERROR: Build asset version error: assets/scripts/inventory/crafting/craftingui.cs in SourceAssetDB has modification time of '2026-02-18T01:06:02.1993851Z' while content on disk has modification time of '2026-02-18T01:06:08.3502784Z'
Number of updated asset objects reloaded before import = 0Number of asset objects unloaded after import = 0

========================================================================
Received Import Request.
  Time since last request: 0.000019 seconds.
  path: Assets/Scripts/Inventory/Crafting/CraftingUI.cs
  artifactKey: Guid(f7b601b8b4b700d46aa083ff8f62b2f9) Importer(815301076,1909f56bfc062723c751e8b465ee728b)
Start importing Assets/Scripts/Inventory/Crafting/CraftingUI.cs using Guid(f7b601b8b4b700d46aa083ff8f62b2f9) Importer(815301076,1909f56bfc062723c751e8b465ee728b) (PreviewImporter) -> (artifact id: '00000000000000000000000000000000') in 0.0006239 seconds
Import Error Code:(4)
Message: Build asset version error: assets/scripts/inventory/crafting/craftingui.cs in SourceAssetDB has modification time of '2026-02-18T01:06:02.1993851Z' while content on disk has modification time of '2026-02-18T01:06:08.3502784Z'
  ERROR: Build asset version error: assets/scripts/inventory/crafting/craftingui.cs in SourceAssetDB has modification time of '2026-02-18T01:06:02.1993851Z' while content on disk has modification time of '2026-02-18T01:06:08.3502784Z'
Number of updated asset objects reloaded before import = 0Number of asset objects unloaded after import = 0

========================================================================
Received Import Request.
  Time since last request: 0.000018 seconds.
  path: Assets/Scripts/Inventory/Crafting/CraftingUI.cs
  artifactKey: Guid(f7b601b8b4b700d46aa083ff8f62b2f9) Importer(815301076,1909f56bfc062723c751e8b465ee728b)
Start importing Assets/Scripts/Inventory/Crafting/CraftingUI.cs using Guid(f7b601b8b4b700d46aa083ff8f62b2f9) Importer(815301076,1909f56bfc062723c751e8b465ee728b) (PreviewImporter) -> (artifact id: '00000000000000000000000000000000') in 0.0006544 seconds
Import Error Code:(4)
Message: Build asset version error: assets/scripts/inventory/crafting/craftingui.cs in SourceAssetDB has modification time of '2026-02-18T01:06:02.1993851Z' while content on disk has modification time of '2026-02-18T01:06:08.3502784Z'
  ERROR: Build asset version error: assets/scripts/inventory/crafting/craftingui.cs in SourceAssetDB has modification time of '2026-02-18T01:06:02.1993851Z' while content on disk has modification time of '2026-02-18T01:06:08.3502784Z'
Number of updated asset objects reloaded before import = 0Number of asset objects unloaded after import = 0

========================================================================
Received Import Request.
  Time since last request: 0.000016 seconds.
  path: Assets/Scripts/Inventory/Crafting/CraftingUI.cs
  artifactKey: Guid(f7b601b8b4b700d46aa083ff8f62b2f9) Importer(815301076,1909f56bfc062723c751e8b465ee728b)
Start importing Assets/Scripts/Inventory/Crafting/CraftingUI.cs using Guid(f7b601b8b4b700d46aa083ff8f62b2f9) Importer(815301076,1909f56bfc062723c751e8b465ee728b) (PreviewImporter) -> (artifact id: '00000000000000000000000000000000') in 0.0005071 seconds
Import Error Code:(4)
Message: Build asset version error: assets/scripts/inventory/crafting/craftingui.cs in SourceAssetDB has modification time of '2026-02-18T01:06:02.1993851Z' while content on disk has modification time of '2026-02-18T01:06:08.3502784Z'
  ERROR: Build asset version error: assets/scripts/inventory/crafting/craftingui.cs in SourceAssetDB has modification time of '2026-02-18T01:06:02.1993851Z' while content on disk has modification time of '2026-02-18T01:06:08.3502784Z'
Number of updated asset objects reloaded before import = 0Number of asset objects unloaded after import = 0

========================================================================
Received Import Request.
  Time since last request: 0.000023 seconds.
  path: Assets/Scripts/Inventory/Crafting/CraftingUI.cs
  artifactKey: Guid(f7b601b8b4b700d46aa083ff8f62b2f9) Importer(815301076,1909f56bfc062723c751e8b465ee728b)
Start importing Assets/Scripts/Inventory/Crafting/CraftingUI.cs using Guid(f7b601b8b4b700d46aa083ff8f62b2f9) Importer(815301076,1909f56bfc062723c751e8b465ee728b) (PreviewImporter) -> (artifact id: '00000000000000000000000000000000') in 0.0005129 seconds
Import Error Code:(4)
Message: Build asset version error: assets/scripts/inventory/crafting/craftingui.cs in SourceAssetDB has modification time of '2026-02-18T01:06:02.1993851Z' while content on disk has modification time of '2026-02-18T01:06:08.3502784Z'
  ERROR: Build asset version error: assets/scripts/inventory/crafting/craftingui.cs in SourceAssetDB has modification time of '2026-02-18T01:06:02.1993851Z' while content on disk has modification time of '2026-02-18T01:06:08.3502784Z'
Number of updated asset objects reloaded before import = 0Number of asset objects unloaded after import = 0

========================================================================
Received Import Request.
  Time since last request: 0.000023 seconds.
  path: Assets/Scripts/Inventory/Crafting/CraftingUI.cs
  artifactKey: Guid(f7b601b8b4b700d46aa083ff8f62b2f9) Importer(815301076,1909f56bfc062723c751e8b465ee728b)
Start importing Assets/Scripts/Inventory/Crafting/CraftingUI.cs using Guid(f7b601b8b4b700d46aa083ff8f62b2f9) Importer(815301076,1909f56bfc062723c751e8b465ee728b) (PreviewImporter) -> (artifact id: '00000000000000000000000000000000') in 0.0005447 seconds
Import Error Code:(4)
Message: Build asset version error: assets/scripts/inventory/crafting/craftingui.cs in SourceAssetDB has modification time of '2026-02-18T01:06:02.1993851Z' while content on disk has modification time of '2026-02-18T01:06:08.3502784Z'
  ERROR: Build asset version error: assets/scripts/inventory/crafting/craftingui.cs in SourceAssetDB has modification time of '2026-02-18T01:06:02.1993851Z' while content on disk has modification time of '2026-02-18T01:06:08.3502784Z'
Number of updated asset objects reloaded before import = 0Number of asset objects unloaded after import = 0

========================================================================
Received Import Request.
  Time since last request: 0.000014 seconds.
  path: Assets/Scripts/Inventory/Crafting/CraftingUI.cs
  artifactKey: Guid(f7b601b8b4b700d46aa083ff8f62b2f9) Importer(815301076,1909f56bfc062723c751e8b465ee728b)
Start importing Assets/Scripts/Inventory/Crafting/CraftingUI.cs using Guid(f7b601b8b4b700d46aa083ff8f62b2f9) Importer(815301076,1909f56bfc062723c751e8b465ee728b) (PreviewImporter) -> (artifact id: '00000000000000000000000000000000') in 0.0005808 seconds
Import Error Code:(4)
Message: Build asset version error: assets/scripts/inventory/crafting/craftingui.cs in SourceAssetDB has modification time of '2026-02-18T01:06:02.1993851Z' while content on disk has modification time of '2026-02-18T01:06:08.3502784Z'
  ERROR: Build asset version error: assets/scripts/inventory/crafting/craftingui.cs in SourceAssetDB has modification time of '2026-02-18T01:06:02.1993851Z' while content on disk has modification time of '2026-02-18T01:06:08.3502784Z'
Number of updated asset objects reloaded before import = 0Number of asset objects unloaded after import = 0

========================================================================
Received Import Request.
  Time since last request: 0.000016 seconds.
  path: Assets/Scripts/Inventory/Crafting/CraftingUI.cs
  artifactKey: Guid(f7b601b8b4b700d46aa083ff8f62b2f9) Importer(815301076,1909f56bfc062723c751e8b465ee728b)
Start importing Assets/Scripts/Inventory/Crafting/CraftingUI.cs using Guid(f7b601b8b4b700d46aa083ff8f62b2f9) Importer(815301076,1909f56bfc062723c751e8b465ee728b) (PreviewImporter) -> (artifact id: '00000000000000000000000000000000') in 0.0004884 seconds
Import Error Code:(4)
Message: Build asset version error: assets/scripts/inventory/crafting/craftingui.cs in SourceAssetDB has modification time of '2026-02-18T01:06:02.1993851Z' while content on disk has modification time of '2026-02-18T01:06:08.3502784Z'
  ERROR: Build asset version error: assets/scripts/inventory/crafting/craftingui.cs in SourceAssetDB has modification time of '2026-02-18T01:06:02.1993851Z' while content on disk has modification time of '2026-02-18T01:06:08.3502784Z'
Number of updated asset objects reloaded before import = 0Number of asset objects unloaded after import = 0

========================================================================
Received Import Request.
  Time since last request: 0.000015 seconds.
  path: Assets/Scripts/Inventory/Crafting/CraftingUI.cs
  artifactKey: Guid(f7b601b8b4b700d46aa083ff8f62b2f9) Importer(815301076,1909f56bfc062723c751e8b465ee728b)
Start importing Assets/Scripts/Inventory/Crafting/CraftingUI.cs using Guid(f7b601b8b4b700d46aa083ff8f62b2f9) Importer(815301076,1909f56bfc062723c751e8b465ee728b) (PreviewImporter) -> (artifact id: '00000000000000000000000000000000') in 0.0004396 seconds
Import Error Code:(4)
Message: Build asset version error: assets/scripts/inventory/crafting/craftingui.cs in SourceAssetDB has modification time of '2026-02-18T01:06:02.1993851Z' while content on disk has modification time of '2026-02-18T01:06:08.3502784Z'
  ERROR: Build asset version error: assets/scripts/inventory/crafting/craftingui.cs in SourceAssetDB has modification time of '2026-02-18T01:06:02.1993851Z' while content on disk has modification time of '2026-02-18T01:06:08.3502784Z'
Number of updated asset objects reloaded before import = 0Number of asset objects unloaded after import = 0

========================================================================
Received Import Request.
  Time since last request: 0.000015 seconds.
  path: Assets/Scripts/Inventory/Crafting/CraftingUI.cs
  artifactKey: Guid(f7b601b8b4b700d46aa083ff8f62b2f9) Importer(815301076,1909f56bfc062723c751e8b465ee728b)
Start importing Assets/Scripts/Inventory/Crafting/CraftingUI.cs using Guid(f7b601b8b4b700d46aa083ff8f62b2f9) Importer(815301076,1909f56bfc062723c751e8b465ee728b) (PreviewImporter) -> (artifact id: '00000000000000000000000000000000') in 0.0004954 seconds
Import Error Code:(4)
Message: Build asset version error: assets/scripts/inventory/crafting/craftingui.cs in SourceAssetDB has modification time of '2026-02-18T01:06:02.1993851Z' while content on disk has modification time of '2026-02-18T01:06:08.3502784Z'
  ERROR: Build asset version error: assets/scripts/inventory/crafting/craftingui.cs in SourceAssetDB has modification time of '2026-02-18T01:06:02.1993851Z' while content on disk has modification time of '2026-02-18T01:06:08.3502784Z'
Number of updated asset objects reloaded before import = 0Number of asset objects unloaded after import = 0

========================================================================
Received Import Request.
  Time since last request: 0.000016 seconds.
  path: Assets/Scripts/Inventory/Crafting/CraftingUI.cs
  artifactKey: Guid(f7b601b8b4b700d46aa083ff8f62b2f9) Importer(815301076,1909f56bfc062723c751e8b465ee728b)
Start importing Assets/Scripts/Inventory/Crafting/CraftingUI.cs using Guid(f7b601b8b4b700d46aa083ff8f62b2f9) Importer(815301076,1909f56bfc062723c751e8b465ee728b) (PreviewImporter) -> (artifact id: '00000000000000000000000000000000') in 0.0004422 seconds
Import Error Code:(4)
Message: Build asset version error: assets/scripts/inventory/crafting/craftingui.cs in SourceAssetDB has modification time of '2026-02-18T01:06:02.1993851Z' while content on disk has modification time of '2026-02-18T01:06:08.3502784Z'
  ERROR: Build asset version error: assets/scripts/inventory/crafting/craftingui.cs in SourceAssetDB has modification time of '2026-02-18T01:06:02.1993851Z' while content on disk has modification time of '2026-02-18T01:06:08.3502784Z'
Number of updated asset objects reloaded before import = 0Number of asset objects unloaded after import = 0

========================================================================
Received Import Request.
  Time since last request: 0.000013 seconds.
  path: Assets/Scripts/Inventory/Crafting/CraftingUI.cs
  artifactKey: Guid(f7b601b8b4b700d46aa083ff8f62b2f9) Importer(815301076,1909f56bfc062723c751e8b465ee728b)
Start importing Assets/Scripts/Inventory/Crafting/CraftingUI.cs using Guid(f7b601b8b4b700d46aa083ff8f62b2f9) Importer(815301076,1909f56bfc062723c751e8b465ee728b) (PreviewImporter) -> (artifact id: '00000000000000000000000000000000') in 0.0005063 seconds
Import Error Code:(4)
Message: Build asset version error: assets/scripts/inventory/crafting/craftingui.cs in SourceAssetDB has modification time of '2026-02-18T01:06:02.1993851Z' while content on disk has modification time of '2026-02-18T01:06:08.3502784Z'
  ERROR: Build asset version error: assets/scripts/inventory/crafting/craftingui.cs in SourceAssetDB has modification time of '2026-02-18T01:06:02.1993851Z' while content on disk has modification time of '2026-02-18T01:06:08.3502784Z'
Number of updated asset objects reloaded before import = 0Number of asset objects unloaded after import = 0

========================================================================
Received Import Request.
  Time since last request: 0.000015 seconds.
  path: Assets/Scripts/Inventory/Crafting/CraftingUI.cs
  artifactKey: Guid(f7b601b8b4b700d46aa083ff8f62b2f9) Importer(815301076,1909f56bfc062723c751e8b465ee728b)
Start importing Assets/Scripts/Inventory/Crafting/CraftingUI.cs using Guid(f7b601b8b4b700d46aa083ff8f62b2f9) Importer(815301076,1909f56bfc062723c751e8b465ee728b) (PreviewImporter) -> (artifact id: '00000000000000000000000000000000') in 0.0004453 seconds
Import Error Code:(4)
Message: Build asset version error: assets/scripts/inventory/crafting/craftingui.cs in SourceAssetDB has modification time of '2026-02-18T01:06:02.1993851Z' while content on disk has modification time of '2026-02-18T01:06:08.3502784Z'
  ERROR: Build asset version error: assets/scripts/inventory/crafting/craftingui.cs in SourceAssetDB has modification time of '2026-02-18T01:06:02.1993851Z' while content on disk has modification time of '2026-02-18T01:06:08.3502784Z'
Number of updated asset objects reloaded before import = 0Number of asset objects unloaded after import = 0

========================================================================
Received Import Request.
  Time since last request: 0.000014 seconds.
  path: Assets/Scripts/Inventory/Crafting/CraftingUI.cs
  artifactKey: Guid(f7b601b8b4b700d46aa083ff8f62b2f9) Importer(815301076,1909f56bfc062723c751e8b465ee728b)
Start importing Assets/Scripts/Inventory/Crafting/CraftingUI.cs using Guid(f7b601b8b4b700d46aa083ff8f62b2f9) Importer(815301076,1909f56bfc062723c751e8b465ee728b) (PreviewImporter) -> (artifact id: '00000000000000000000000000000000') in 0.0004583 seconds
Import Error Code:(4)
Message: Build asset version error: assets/scripts/inventory/crafting/craftingui.cs in SourceAssetDB has modification time of '2026-02-18T01:06:02.1993851Z' while content on disk has modification time of '2026-02-18T01:06:08.3502784Z'
  ERROR: Build asset version error: assets/scripts/inventory/crafting/craftingui.cs in SourceAssetDB has modification time of '2026-02-18T01:06:02.1993851Z' while content on disk has modification time of '2026-02-18T01:06:08.3502784Z'
Number of updated asset objects reloaded before import = 0Number of asset objects unloaded after import = 0

========================================================================
Received Import Request.
  Time since last request: 0.000016 seconds.
  path: Assets/Scripts/Inventory/Crafting/CraftingUI.cs
  artifactKey: Guid(f7b601b8b4b700d46aa083ff8f62b2f9) Importer(815301076,1909f56bfc062723c751e8b465ee728b)
Start importing Assets/Scripts/Inventory/Crafting/CraftingUI.cs using Guid(f7b601b8b4b700d46aa083ff8f62b2f9) Importer(815301076,1909f56bfc062723c751e8b465ee728b) (PreviewImporter) -> (artifact id: '00000000000000000000000000000000') in 0.0006444 seconds
Import Error Code:(4)
Message: Build asset version error: assets/scripts/inventory/crafting/craftingui.cs in SourceAssetDB has modification time of '2026-02-18T01:06:02.1993851Z' while content on disk has modification time of '2026-02-18T01:06:08.3502784Z'
  ERROR: Build asset version error: assets/scripts/inventory/crafting/craftingui.cs in SourceAssetDB has modification time of '2026-02-18T01:06:02.1993851Z' while content on disk has modification time of '2026-02-18T01:06:08.3502784Z'
Number of updated asset objects reloaded before import = 0Number of asset objects unloaded after import = 0

========================================================================
Received Import Request.
  Time since last request: 0.000022 seconds.
  path: Assets/Scripts/Inventory/Crafting/CraftingUI.cs
  artifactKey: Guid(f7b601b8b4b700d46aa083ff8f62b2f9) Importer(815301076,1909f56bfc062723c751e8b465ee728b)
Start importing Assets/Scripts/Inventory/Crafting/CraftingUI.cs using Guid(f7b601b8b4b700d46aa083ff8f62b2f9) Importer(815301076,1909f56bfc062723c751e8b465ee728b) (PreviewImporter) -> (artifact id: '00000000000000000000000000000000') in 0.0004593 seconds
Import Error Code:(4)
Message: Build asset version error: assets/scripts/inventory/crafting/craftingui.cs in SourceAssetDB has modification time of '2026-02-18T01:06:02.1993851Z' while content on disk has modification time of '2026-02-18T01:06:08.3502784Z'
  ERROR: Build asset version error: assets/scripts/inventory/crafting/craftingui.cs in SourceAssetDB has modification time of '2026-02-18T01:06:02.1993851Z' while content on disk has modification time of '2026-02-18T01:06:08.3502784Z'
Number of updated asset objects reloaded before import = 0Number of asset objects unloaded after import = 0

========================================================================
Received Import Request.
  Time since last request: 0.000014 seconds.
  path: Assets/Scripts/Inventory/Crafting/CraftingUI.cs
  artifactKey: Guid(f7b601b8b4b700d46aa083ff8f62b2f9) Importer(815301076,1909f56bfc062723c751e8b465ee728b)
Start importing Assets/Scripts/Inventory/Crafting/CraftingUI.cs using Guid(f7b601b8b4b700d46aa083ff8f62b2f9) Importer(815301076,1909f56bfc062723c751e8b465ee728b) (PreviewImporter) -> (artifact id: '00000000000000000000000000000000') in 0.000487 seconds
Import Error Code:(4)
Message: Build asset version error: assets/scripts/inventory/crafting/craftingui.cs in SourceAssetDB has modification time of '2026-02-18T01:06:02.1993851Z' while content on disk has modification time of '2026-02-18T01:06:08.3502784Z'
  ERROR: Build asset version error: assets/scripts/inventory/crafting/craftingui.cs in SourceAssetDB has modification time of '2026-02-18T01:06:02.1993851Z' while content on disk has modification time of '2026-02-18T01:06:08.3502784Z'
Number of updated asset objects reloaded before import = 0Number of asset objects unloaded after import = 0

========================================================================
Received Import Request.
  Time since last request: 0.000014 seconds.
  path: Assets/Scripts/Inventory/Crafting/CraftingUI.cs
  artifactKey: Guid(f7b601b8b4b700d46aa083ff8f62b2f9) Importer(815301076,1909f56bfc062723c751e8b465ee728b)
Start importing Assets/Scripts/Inventory/Crafting/CraftingUI.cs using Guid(f7b601b8b4b700d46aa083ff8f62b2f9) Importer(815301076,1909f56bfc062723c751e8b465ee728b) (PreviewImporter) -> (artifact id: '00000000000000000000000000000000') in 0.0005454 seconds
Import Error Code:(4)
Message: Build asset version error: assets/scripts/inventory/crafting/craftingui.cs in SourceAssetDB has modification time of '2026-02-18T01:06:02.1993851Z' while content on disk has modification time of '2026-02-18T01:06:08.3502784Z'
  ERROR: Build asset version error: assets/scripts/inventory/crafting/craftingui.cs in SourceAssetDB has modification time of '2026-02-18T01:06:02.1993851Z' while content on disk has modification time of '2026-02-18T01:06:08.3502784Z'
Number of updated asset objects reloaded before import = 0Number of asset objects unloaded after import = 0

========================================================================
Received Import Request.
  Time since last request: 0.000014 seconds.
  path: Assets/Scripts/Inventory/Crafting/CraftingUI.cs
  artifactKey: Guid(f7b601b8b4b700d46aa083ff8f62b2f9) Importer(815301076,1909f56bfc062723c751e8b465ee728b)
Start importing Assets/Scripts/Inventory/Crafting/CraftingUI.cs using Guid(f7b601b8b4b700d46aa083ff8f62b2f9) Importer(815301076,1909f56bfc062723c751e8b465ee728b) (PreviewImporter) -> (artifact id: '00000000000000000000000000000000') in 0.0004402 seconds
Import Error Code:(4)
Message: Build asset version error: assets/scripts/inventory/crafting/craftingui.cs in SourceAssetDB has modification time of '2026-02-18T01:06:02.1993851Z' while content on disk has modification time of '2026-02-18T01:06:08.3502784Z'
  ERROR: Build asset version error: assets/scripts/inventory/crafting/craftingui.cs in SourceAssetDB has modification time of '2026-02-18T01:06:02.1993851Z' while content on disk has modification time of '2026-02-18T01:06:08.3502784Z'
Number of updated asset objects reloaded before import = 0Number of asset objects unloaded after import = 0

========================================================================
Received Import Request.
  Time since last request: 0.000015 seconds.
  path: Assets/Scripts/Inventory/Crafting/CraftingUI.cs
  artifactKey: Guid(f7b601b8b4b700d46aa083ff8f62b2f9) Importer(815301076,1909f56bfc062723c751e8b465ee728b)
Start importing Assets/Scripts/Inventory/Crafting/CraftingUI.cs using Guid(f7b601b8b4b700d46aa083ff8f62b2f9) Importer(815301076,1909f56bfc062723c751e8b465ee728b) (PreviewImporter) -> (artifact id: '00000000000000000000000000000000') in 0.0004451 seconds
Import Error Code:(4)
Message: Build asset version error: assets/scripts/inventory/crafting/craftingui.cs in SourceAssetDB has modification time of '2026-02-18T01:06:02.1993851Z' while content on disk has modification time of '2026-02-18T01:06:08.3502784Z'
  ERROR: Build asset version error: assets/scripts/inventory/crafting/craftingui.cs in SourceAssetDB has modification time of '2026-02-18T01:06:02.1993851Z' while content on disk has modification time of '2026-02-18T01:06:08.3502784Z'
Number of updated asset objects reloaded before import = 0Number of asset objects unloaded after import = 0

========================================================================
Received Import Request.
  Time since last request: 0.000029 seconds.
  path: Assets/Scripts/Inventory/Crafting/CraftingUI.cs
  artifactKey: Guid(f7b601b8b4b700d46aa083ff8f62b2f9) Importer(815301076,1909f56bfc062723c751e8b465ee728b)
Start importing Assets/Scripts/Inventory/Crafting/CraftingUI.cs using Guid(f7b601b8b4b700d46aa083ff8f62b2f9) Importer(815301076,1909f56bfc062723c751e8b465ee728b) (PreviewImporter) -> (artifact id: '00000000000000000000000000000000') in 0.0004751 seconds
Import Error Code:(4)
Message: Build asset version error: assets/scripts/inventory/crafting/craftingui.cs in SourceAssetDB has modification time of '2026-02-18T01:06:02.1993851Z' while content on disk has modification time of '2026-02-18T01:06:08.3502784Z'
  ERROR: Build asset version error: assets/scripts/inventory/crafting/craftingui.cs in SourceAssetDB has modification time of '2026-02-18T01:06:02.1993851Z' while content on disk has modification time of '2026-02-18T01:06:08.3502784Z'
Number of updated asset objects reloaded before import = 0Number of asset objects unloaded after import = 0

========================================================================
Received Import Request.
  Time since last request: 0.000013 seconds.
  path: Assets/Scripts/Inventory/Crafting/CraftingUI.cs
  artifactKey: Guid(f7b601b8b4b700d46aa083ff8f62b2f9) Importer(815301076,1909f56bfc062723c751e8b465ee728b)
Start importing Assets/Scripts/Inventory/Crafting/CraftingUI.cs using Guid(f7b601b8b4b700d46aa083ff8f62b2f9) Importer(815301076,1909f56bfc062723c751e8b465ee728b) (PreviewImporter) -> (artifact id: '00000000000000000000000000000000') in 0.0004641 seconds
Import Error Code:(4)
Message: Build asset version error: assets/scripts/inventory/crafting/craftingui.cs in SourceAssetDB has modification time of '2026-02-18T01:06:02.1993851Z' while content on disk has modification time of '2026-02-18T01:06:08.3502784Z'
  ERROR: Build asset version error: assets/scripts/inventory/crafting/craftingui.cs in SourceAssetDB has modification time of '2026-02-18T01:06:02.1993851Z' while content on disk has modification time of '2026-02-18T01:06:08.3502784Z'
Number of updated asset objects reloaded before import = 0Number of asset objects unloaded after import = 0

========================================================================
Received Import Request.
  Time since last request: 0.000017 seconds.
  path: Assets/Scripts/Inventory/Crafting/CraftingUI.cs
  artifactKey: Guid(f7b601b8b4b700d46aa083ff8f62b2f9) Importer(815301076,1909f56bfc062723c751e8b465ee728b)
Start importing Assets/Scripts/Inventory/Crafting/CraftingUI.cs using Guid(f7b601b8b4b700d46aa083ff8f62b2f9) Importer(815301076,1909f56bfc062723c751e8b465ee728b) (PreviewImporter) -> (artifact id: '00000000000000000000000000000000') in 0.0004844 seconds
Import Error Code:(4)
Message: Build asset version error: assets/scripts/inventory/crafting/craftingui.cs in SourceAssetDB has modification time of '2026-02-18T01:06:02.1993851Z' while content on disk has modification time of '2026-02-18T01:06:08.3502784Z'
  ERROR: Build asset version error: assets/scripts/inventory/crafting/craftingui.cs in SourceAssetDB has modification time of '2026-02-18T01:06:02.1993851Z' while content on disk has modification time of '2026-02-18T01:06:08.3502784Z'
Number of updated asset objects reloaded before import = 0Number of asset objects unloaded after import = 0

========================================================================
Received Import Request.
  Time since last request: 0.000023 seconds.
  path: Assets/Scripts/Inventory/Crafting/CraftingUI.cs
  artifactKey: Guid(f7b601b8b4b700d46aa083ff8f62b2f9) Importer(815301076,1909f56bfc062723c751e8b465ee728b)
Start importing Assets/Scripts/Inventory/Crafting/CraftingUI.cs using Guid(f7b601b8b4b700d46aa083ff8f62b2f9) Importer(815301076,1909f56bfc062723c751e8b465ee728b) (PreviewImporter) -> (artifact id: '00000000000000000000000000000000') in 0.0005414 seconds
Import Error Code:(4)
Message: Build asset version error: assets/scripts/inventory/crafting/craftingui.cs in SourceAssetDB has modification time of '2026-02-18T01:06:02.1993851Z' while content on disk has modification time of '2026-02-18T01:06:08.3502784Z'
  ERROR: Build asset version error: assets/scripts/inventory/crafting/craftingui.cs in SourceAssetDB has modification time of '2026-02-18T01:06:02.1993851Z' while content on disk has modification time of '2026-02-18T01:06:08.3502784Z'
Number of updated asset objects reloaded before import = 0Number of asset objects unloaded after import = 0

========================================================================
Received Import Request.
  Time since last request: 0.000021 seconds.
  path: Assets/Scripts/Inventory/Crafting/CraftingUI.cs
  artifactKey: Guid(f7b601b8b4b700d46aa083ff8f62b2f9) Importer(815301076,1909f56bfc062723c751e8b465ee728b)
Start importing Assets/Scripts/Inventory/Crafting/CraftingUI.cs using Guid(f7b601b8b4b700d46aa083ff8f62b2f9) Importer(815301076,1909f56bfc062723c751e8b465ee728b) (PreviewImporter) -> (artifact id: '00000000000000000000000000000000') in 0.0005846 seconds
Import Error Code:(4)
Message: Build asset version error: assets/scripts/inventory/crafting/craftingui.cs in SourceAssetDB has modification time of '2026-02-18T01:06:02.1993851Z' while content on disk has modification time of '2026-02-18T01:06:08.3502784Z'
  ERROR: Build asset version error: assets/scripts/inventory/crafting/craftingui.cs in SourceAssetDB has modification time of '2026-02-18T01:06:02.1993851Z' while content on disk has modification time of '2026-02-18T01:06:08.3502784Z'
Number of updated asset objects reloaded before import = 0Number of asset objects unloaded after import = 0

========================================================================
Received Import Request.
  Time since last request: 0.000024 seconds.
  path: Assets/Scripts/Inventory/Crafting/CraftingUI.cs
  artifactKey: Guid(f7b601b8b4b700d46aa083ff8f62b2f9) Importer(815301076,1909f56bfc062723c751e8b465ee728b)
Start importing Assets/Scripts/Inventory/Crafting/CraftingUI.cs using Guid(f7b601b8b4b700d46aa083ff8f62b2f9) Importer(815301076,1909f56bfc062723c751e8b465ee728b) (PreviewImporter) -> (artifact id: '00000000000000000000000000000000') in 0.0005636 seconds
Import Error Code:(4)
Message: Build asset version error: assets/scripts/inventory/crafting/craftingui.cs in SourceAssetDB has modification time of '2026-02-18T01:06:02.1993851Z' while content on disk has modification time of '2026-02-18T01:06:08.3502784Z'
  ERROR: Build asset version error: assets/scripts/inventory/crafting/craftingui.cs in SourceAssetDB has modification time of '2026-02-18T01:06:02.1993851Z' while content on disk has modification time of '2026-02-18T01:06:08.3502784Z'
Number of updated asset objects reloaded before import = 0Number of asset objects unloaded after import = 0

========================================================================
Received Import Request.
  Time since last request: 0.000014 seconds.
  path: Assets/Scripts/Inventory/Crafting/CraftingUI.cs
  artifactKey: Guid(f7b601b8b4b700d46aa083ff8f62b2f9) Importer(815301076,1909f56bfc062723c751e8b465ee728b)
Start importing Assets/Scripts/Inventory/Crafting/CraftingUI.cs using Guid(f7b601b8b4b700d46aa083ff8f62b2f9) Importer(815301076,1909f56bfc062723c751e8b465ee728b) (PreviewImporter) -> (artifact id: '00000000000000000000000000000000') in 0.0004491 seconds
Import Error Code:(4)
Message: Build asset version error: assets/scripts/inventory/crafting/craftingui.cs in SourceAssetDB has modification time of '2026-02-18T01:06:02.1993851Z' while content on disk has modification time of '2026-02-18T01:06:08.3502784Z'
  ERROR: Build asset version error: assets/scripts/inventory/crafting/craftingui.cs in SourceAssetDB has modification time of '2026-02-18T01:06:02.1993851Z' while content on disk has modification time of '2026-02-18T01:06:08.3502784Z'
Number of updated asset objects reloaded before import = 0Number of asset objects unloaded after import = 0

========================================================================
Received Import Request.
  Time since last request: 0.000014 seconds.
  path: Assets/Scripts/Inventory/Crafting/CraftingUI.cs
  artifactKey: Guid(f7b601b8b4b700d46aa083ff8f62b2f9) Importer(815301076,1909f56bfc062723c751e8b465ee728b)
Start importing Assets/Scripts/Inventory/Crafting/CraftingUI.cs using Guid(f7b601b8b4b700d46aa083ff8f62b2f9) Importer(815301076,1909f56bfc062723c751e8b465ee728b) (PreviewImporter) -> (artifact id: '00000000000000000000000000000000') in 0.0005147 seconds
Import Error Code:(4)
Message: Build asset version error: assets/scripts/inventory/crafting/craftingui.cs in SourceAssetDB has modification time of '2026-02-18T01:06:02.1993851Z' while content on disk has modification time of '2026-02-18T01:06:08.3502784Z'
  ERROR: Build asset version error: assets/scripts/inventory/crafting/craftingui.cs in SourceAssetDB has modification time of '2026-02-18T01:06:02.1993851Z' while content on disk has modification time of '2026-02-18T01:06:08.3502784Z'
Number of updated asset objects reloaded before import = 0Number of asset objects unloaded after import = 0

========================================================================
Received Import Request.
  Time since last request: 0.000014 seconds.
  path: Assets/Scripts/Inventory/Crafting/CraftingUI.cs
  artifactKey: Guid(f7b601b8b4b700d46aa083ff8f62b2f9) Importer(815301076,1909f56bfc062723c751e8b465ee728b)
Start importing Assets/Scripts/Inventory/Crafting/CraftingUI.cs using Guid(f7b601b8b4b700d46aa083ff8f62b2f9) Importer(815301076,1909f56bfc062723c751e8b465ee728b) (PreviewImporter) -> (artifact id: '00000000000000000000000000000000') in 0.0004416 seconds
Import Error Code:(4)
Message: Build asset version error: assets/scripts/inventory/crafting/craftingui.cs in SourceAssetDB has modification time of '2026-02-18T01:06:02.1993851Z' while content on disk has modification time of '2026-02-18T01:06:08.3502784Z'
  ERROR: Build asset version error: assets/scripts/inventory/crafting/craftingui.cs in SourceAssetDB has modification time of '2026-02-18T01:06:02.1993851Z' while content on disk has modification time of '2026-02-18T01:06:08.3502784Z'
Number of updated asset objects reloaded before import = 0Number of asset objects unloaded after import = 0

========================================================================
Received Import Request.
  Time since last request: 0.000013 seconds.
  path: Assets/Scripts/Inventory/Crafting/CraftingUI.cs
  artifactKey: Guid(f7b601b8b4b700d46aa083ff8f62b2f9) Importer(815301076,1909f56bfc062723c751e8b465ee728b)
Start importing Assets/Scripts/Inventory/Crafting/CraftingUI.cs using Guid(f7b601b8b4b700d46aa083ff8f62b2f9) Importer(815301076,1909f56bfc062723c751e8b465ee728b) (PreviewImporter) -> (artifact id: '00000000000000000000000000000000') in 0.00054 seconds
Import Error Code:(4)
Message: Build asset version error: assets/scripts/inventory/crafting/craftingui.cs in SourceAssetDB has modification time of '2026-02-18T01:06:02.1993851Z' while content on disk has modification time of '2026-02-18T01:06:08.3502784Z'
  ERROR: Build asset version error: assets/scripts/inventory/crafting/craftingui.cs in SourceAssetDB has modification time of '2026-02-18T01:06:02.1993851Z' while content on disk has modification time of '2026-02-18T01:06:08.3502784Z'
Number of updated asset objects reloaded before import = 0Number of asset objects unloaded after import = 0

========================================================================
Received Import Request.
  Time since last request: 0.000015 seconds.
  path: Assets/Scripts/Inventory/Crafting/CraftingUI.cs
  artifactKey: Guid(f7b601b8b4b700d46aa083ff8f62b2f9) Importer(815301076,1909f56bfc062723c751e8b465ee728b)
Start importing Assets/Scripts/Inventory/Crafting/CraftingUI.cs using Guid(f7b601b8b4b700d46aa083ff8f62b2f9) Importer(815301076,1909f56bfc062723c751e8b465ee728b) (PreviewImporter) -> (artifact id: '00000000000000000000000000000000') in 0.0006486 seconds
Import Error Code:(4)
Message: Build asset version error: assets/scripts/inventory/crafting/craftingui.cs in SourceAssetDB has modification time of '2026-02-18T01:06:02.1993851Z' while content on disk has modification time of '2026-02-18T01:06:08.3502784Z'
  ERROR: Build asset version error: assets/scripts/inventory/crafting/craftingui.cs in SourceAssetDB has modification time of '2026-02-18T01:06:02.1993851Z' while content on disk has modification time of '2026-02-18T01:06:08.3502784Z'
Number of updated asset objects reloaded before import = 0Number of asset objects unloaded after import = 0

========================================================================
Received Import Request.
  Time since last request: 0.000016 seconds.
  path: Assets/Scripts/Inventory/Crafting/CraftingUI.cs
  artifactKey: Guid(f7b601b8b4b700d46aa083ff8f62b2f9) Importer(815301076,1909f56bfc062723c751e8b465ee728b)
Start importing Assets/Scripts/Inventory/Crafting/CraftingUI.cs using Guid(f7b601b8b4b700d46aa083ff8f62b2f9) Importer(815301076,1909f56bfc062723c751e8b465ee728b) (PreviewImporter) -> (artifact id: '00000000000000000000000000000000') in 0.0006689 seconds
Import Error Code:(4)
Message: Build asset version error: assets/scripts/inventory/crafting/craftingui.cs in SourceAssetDB has modification time of '2026-02-18T01:06:02.1993851Z' while content on disk has modification time of '2026-02-18T01:06:08.3502784Z'
  ERROR: Build asset version error: assets/scripts/inventory/crafting/craftingui.cs in SourceAssetDB has modification time of '2026-02-18T01:06:02.1993851Z' while content on disk has modification time of '2026-02-18T01:06:08.3502784Z'
Number of updated asset objects reloaded before import = 0Number of asset objects unloaded after import = 0

========================================================================
Received Import Request.
  Time since last request: 0.000017 seconds.
  path: Assets/Scripts/Inventory/Crafting/CraftingUI.cs
  artifactKey: Guid(f7b601b8b4b700d46aa083ff8f62b2f9) Importer(815301076,1909f56bfc062723c751e8b465ee728b)
Start importing Assets/Scripts/Inventory/Crafting/CraftingUI.cs using Guid(f7b601b8b4b700d46aa083ff8f62b2f9) Importer(815301076,1909f56bfc062723c751e8b465ee728b) (PreviewImporter) -> (artifact id: '00000000000000000000000000000000') in 0.0007084 seconds
Import Error Code:(4)
Message: Build asset version error: assets/scripts/inventory/crafting/craftingui.cs in SourceAssetDB has modification time of '2026-02-18T01:06:02.1993851Z' while content on disk has modification time of '2026-02-18T01:06:08.3502784Z'
  ERROR: Build asset version error: assets/scripts/inventory/crafting/craftingui.cs in SourceAssetDB has modification time of '2026-02-18T01:06:02.1993851Z' while content on disk has modification time of '2026-02-18T01:06:08.3502784Z'
Number of updated asset objects reloaded before import = 0Number of asset objects unloaded after import = 0

========================================================================
Received Import Request.
  Time since last request: 0.000024 seconds.
  path: Assets/Scripts/Inventory/Crafting/CraftingUI.cs
  artifactKey: Guid(f7b601b8b4b700d46aa083ff8f62b2f9) Importer(815301076,1909f56bfc062723c751e8b465ee728b)
Start importing Assets/Scripts/Inventory/Crafting/CraftingUI.cs using Guid(f7b601b8b4b700d46aa083ff8f62b2f9) Importer(815301076,1909f56bfc062723c751e8b465ee728b) (PreviewImporter) -> (artifact id: '00000000000000000000000000000000') in 0.0006317 seconds
Import Error Code:(4)
Message: Build asset version error: assets/scripts/inventory/crafting/craftingui.cs in SourceAssetDB has modification time of '2026-02-18T01:06:02.1993851Z' while content on disk has modification time of '2026-02-18T01:06:08.3502784Z'
  ERROR: Build asset version error: assets/scripts/inventory/crafting/craftingui.cs in SourceAssetDB has modification time of '2026-02-18T01:06:02.1993851Z' while content on disk has modification time of '2026-02-18T01:06:08.3502784Z'
Number of updated asset objects reloaded before import = 0Number of asset objects unloaded after import = 0

========================================================================
Received Import Request.
  Time since last request: 0.000027 seconds.
  path: Assets/Scripts/Inventory/Crafting/CraftingUI.cs
  artifactKey: Guid(f7b601b8b4b700d46aa083ff8f62b2f9) Importer(815301076,1909f56bfc062723c751e8b465ee728b)
Start importing Assets/Scripts/Inventory/Crafting/CraftingUI.cs using Guid(f7b601b8b4b700d46aa083ff8f62b2f9) Importer(815301076,1909f56bfc062723c751e8b465ee728b) (PreviewImporter) -> (artifact id: '00000000000000000000000000000000') in 0.0006208 seconds
Import Error Code:(4)
Message: Build asset version error: assets/scripts/inventory/crafting/craftingui.cs in SourceAssetDB has modification time of '2026-02-18T01:06:02.1993851Z' while content on disk has modification time of '2026-02-18T01:06:08.3502784Z'
  ERROR: Build asset version error: assets/scripts/inventory/crafting/craftingui.cs in SourceAssetDB has modification time of '2026-02-18T01:06:02.1993851Z' while content on disk has modification time of '2026-02-18T01:06:08.3502784Z'
Number of updated asset objects reloaded before import = 0Number of asset objects unloaded after import = 0

========================================================================
Received Import Request.
  Time since last request: 0.000030 seconds.
  path: Assets/Scripts/Inventory/Crafting/CraftingUI.cs
  artifactKey: Guid(f7b601b8b4b700d46aa083ff8f62b2f9) Importer(815301076,1909f56bfc062723c751e8b465ee728b)
Start importing Assets/Scripts/Inventory/Crafting/CraftingUI.cs using Guid(f7b601b8b4b700d46aa083ff8f62b2f9) Importer(815301076,1909f56bfc062723c751e8b465ee728b) (PreviewImporter) -> (artifact id: '00000000000000000000000000000000') in 0.0006144 seconds
Import Error Code:(4)
Message: Build asset version error: assets/scripts/inventory/crafting/craftingui.cs in SourceAssetDB has modification time of '2026-02-18T01:06:02.1993851Z' while content on disk has modification time of '2026-02-18T01:06:08.3502784Z'
  ERROR: Build asset version error: assets/scripts/inventory/crafting/craftingui.cs in SourceAssetDB has modification time of '2026-02-18T01:06:02.1993851Z' while content on disk has modification time of '2026-02-18T01:06:08.3502784Z'
Number of updated asset objects reloaded before import = 0Number of asset objects unloaded after import = 0

========================================================================
Received Import Request.
  Time since last request: 0.000014 seconds.
  path: Assets/Scripts/Inventory/Crafting/CraftingUI.cs
  artifactKey: Guid(f7b601b8b4b700d46aa083ff8f62b2f9) Importer(815301076,1909f56bfc062723c751e8b465ee728b)
Start importing Assets/Scripts/Inventory/Crafting/CraftingUI.cs using Guid(f7b601b8b4b700d46aa083ff8f62b2f9) Importer(815301076,1909f56bfc062723c751e8b465ee728b) (PreviewImporter) -> (artifact id: '00000000000000000000000000000000') in 0.0004604 seconds
Import Error Code:(4)
Message: Build asset version error: assets/scripts/inventory/crafting/craftingui.cs in SourceAssetDB has modification time of '2026-02-18T01:06:02.1993851Z' while content on disk has modification time of '2026-02-18T01:06:08.3502784Z'
  ERROR: Build asset version error: assets/scripts/inventory/crafting/craftingui.cs in SourceAssetDB has modification time of '2026-02-18T01:06:02.1993851Z' while content on disk has modification time of '2026-02-18T01:06:08.3502784Z'
Number of updated asset objects reloaded before import = 0Number of asset objects unloaded after import = 0

========================================================================
Received Import Request.
  Time since last request: 0.000015 seconds.
  path: Assets/Scripts/Inventory/Crafting/CraftingUI.cs
  artifactKey: Guid(f7b601b8b4b700d46aa083ff8f62b2f9) Importer(815301076,1909f56bfc062723c751e8b465ee728b)
Start importing Assets/Scripts/Inventory/Crafting/CraftingUI.cs using Guid(f7b601b8b4b700d46aa083ff8f62b2f9) Importer(815301076,1909f56bfc062723c751e8b465ee728b) (PreviewImporter) -> (artifact id: '00000000000000000000000000000000') in 0.000494 seconds
Import Error Code:(4)
Message: Build asset version error: assets/scripts/inventory/crafting/craftingui.cs in SourceAssetDB has modification time of '2026-02-18T01:06:02.1993851Z' while content on disk has modification time of '2026-02-18T01:06:08.3502784Z'
  ERROR: Build asset version error: assets/scripts/inventory/crafting/craftingui.cs in SourceAssetDB has modification time of '2026-02-18T01:06:02.1993851Z' while content on disk has modification time of '2026-02-18T01:06:08.3502784Z'
Number of updated asset objects reloaded before import = 0Number of asset objects unloaded after import = 0

========================================================================
Received Import Request.
  Time since last request: 0.000015 seconds.
  path: Assets/Scripts/Inventory/Crafting/CraftingUI.cs
  artifactKey: Guid(f7b601b8b4b700d46aa083ff8f62b2f9) Importer(815301076,1909f56bfc062723c751e8b465ee728b)
Start importing Assets/Scripts/Inventory/Crafting/CraftingUI.cs using Guid(f7b601b8b4b700d46aa083ff8f62b2f9) Importer(815301076,1909f56bfc062723c751e8b465ee728b) (PreviewImporter) -> (artifact id: '00000000000000000000000000000000') in 0.000489 seconds
Import Error Code:(4)
Message: Build asset version error: assets/scripts/inventory/crafting/craftingui.cs in SourceAssetDB has modification time of '2026-02-18T01:06:02.1993851Z' while content on disk has modification time of '2026-02-18T01:06:08.3502784Z'
  ERROR: Build asset version error: assets/scripts/inventory/crafting/craftingui.cs in SourceAssetDB has modification time of '2026-02-18T01:06:02.1993851Z' while content on disk has modification time of '2026-02-18T01:06:08.3502784Z'
Number of updated asset objects reloaded before import = 0Number of asset objects unloaded after import = 0

========================================================================
Received Import Request.
  Time since last request: 0.000013 seconds.
  path: Assets/Scripts/Inventory/Crafting/CraftingUI.cs
  artifactKey: Guid(f7b601b8b4b700d46aa083ff8f62b2f9) Importer(815301076,1909f56bfc062723c751e8b465ee728b)
Start importing Assets/Scripts/Inventory/Crafting/CraftingUI.cs using Guid(f7b601b8b4b700d46aa083ff8f62b2f9) Importer(815301076,1909f56bfc062723c751e8b465ee728b) (PreviewImporter) -> (artifact id: '00000000000000000000000000000000') in 0.0004551 seconds
Import Error Code:(4)
Message: Build asset version error: assets/scripts/inventory/crafting/craftingui.cs in SourceAssetDB has modification time of '2026-02-18T01:06:02.1993851Z' while content on disk has modification time of '2026-02-18T01:06:08.3502784Z'
  ERROR: Build asset version error: assets/scripts/inventory/crafting/craftingui.cs in SourceAssetDB has modification time of '2026-02-18T01:06:02.1993851Z' while content on disk has modification time of '2026-02-18T01:06:08.3502784Z'
Number of updated asset objects reloaded before import = 0Number of asset objects unloaded after import = 0

========================================================================
Received Import Request.
  Time since last request: 0.000015 seconds.
  path: Assets/Scripts/Inventory/Crafting/CraftingUI.cs
  artifactKey: Guid(f7b601b8b4b700d46aa083ff8f62b2f9) Importer(815301076,1909f56bfc062723c751e8b465ee728b)
Start importing Assets/Scripts/Inventory/Crafting/CraftingUI.cs using Guid(f7b601b8b4b700d46aa083ff8f62b2f9) Importer(815301076,1909f56bfc062723c751e8b465ee728b) (PreviewImporter) -> (artifact id: '00000000000000000000000000000000') in 0.000454 seconds
Import Error Code:(4)
Message: Build asset version error: assets/scripts/inventory/crafting/craftingui.cs in SourceAssetDB has modification time of '2026-02-18T01:06:02.1993851Z' while content on disk has modification time of '2026-02-18T01:06:08.3502784Z'
  ERROR: Build asset version error: assets/scripts/inventory/crafting/craftingui.cs in SourceAssetDB has modification time of '2026-02-18T01:06:02.1993851Z' while content on disk has modification time of '2026-02-18T01:06:08.3502784Z'
Number of updated asset objects reloaded before import = 0Number of asset objects unloaded after import = 0

========================================================================
Received Import Request.
  Time since last request: 0.000015 seconds.
  path: Assets/Scripts/Inventory/Crafting/CraftingUI.cs
  artifactKey: Guid(f7b601b8b4b700d46aa083ff8f62b2f9) Importer(815301076,1909f56bfc062723c751e8b465ee728b)
Start importing Assets/Scripts/Inventory/Crafting/CraftingUI.cs using Guid(f7b601b8b4b700d46aa083ff8f62b2f9) Importer(815301076,1909f56bfc062723c751e8b465ee728b) (PreviewImporter) -> (artifact id: '00000000000000000000000000000000') in 0.0005242 seconds
Import Error Code:(4)
Message: Build asset version error: assets/scripts/inventory/crafting/craftingui.cs in SourceAssetDB has modification time of '2026-02-18T01:06:02.1993851Z' while content on disk has modification time of '2026-02-18T01:06:08.3502784Z'
  ERROR: Build asset version error: assets/scripts/inventory/crafting/craftingui.cs in SourceAssetDB has modification time of '2026-02-18T01:06:02.1993851Z' while content on disk has modification time of '2026-02-18T01:06:08.3502784Z'
Number of updated asset objects reloaded before import = 0Number of asset objects unloaded after import = 0

========================================================================
Received Import Request.
  Time since last request: 0.000013 seconds.
  path: Assets/Scripts/Inventory/Crafting/CraftingUI.cs
  artifactKey: Guid(f7b601b8b4b700d46aa083ff8f62b2f9) Importer(815301076,1909f56bfc062723c751e8b465ee728b)
Start importing Assets/Scripts/Inventory/Crafting/CraftingUI.cs using Guid(f7b601b8b4b700d46aa083ff8f62b2f9) Importer(815301076,1909f56bfc062723c751e8b465ee728b) (PreviewImporter) -> (artifact id: '00000000000000000000000000000000') in 0.0007111 seconds
Import Error Code:(4)
Message: Build asset version error: assets/scripts/inventory/crafting/craftingui.cs in SourceAssetDB has modification time of '2026-02-18T01:06:02.1993851Z' while content on disk has modification time of '2026-02-18T01:06:08.3502784Z'
  ERROR: Build asset version error: assets/scripts/inventory/crafting/craftingui.cs in SourceAssetDB has modification time of '2026-02-18T01:06:02.1993851Z' while content on disk has modification time of '2026-02-18T01:06:08.3502784Z'
Number of updated asset objects reloaded before import = 0Number of asset objects unloaded after import = 0

========================================================================
Received Import Request.
  Time since last request: 0.000015 seconds.
  path: Assets/Scripts/Inventory/Crafting/CraftingUI.cs
  artifactKey: Guid(f7b601b8b4b700d46aa083ff8f62b2f9) Importer(815301076,1909f56bfc062723c751e8b465ee728b)
Start importing Assets/Scripts/Inventory/Crafting/CraftingUI.cs using Guid(f7b601b8b4b700d46aa083ff8f62b2f9) Importer(815301076,1909f56bfc062723c751e8b465ee728b) (PreviewImporter) -> (artifact id: '00000000000000000000000000000000') in 0.0004807 seconds
Import Error Code:(4)
Message: Build asset version error: assets/scripts/inventory/crafting/craftingui.cs in SourceAssetDB has modification time of '2026-02-18T01:06:02.1993851Z' while content on disk has modification time of '2026-02-18T01:06:08.3502784Z'
  ERROR: Build asset version error: assets/scripts/inventory/crafting/craftingui.cs in SourceAssetDB has modification time of '2026-02-18T01:06:02.1993851Z' while content on disk has modification time of '2026-02-18T01:06:08.3502784Z'
Number of updated asset objects reloaded before import = 0Number of asset objects unloaded after import = 0

========================================================================
Received Import Request.
  Time since last request: 0.000015 seconds.
  path: Assets/Scripts/Inventory/Crafting/CraftingUI.cs
  artifactKey: Guid(f7b601b8b4b700d46aa083ff8f62b2f9) Importer(815301076,1909f56bfc062723c751e8b465ee728b)
Start importing Assets/Scripts/Inventory/Crafting/CraftingUI.cs using Guid(f7b601b8b4b700d46aa083ff8f62b2f9) Importer(815301076,1909f56bfc062723c751e8b465ee728b) (PreviewImporter) -> (artifact id: '00000000000000000000000000000000') in 0.0006429 seconds
Import Error Code:(4)
Message: Build asset version error: assets/scripts/inventory/crafting/craftingui.cs in SourceAssetDB has modification time of '2026-02-18T01:06:02.1993851Z' while content on disk has modification time of '2026-02-18T01:06:08.3502784Z'
  ERROR: Build asset version error: assets/scripts/inventory/crafting/craftingui.cs in SourceAssetDB has modification time of '2026-02-18T01:06:02.1993851Z' while content on disk has modification time of '2026-02-18T01:06:08.3502784Z'
Number of updated asset objects reloaded before import = 0Number of asset objects unloaded after import = 0

========================================================================
Received Import Request.
  Time since last request: 0.000025 seconds.
  path: Assets/Scripts/Inventory/Crafting/CraftingUI.cs
  artifactKey: Guid(f7b601b8b4b700d46aa083ff8f62b2f9) Importer(815301076,1909f56bfc062723c751e8b465ee728b)
Start importing Assets/Scripts/Inventory/Crafting/CraftingUI.cs using Guid(f7b601b8b4b700d46aa083ff8f62b2f9) Importer(815301076,1909f56bfc062723c751e8b465ee728b) (PreviewImporter) -> (artifact id: '00000000000000000000000000000000') in 0.0004574 seconds
Import Error Code:(4)
Message: Build asset version error: assets/scripts/inventory/crafting/craftingui.cs in SourceAssetDB has modification time of '2026-02-18T01:06:02.1993851Z' while content on disk has modification time of '2026-02-18T01:06:08.3502784Z'
  ERROR: Build asset version error: assets/scripts/inventory/crafting/craftingui.cs in SourceAssetDB has modification time of '2026-02-18T01:06:02.1993851Z' while content on disk has modification time of '2026-02-18T01:06:08.3502784Z'
Number of updated asset objects reloaded before import = 0Number of asset objects unloaded after import = 0

========================================================================
Received Import Request.
  Time since last request: 0.000017 seconds.
  path: Assets/Scripts/Inventory/Crafting/CraftingUI.cs
  artifactKey: Guid(f7b601b8b4b700d46aa083ff8f62b2f9) Importer(815301076,1909f56bfc062723c751e8b465ee728b)
Start importing Assets/Scripts/Inventory/Crafting/CraftingUI.cs using Guid(f7b601b8b4b700d46aa083ff8f62b2f9) Importer(815301076,1909f56bfc062723c751e8b465ee728b) (PreviewImporter) -> (artifact id: '00000000000000000000000000000000') in 0.0005955 seconds
Import Error Code:(4)
Message: Build asset version error: assets/scripts/inventory/crafting/craftingui.cs in SourceAssetDB has modification time of '2026-02-18T01:06:02.1993851Z' while content on disk has modification time of '2026-02-18T01:06:08.3502784Z'
  ERROR: Build asset version error: assets/scripts/inventory/crafting/craftingui.cs in SourceAssetDB has modification time of '2026-02-18T01:06:02.1993851Z' while content on disk has modification time of '2026-02-18T01:06:08.3502784Z'
Number of updated asset objects reloaded before import = 0Number of asset objects unloaded after import = 0

========================================================================
Received Import Request.
  Time since last request: 0.000018 seconds.
  path: Assets/Scripts/Inventory/Crafting/CraftingUI.cs
  artifactKey: Guid(f7b601b8b4b700d46aa083ff8f62b2f9) Importer(815301076,1909f56bfc062723c751e8b465ee728b)
Start importing Assets/Scripts/Inventory/Crafting/CraftingUI.cs using Guid(f7b601b8b4b700d46aa083ff8f62b2f9) Importer(815301076,1909f56bfc062723c751e8b465ee728b) (PreviewImporter) -> (artifact id: '00000000000000000000000000000000') in 0.0006524 seconds
Import Error Code:(4)
Message: Build asset version error: assets/scripts/inventory/crafting/craftingui.cs in SourceAssetDB has modification time of '2026-02-18T01:06:02.1993851Z' while content on disk has modification time of '2026-02-18T01:06:08.3502784Z'
  ERROR: Build asset version error: assets/scripts/inventory/crafting/craftingui.cs in SourceAssetDB has modification time of '2026-02-18T01:06:02.1993851Z' while content on disk has modification time of '2026-02-18T01:06:08.3502784Z'
Number of updated asset objects reloaded before import = 0Number of asset objects unloaded after import = 0

========================================================================
Received Import Request.
  Time since last request: 0.000021 seconds.
  path: Assets/Scripts/Inventory/Crafting/CraftingUI.cs
  artifactKey: Guid(f7b601b8b4b700d46aa083ff8f62b2f9) Importer(815301076,1909f56bfc062723c751e8b465ee728b)
Start importing Assets/Scripts/Inventory/Crafting/CraftingUI.cs using Guid(f7b601b8b4b700d46aa083ff8f62b2f9) Importer(815301076,1909f56bfc062723c751e8b465ee728b) (PreviewImporter) -> (artifact id: '00000000000000000000000000000000') in 0.0005753 seconds
Import Error Code:(4)
Message: Build asset version error: assets/scripts/inventory/crafting/craftingui.cs in SourceAssetDB has modification time of '2026-02-18T01:06:02.1993851Z' while content on disk has modification time of '2026-02-18T01:06:08.3502784Z'
  ERROR: Build asset version error: assets/scripts/inventory/crafting/craftingui.cs in SourceAssetDB has modification time of '2026-02-18T01:06:02.1993851Z' while content on disk has modification time of '2026-02-18T01:06:08.3502784Z'
Number of updated asset objects reloaded before import = 0Number of asset objects unloaded after import = 0

========================================================================
Received Import Request.
  Time since last request: 0.000020 seconds.
  path: Assets/Scripts/Inventory/Crafting/CraftingUI.cs
  artifactKey: Guid(f7b601b8b4b700d46aa083ff8f62b2f9) Importer(815301076,1909f56bfc062723c751e8b465ee728b)
Start importing Assets/Scripts/Inventory/Crafting/CraftingUI.cs using Guid(f7b601b8b4b700d46aa083ff8f62b2f9) Importer(815301076,1909f56bfc062723c751e8b465ee728b) (PreviewImporter) -> (artifact id: '00000000000000000000000000000000') in 0.0006572 seconds
Import Error Code:(4)
Message: Build asset version error: assets/scripts/inventory/crafting/craftingui.cs in SourceAssetDB has modification time of '2026-02-18T01:06:02.1993851Z' while content on disk has modification time of '2026-02-18T01:06:08.3502784Z'
  ERROR: Build asset version error: assets/scripts/inventory/crafting/craftingui.cs in SourceAssetDB has modification time of '2026-02-18T01:06:02.1993851Z' while content on disk has modification time of '2026-02-18T01:06:08.3502784Z'
Number of updated asset objects reloaded before import = 0Number of asset objects unloaded after import = 0

========================================================================
Received Import Request.
  Time since last request: 0.001825 seconds.
  path: Assets/Scripts/Inventory/Crafting/CraftingUI.cs
  artifactKey: Guid(f7b601b8b4b700d46aa083ff8f62b2f9) Importer(815301076,1909f56bfc062723c751e8b465ee728b)
Start importing Assets/Scripts/Inventory/Crafting/CraftingUI.cs using Guid(f7b601b8b4b700d46aa083ff8f62b2f9) Importer(815301076,1909f56bfc062723c751e8b465ee728b) (PreviewImporter) -> (artifact id: '00000000000000000000000000000000') in 0.000693 seconds
Import Error Code:(4)
Message: Build asset version error: assets/scripts/inventory/crafting/craftingui.cs in SourceAssetDB has modification time of '2026-02-18T01:06:02.1993851Z' while content on disk has modification time of '2026-02-18T01:06:08.3502784Z'
  ERROR: Build asset version error: assets/scripts/inventory/crafting/craftingui.cs in SourceAssetDB has modification time of '2026-02-18T01:06:02.1993851Z' while content on disk has modification time of '2026-02-18T01:06:08.3502784Z'
Number of updated asset objects reloaded before import = 0Number of asset objects unloaded after import = 0

========================================================================
Received Import Request.
  Time since last request: 0.000016 seconds.
  path: Assets/Scripts/Inventory/Crafting/CraftingUI.cs
  artifactKey: Guid(f7b601b8b4b700d46aa083ff8f62b2f9) Importer(815301076,1909f56bfc062723c751e8b465ee728b)
Start importing Assets/Scripts/Inventory/Crafting/CraftingUI.cs using Guid(f7b601b8b4b700d46aa083ff8f62b2f9) Importer(815301076,1909f56bfc062723c751e8b465ee728b) (PreviewImporter) -> (artifact id: '00000000000000000000000000000000') in 0.0005111 seconds
Import Error Code:(4)
Message: Build asset version error: assets/scripts/inventory/crafting/craftingui.cs in SourceAssetDB has modification time of '2026-02-18T01:06:02.1993851Z' while content on disk has modification time of '2026-02-18T01:06:08.3502784Z'
  ERROR: Build asset version error: assets/scripts/inventory/crafting/craftingui.cs in SourceAssetDB has modification time of '2026-02-18T01:06:02.1993851Z' while content on disk has modification time of '2026-02-18T01:06:08.3502784Z'
Number of updated asset objects reloaded before import = 0Number of asset objects unloaded after import = 0

========================================================================
Received Import Request.
  Time since last request: 0.000016 seconds.
  path: Assets/Scripts/Inventory/Crafting/CraftingUI.cs
  artifactKey: Guid(f7b601b8b4b700d46aa083ff8f62b2f9) Importer(815301076,1909f56bfc062723c751e8b465ee728b)
Start importing Assets/Scripts/Inventory/Crafting/CraftingUI.cs using Guid(f7b601b8b4b700d46aa083ff8f62b2f9) Importer(815301076,1909f56bfc062723c751e8b465ee728b) (PreviewImporter) -> (artifact id: '00000000000000000000000000000000') in 0.0005299 seconds
Import Error Code:(4)
Message: Build asset version error: assets/scripts/inventory/crafting/craftingui.cs in SourceAssetDB has modification time of '2026-02-18T01:06:02.1993851Z' while content on disk has modification time of '2026-02-18T01:06:08.3502784Z'
  ERROR: Build asset version error: assets/scripts/inventory/crafting/craftingui.cs in SourceAssetDB has modification time of '2026-02-18T01:06:02.1993851Z' while content on disk has modification time of '2026-02-18T01:06:08.3502784Z'
Number of updated asset objects reloaded before import = 0Number of asset objects unloaded after import = 0

========================================================================
Received Import Request.
  Time since last request: 0.000016 seconds.
  path: Assets/Scripts/Inventory/Crafting/CraftingUI.cs
  artifactKey: Guid(f7b601b8b4b700d46aa083ff8f62b2f9) Importer(815301076,1909f56bfc062723c751e8b465ee728b)
Start importing Assets/Scripts/Inventory/Crafting/CraftingUI.cs using Guid(f7b601b8b4b700d46aa083ff8f62b2f9) Importer(815301076,1909f56bfc062723c751e8b465ee728b) (PreviewImporter) -> (artifact id: '00000000000000000000000000000000') in 0.0005458 seconds
Import Error Code:(4)
Message: Build asset version error: assets/scripts/inventory/crafting/craftingui.cs in SourceAssetDB has modification time of '2026-02-18T01:06:02.1993851Z' while content on disk has modification time of '2026-02-18T01:06:08.3502784Z'
  ERROR: Build asset version error: assets/scripts/inventory/crafting/craftingui.cs in SourceAssetDB has modification time of '2026-02-18T01:06:02.1993851Z' while content on disk has modification time of '2026-02-18T01:06:08.3502784Z'
Number of updated asset objects reloaded before import = 0Number of asset objects unloaded after import = 0

========================================================================
Received Import Request.
  Time since last request: 0.000022 seconds.
  path: Assets/Scripts/Inventory/Crafting/CraftingUI.cs
  artifactKey: Guid(f7b601b8b4b700d46aa083ff8f62b2f9) Importer(815301076,1909f56bfc062723c751e8b465ee728b)
Start importing Assets/Scripts/Inventory/Crafting/CraftingUI.cs using Guid(f7b601b8b4b700d46aa083ff8f62b2f9) Importer(815301076,1909f56bfc062723c751e8b465ee728b) (PreviewImporter) -> (artifact id: '00000000000000000000000000000000') in 0.0004385 seconds
Import Error Code:(4)
Message: Build asset version error: assets/scripts/inventory/crafting/craftingui.cs in SourceAssetDB has modification time of '2026-02-18T01:06:02.1993851Z' while content on disk has modification time of '2026-02-18T01:06:08.3502784Z'
  ERROR: Build asset version error: assets/scripts/inventory/crafting/craftingui.cs in SourceAssetDB has modification time of '2026-02-18T01:06:02.1993851Z' while content on disk has modification time of '2026-02-18T01:06:08.3502784Z'
Number of updated asset objects reloaded before import = 0Number of asset objects unloaded after import = 0

========================================================================
Received Import Request.
  Time since last request: 0.000014 seconds.
  path: Assets/Scripts/Inventory/Crafting/CraftingUI.cs
  artifactKey: Guid(f7b601b8b4b700d46aa083ff8f62b2f9) Importer(815301076,1909f56bfc062723c751e8b465ee728b)
Start importing Assets/Scripts/Inventory/Crafting/CraftingUI.cs using Guid(f7b601b8b4b700d46aa083ff8f62b2f9) Importer(815301076,1909f56bfc062723c751e8b465ee728b) (PreviewImporter) -> (artifact id: '00000000000000000000000000000000') in 0.0004751 seconds
Import Error Code:(4)
Message: Build asset version error: assets/scripts/inventory/crafting/craftingui.cs in SourceAssetDB has modification time of '2026-02-18T01:06:02.1993851Z' while content on disk has modification time of '2026-02-18T01:06:08.3502784Z'
  ERROR: Build asset version error: assets/scripts/inventory/crafting/craftingui.cs in SourceAssetDB has modification time of '2026-02-18T01:06:02.1993851Z' while content on disk has modification time of '2026-02-18T01:06:08.3502784Z'
Number of updated asset objects reloaded before import = 0Number of asset objects unloaded after import = 0

========================================================================
Received Import Request.
  Time since last request: 0.000014 seconds.
  path: Assets/Scripts/Inventory/Crafting/CraftingUI.cs
  artifactKey: Guid(f7b601b8b4b700d46aa083ff8f62b2f9) Importer(815301076,1909f56bfc062723c751e8b465ee728b)
Start importing Assets/Scripts/Inventory/Crafting/CraftingUI.cs using Guid(f7b601b8b4b700d46aa083ff8f62b2f9) Importer(815301076,1909f56bfc062723c751e8b465ee728b) (PreviewImporter) -> (artifact id: '00000000000000000000000000000000') in 0.0004592 seconds
Import Error Code:(4)
Message: Build asset version error: assets/scripts/inventory/crafting/craftingui.cs in SourceAssetDB has modification time of '2026-02-18T01:06:02.1993851Z' while content on disk has modification time of '2026-02-18T01:06:08.3502784Z'
  ERROR: Build asset version error: assets/scripts/inventory/crafting/craftingui.cs in SourceAssetDB has modification time of '2026-02-18T01:06:02.1993851Z' while content on disk has modification time of '2026-02-18T01:06:08.3502784Z'
Number of updated asset objects reloaded before import = 0Number of asset objects unloaded after import = 0

========================================================================
Received Import Request.
  Time since last request: 0.000013 seconds.
  path: Assets/Scripts/Inventory/Crafting/CraftingUI.cs
  artifactKey: Guid(f7b601b8b4b700d46aa083ff8f62b2f9) Importer(815301076,1909f56bfc062723c751e8b465ee728b)
Start importing Assets/Scripts/Inventory/Crafting/CraftingUI.cs using Guid(f7b601b8b4b700d46aa083ff8f62b2f9) Importer(815301076,1909f56bfc062723c751e8b465ee728b) (PreviewImporter) -> (artifact id: '00000000000000000000000000000000') in 0.0004709 seconds
Import Error Code:(4)
Message: Build asset version error: assets/scripts/inventory/crafting/craftingui.cs in SourceAssetDB has modification time of '2026-02-18T01:06:02.1993851Z' while content on disk has modification time of '2026-02-18T01:06:08.3502784Z'
  ERROR: Build asset version error: assets/scripts/inventory/crafting/craftingui.cs in SourceAssetDB has modification time of '2026-02-18T01:06:02.1993851Z' while content on disk has modification time of '2026-02-18T01:06:08.3502784Z'
Number of updated asset objects reloaded before import = 0Number of asset objects unloaded after import = 0

========================================================================
Received Import Request.
  Time since last request: 0.000014 seconds.
  path: Assets/Scripts/Inventory/Crafting/CraftingUI.cs
  artifactKey: Guid(f7b601b8b4b700d46aa083ff8f62b2f9) Importer(815301076,1909f56bfc062723c751e8b465ee728b)
Start importing Assets/Scripts/Inventory/Crafting/CraftingUI.cs using Guid(f7b601b8b4b700d46aa083ff8f62b2f9) Importer(815301076,1909f56bfc062723c751e8b465ee728b) (PreviewImporter) -> (artifact id: '00000000000000000000000000000000') in 0.0004503 seconds
Import Error Code:(4)
Message: Build asset version error: assets/scripts/inventory/crafting/craftingui.cs in SourceAssetDB has modification time of '2026-02-18T01:06:02.1993851Z' while content on disk has modification time of '2026-02-18T01:06:08.3502784Z'
  ERROR: Build asset version error: assets/scripts/inventory/crafting/craftingui.cs in SourceAssetDB has modification time of '2026-02-18T01:06:02.1993851Z' while content on disk has modification time of '2026-02-18T01:06:08.3502784Z'
Number of updated asset objects reloaded before import = 0Number of asset objects unloaded after import = 0

========================================================================
Received Import Request.
  Time since last request: 0.000013 seconds.
  path: Assets/Scripts/Inventory/Crafting/CraftingUI.cs
  artifactKey: Guid(f7b601b8b4b700d46aa083ff8f62b2f9) Importer(815301076,1909f56bfc062723c751e8b465ee728b)
Start importing Assets/Scripts/Inventory/Crafting/CraftingUI.cs using Guid(f7b601b8b4b700d46aa083ff8f62b2f9) Importer(815301076,1909f56bfc062723c751e8b465ee728b) (PreviewImporter) -> (artifact id: '00000000000000000000000000000000') in 0.0004463 seconds
Import Error Code:(4)
Message: Build asset version error: assets/scripts/inventory/crafting/craftingui.cs in SourceAssetDB has modification time of '2026-02-18T01:06:02.1993851Z' while content on disk has modification time of '2026-02-18T01:06:08.3502784Z'
  ERROR: Build asset version error: assets/scripts/inventory/crafting/craftingui.cs in SourceAssetDB has modification time of '2026-02-18T01:06:02.1993851Z' while content on disk has modification time of '2026-02-18T01:06:08.3502784Z'
Number of updated asset objects reloaded before import = 0Number of asset objects unloaded after import = 0

========================================================================
Received Import Request.
  Time since last request: 0.000015 seconds.
  path: Assets/Scripts/Inventory/Crafting/CraftingUI.cs
  artifactKey: Guid(f7b601b8b4b700d46aa083ff8f62b2f9) Importer(815301076,1909f56bfc062723c751e8b465ee728b)
Start importing Assets/Scripts/Inventory/Crafting/CraftingUI.cs using Guid(f7b601b8b4b700d46aa083ff8f62b2f9) Importer(815301076,1909f56bfc062723c751e8b465ee728b) (PreviewImporter) -> (artifact id: '00000000000000000000000000000000') in 0.0004972 seconds
Import Error Code:(4)
Message: Build asset version error: assets/scripts/inventory/crafting/craftingui.cs in SourceAssetDB has modification time of '2026-02-18T01:06:02.1993851Z' while content on disk has modification time of '2026-02-18T01:06:08.3502784Z'
  ERROR: Build asset version error: assets/scripts/inventory/crafting/craftingui.cs in SourceAssetDB has modification time of '2026-02-18T01:06:02.1993851Z' while content on disk has modification time of '2026-02-18T01:06:08.3502784Z'
Number of updated asset objects reloaded before import = 0Number of asset objects unloaded after import = 0

========================================================================
Received Import Request.
  Time since last request: 0.000015 seconds.
  path: Assets/Scripts/Inventory/Crafting/CraftingUI.cs
  artifactKey: Guid(f7b601b8b4b700d46aa083ff8f62b2f9) Importer(815301076,1909f56bfc062723c751e8b465ee728b)
Start importing Assets/Scripts/Inventory/Crafting/CraftingUI.cs using Guid(f7b601b8b4b700d46aa083ff8f62b2f9) Importer(815301076,1909f56bfc062723c751e8b465ee728b) (PreviewImporter) -> (artifact id: '00000000000000000000000000000000') in 0.0004565 seconds
Import Error Code:(4)
Message: Build asset version error: assets/scripts/inventory/crafting/craftingui.cs in SourceAssetDB has modification time of '2026-02-18T01:06:02.1993851Z' while content on disk has modification time of '2026-02-18T01:06:08.3502784Z'
  ERROR: Build asset version error: assets/scripts/inventory/crafting/craftingui.cs in SourceAssetDB has modification time of '2026-02-18T01:06:02.1993851Z' while content on disk has modification time of '2026-02-18T01:06:08.3502784Z'
Number of updated asset objects reloaded before import = 0Number of asset objects unloaded after import = 0

========================================================================
Received Import Request.
  Time since last request: 0.000030 seconds.
  path: Assets/Scripts/Inventory/Crafting/CraftingUI.cs
  artifactKey: Guid(f7b601b8b4b700d46aa083ff8f62b2f9) Importer(815301076,1909f56bfc062723c751e8b465ee728b)
Start importing Assets/Scripts/Inventory/Crafting/CraftingUI.cs using Guid(f7b601b8b4b700d46aa083ff8f62b2f9) Importer(815301076,1909f56bfc062723c751e8b465ee728b) (PreviewImporter) -> (artifact id: '00000000000000000000000000000000') in 0.0005628 seconds
Import Error Code:(4)
Message: Build asset version error: assets/scripts/inventory/crafting/craftingui.cs in SourceAssetDB has modification time of '2026-02-18T01:06:02.1993851Z' while content on disk has modification time of '2026-02-18T01:06:08.3502784Z'
  ERROR: Build asset version error: assets/scripts/inventory/crafting/craftingui.cs in SourceAssetDB has modification time of '2026-02-18T01:06:02.1993851Z' while content on disk has modification time of '2026-02-18T01:06:08.3502784Z'
Number of updated asset objects reloaded before import = 0Number of asset objects unloaded after import = 0

========================================================================
Received Import Request.
  Time since last request: 0.000018 seconds.
  path: Assets/Scripts/Inventory/Crafting/CraftingUI.cs
  artifactKey: Guid(f7b601b8b4b700d46aa083ff8f62b2f9) Importer(815301076,1909f56bfc062723c751e8b465ee728b)
Start importing Assets/Scripts/Inventory/Crafting/CraftingUI.cs using Guid(f7b601b8b4b700d46aa083ff8f62b2f9) Importer(815301076,1909f56bfc062723c751e8b465ee728b) (PreviewImporter) -> (artifact id: '00000000000000000000000000000000') in 0.0004707 seconds
Import Error Code:(4)
Message: Build asset version error: assets/scripts/inventory/crafting/craftingui.cs in SourceAssetDB has modification time of '2026-02-18T01:06:02.1993851Z' while content on disk has modification time of '2026-02-18T01:06:08.3502784Z'
  ERROR: Build asset version error: assets/scripts/inventory/crafting/craftingui.cs in SourceAssetDB has modification time of '2026-02-18T01:06:02.1993851Z' while content on disk has modification time of '2026-02-18T01:06:08.3502784Z'
Number of updated asset objects reloaded before import = 0Number of asset objects unloaded after import = 0

========================================================================
Received Import Request.
  Time since last request: 0.000023 seconds.
  path: Assets/Scripts/Inventory/Crafting/CraftingUI.cs
  artifactKey: Guid(f7b601b8b4b700d46aa083ff8f62b2f9) Importer(815301076,1909f56bfc062723c751e8b465ee728b)
Start importing Assets/Scripts/Inventory/Crafting/CraftingUI.cs using Guid(f7b601b8b4b700d46aa083ff8f62b2f9) Importer(815301076,1909f56bfc062723c751e8b465ee728b) (PreviewImporter) -> (artifact id: '00000000000000000000000000000000') in 0.0006301 seconds
Import Error Code:(4)
Message: Build asset version error: assets/scripts/inventory/crafting/craftingui.cs in SourceAssetDB has modification time of '2026-02-18T01:06:02.1993851Z' while content on disk has modification time of '2026-02-18T01:06:08.3502784Z'
  ERROR: Build asset version error: assets/scripts/inventory/crafting/craftingui.cs in SourceAssetDB has modification time of '2026-02-18T01:06:02.1993851Z' while content on disk has modification time of '2026-02-18T01:06:08.3502784Z'
Number of updated asset objects reloaded before import = 0Number of asset objects unloaded after import = 0

========================================================================
Received Import Request.
  Time since last request: 0.000024 seconds.
  path: Assets/Scripts/Inventory/Crafting/CraftingUI.cs
  artifactKey: Guid(f7b601b8b4b700d46aa083ff8f62b2f9) Importer(815301076,1909f56bfc062723c751e8b465ee728b)
Start importing Assets/Scripts/Inventory/Crafting/CraftingUI.cs using Guid(f7b601b8b4b700d46aa083ff8f62b2f9) Importer(815301076,1909f56bfc062723c751e8b465ee728b) (PreviewImporter) -> (artifact id: '00000000000000000000000000000000') in 0.0005128 seconds
Import Error Code:(4)
Message: Build asset version error: assets/scripts/inventory/crafting/craftingui.cs in SourceAssetDB has modification time of '2026-02-18T01:06:02.1993851Z' while content on disk has modification time of '2026-02-18T01:06:08.3502784Z'
  ERROR: Build asset version error: assets/scripts/inventory/crafting/craftingui.cs in SourceAssetDB has modification time of '2026-02-18T01:06:02.1993851Z' while content on disk has modification time of '2026-02-18T01:06:08.3502784Z'
Number of updated asset objects reloaded before import = 0Number of asset objects unloaded after import = 0

========================================================================
Received Import Request.
  Time since last request: 0.000021 seconds.
  path: Assets/Scripts/Inventory/Crafting/CraftingUI.cs
  artifactKey: Guid(f7b601b8b4b700d46aa083ff8f62b2f9) Importer(815301076,1909f56bfc062723c751e8b465ee728b)
Start importing Assets/Scripts/Inventory/Crafting/CraftingUI.cs using Guid(f7b601b8b4b700d46aa083ff8f62b2f9) Importer(815301076,1909f56bfc062723c751e8b465ee728b) (PreviewImporter) -> (artifact id: '00000000000000000000000000000000') in 0.000525 seconds
Import Error Code:(4)
Message: Build asset version error: assets/scripts/inventory/crafting/craftingui.cs in SourceAssetDB has modification time of '2026-02-18T01:06:02.1993851Z' while content on disk has modification time of '2026-02-18T01:06:08.3502784Z'
  ERROR: Build asset version error: assets/scripts/inventory/crafting/craftingui.cs in SourceAssetDB has modification time of '2026-02-18T01:06:02.1993851Z' while content on disk has modification time of '2026-02-18T01:06:08.3502784Z'
Number of updated asset objects reloaded before import = 0Number of asset objects unloaded after import = 0

========================================================================
Received Import Request.
  Time since last request: 0.000018 seconds.
  path: Assets/Scripts/Inventory/Crafting/CraftingUI.cs
  artifactKey: Guid(f7b601b8b4b700d46aa083ff8f62b2f9) Importer(815301076,1909f56bfc062723c751e8b465ee728b)
Start importing Assets/Scripts/Inventory/Crafting/CraftingUI.cs using Guid(f7b601b8b4b700d46aa083ff8f62b2f9) Importer(815301076,1909f56bfc062723c751e8b465ee728b) (PreviewImporter) -> (artifact id: '00000000000000000000000000000000') in 0.0006359 seconds
Import Error Code:(4)
Message: Build asset version error: assets/scripts/inventory/crafting/craftingui.cs in SourceAssetDB has modification time of '2026-02-18T01:06:02.1993851Z' while content on disk has modification time of '2026-02-18T01:06:08.3502784Z'
  ERROR: Build asset version error: assets/scripts/inventory/crafting/craftingui.cs in SourceAssetDB has modification time of '2026-02-18T01:06:02.1993851Z' while content on disk has modification time of '2026-02-18T01:06:08.3502784Z'
Number of updated asset objects reloaded before import = 0Number of asset objects unloaded after import = 0

========================================================================
Received Import Request.
  Time since last request: 0.000018 seconds.
  path: Assets/Scripts/Inventory/Crafting/CraftingUI.cs
  artifactKey: Guid(f7b601b8b4b700d46aa083ff8f62b2f9) Importer(815301076,1909f56bfc062723c751e8b465ee728b)
Start importing Assets/Scripts/Inventory/Crafting/CraftingUI.cs using Guid(f7b601b8b4b700d46aa083ff8f62b2f9) Importer(815301076,1909f56bfc062723c751e8b465ee728b) (PreviewImporter) -> (artifact id: '00000000000000000000000000000000') in 0.0004623 seconds
Import Error Code:(4)
Message: Build asset version error: assets/scripts/inventory/crafting/craftingui.cs in SourceAssetDB has modification time of '2026-02-18T01:06:02.1993851Z' while content on disk has modification time of '2026-02-18T01:06:08.3502784Z'
  ERROR: Build asset version error: assets/scripts/inventory/crafting/craftingui.cs in SourceAssetDB has modification time of '2026-02-18T01:06:02.1993851Z' while content on disk has modification time of '2026-02-18T01:06:08.3502784Z'
Number of updated asset objects reloaded before import = 0Number of asset objects unloaded after import = 0

========================================================================
Received Import Request.
  Time since last request: 0.000014 seconds.
  path: Assets/Scripts/Inventory/Crafting/CraftingUI.cs
  artifactKey: Guid(f7b601b8b4b700d46aa083ff8f62b2f9) Importer(815301076,1909f56bfc062723c751e8b465ee728b)
Start importing Assets/Scripts/Inventory/Crafting/CraftingUI.cs using Guid(f7b601b8b4b700d46aa083ff8f62b2f9) Importer(815301076,1909f56bfc062723c751e8b465ee728b) (PreviewImporter) -> (artifact id: '00000000000000000000000000000000') in 0.0004591 seconds
Import Error Code:(4)
Message: Build asset version error: assets/scripts/inventory/crafting/craftingui.cs in SourceAssetDB has modification time of '2026-02-18T01:06:02.1993851Z' while content on disk has modification time of '2026-02-18T01:06:08.3502784Z'
  ERROR: Build asset version error: assets/scripts/inventory/crafting/craftingui.cs in SourceAssetDB has modification time of '2026-02-18T01:06:02.1993851Z' while content on disk has modification time of '2026-02-18T01:06:08.3502784Z'
Number of updated asset objects reloaded before import = 0Number of asset objects unloaded after import = 0

========================================================================
Received Import Request.
  Time since last request: 0.000013 seconds.
  path: Assets/Scripts/Inventory/Crafting/CraftingUI.cs
  artifactKey: Guid(f7b601b8b4b700d46aa083ff8f62b2f9) Importer(815301076,1909f56bfc062723c751e8b465ee728b)
Start importing Assets/Scripts/Inventory/Crafting/CraftingUI.cs using Guid(f7b601b8b4b700d46aa083ff8f62b2f9) Importer(815301076,1909f56bfc062723c751e8b465ee728b) (PreviewImporter) -> (artifact id: '00000000000000000000000000000000') in 0.0004883 seconds
Import Error Code:(4)
Message: Build asset version error: assets/scripts/inventory/crafting/craftingui.cs in SourceAssetDB has modification time of '2026-02-18T01:06:02.1993851Z' while content on disk has modification time of '2026-02-18T01:06:08.3502784Z'
  ERROR: Build asset version error: assets/scripts/inventory/crafting/craftingui.cs in SourceAssetDB has modification time of '2026-02-18T01:06:02.1993851Z' while content on disk has modification time of '2026-02-18T01:06:08.3502784Z'
Number of updated asset objects reloaded before import = 0Number of asset objects unloaded after import = 0

========================================================================
Received Import Request.
  Time since last request: 0.000014 seconds.
  path: Assets/Scripts/Inventory/Crafting/CraftingUI.cs
  artifactKey: Guid(f7b601b8b4b700d46aa083ff8f62b2f9) Importer(815301076,1909f56bfc062723c751e8b465ee728b)
Start importing Assets/Scripts/Inventory/Crafting/CraftingUI.cs using Guid(f7b601b8b4b700d46aa083ff8f62b2f9) Importer(815301076,1909f56bfc062723c751e8b465ee728b) (PreviewImporter) -> (artifact id: '00000000000000000000000000000000') in 0.0004724 seconds
Import Error Code:(4)
Message: Build asset version error: assets/scripts/inventory/crafting/craftingui.cs in SourceAssetDB has modification time of '2026-02-18T01:06:02.1993851Z' while content on disk has modification time of '2026-02-18T01:06:08.3502784Z'
  ERROR: Build asset version error: assets/scripts/inventory/crafting/craftingui.cs in SourceAssetDB has modification time of '2026-02-18T01:06:02.1993851Z' while content on disk has modification time of '2026-02-18T01:06:08.3502784Z'
Number of updated asset objects reloaded before import = 0Number of asset objects unloaded after import = 0

========================================================================
Received Import Request.
  Time since last request: 0.000012 seconds.
  path: Assets/Scripts/Inventory/Crafting/CraftingUI.cs
  artifactKey: Guid(f7b601b8b4b700d46aa083ff8f62b2f9) Importer(815301076,1909f56bfc062723c751e8b465ee728b)
Start importing Assets/Scripts/Inventory/Crafting/CraftingUI.cs using Guid(f7b601b8b4b700d46aa083ff8f62b2f9) Importer(815301076,1909f56bfc062723c751e8b465ee728b) (PreviewImporter) -> (artifact id: '00000000000000000000000000000000') in 0.0004302 seconds
Import Error Code:(4)
Message: Build asset version error: assets/scripts/inventory/crafting/craftingui.cs in SourceAssetDB has modification time of '2026-02-18T01:06:02.1993851Z' while content on disk has modification time of '2026-02-18T01:06:08.3502784Z'
  ERROR: Build asset version error: assets/scripts/inventory/crafting/craftingui.cs in SourceAssetDB has modification time of '2026-02-18T01:06:02.1993851Z' while content on disk has modification time of '2026-02-18T01:06:08.3502784Z'
Number of updated asset objects reloaded before import = 0Number of asset objects unloaded after import = 0

========================================================================
Received Import Request.
  Time since last request: 0.000018 seconds.
  path: Assets/Scripts/Inventory/Crafting/CraftingUI.cs
  artifactKey: Guid(f7b601b8b4b700d46aa083ff8f62b2f9) Importer(815301076,1909f56bfc062723c751e8b465ee728b)
Start importing Assets/Scripts/Inventory/Crafting/CraftingUI.cs using Guid(f7b601b8b4b700d46aa083ff8f62b2f9) Importer(815301076,1909f56bfc062723c751e8b465ee728b) (PreviewImporter) -> (artifact id: '00000000000000000000000000000000') in 0.0004454 seconds
Import Error Code:(4)
Message: Build asset version error: assets/scripts/inventory/crafting/craftingui.cs in SourceAssetDB has modification time of '2026-02-18T01:06:02.1993851Z' while content on disk has modification time of '2026-02-18T01:06:08.3502784Z'
  ERROR: Build asset version error: assets/scripts/inventory/crafting/craftingui.cs in SourceAssetDB has modification time of '2026-02-18T01:06:02.1993851Z' while content on disk has modification time of '2026-02-18T01:06:08.3502784Z'
Number of updated asset objects reloaded before import = 0Number of asset objects unloaded after import = 0

========================================================================
Received Import Request.
  Time since last request: 0.000024 seconds.
  path: Assets/Scripts/Inventory/Crafting/CraftingUI.cs
  artifactKey: Guid(f7b601b8b4b700d46aa083ff8f62b2f9) Importer(815301076,1909f56bfc062723c751e8b465ee728b)
Start importing Assets/Scripts/Inventory/Crafting/CraftingUI.cs using Guid(f7b601b8b4b700d46aa083ff8f62b2f9) Importer(815301076,1909f56bfc062723c751e8b465ee728b) (PreviewImporter) -> (artifact id: '00000000000000000000000000000000') in 0.0004936 seconds
Import Error Code:(4)
Message: Build asset version error: assets/scripts/inventory/crafting/craftingui.cs in SourceAssetDB has modification time of '2026-02-18T01:06:02.1993851Z' while content on disk has modification time of '2026-02-18T01:06:08.3502784Z'
  ERROR: Build asset version error: assets/scripts/inventory/crafting/craftingui.cs in SourceAssetDB has modification time of '2026-02-18T01:06:02.1993851Z' while content on disk has modification time of '2026-02-18T01:06:08.3502784Z'
Number of updated asset objects reloaded before import = 0Number of asset objects unloaded after import = 0

========================================================================
Received Import Request.
  Time since last request: 0.000014 seconds.
  path: Assets/Scripts/Inventory/Crafting/CraftingUI.cs
  artifactKey: Guid(f7b601b8b4b700d46aa083ff8f62b2f9) Importer(815301076,1909f56bfc062723c751e8b465ee728b)
Start importing Assets/Scripts/Inventory/Crafting/CraftingUI.cs using Guid(f7b601b8b4b700d46aa083ff8f62b2f9) Importer(815301076,1909f56bfc062723c751e8b465ee728b) (PreviewImporter) -> (artifact id: '00000000000000000000000000000000') in 0.0005068 seconds
Import Error Code:(4)
Message: Build asset version error: assets/scripts/inventory/crafting/craftingui.cs in SourceAssetDB has modification time of '2026-02-18T01:06:02.1993851Z' while content on disk has modification time of '2026-02-18T01:06:08.3502784Z'
  ERROR: Build asset version error: assets/scripts/inventory/crafting/craftingui.cs in SourceAssetDB has modification time of '2026-02-18T01:06:02.1993851Z' while content on disk has modification time of '2026-02-18T01:06:08.3502784Z'
Number of updated asset objects reloaded before import = 0Number of asset objects unloaded after import = 0

========================================================================
Received Import Request.
  Time since last request: 0.000013 seconds.
  path: Assets/Scripts/Inventory/Crafting/CraftingUI.cs
  artifactKey: Guid(f7b601b8b4b700d46aa083ff8f62b2f9) Importer(815301076,1909f56bfc062723c751e8b465ee728b)
Start importing Assets/Scripts/Inventory/Crafting/CraftingUI.cs using Guid(f7b601b8b4b700d46aa083ff8f62b2f9) Importer(815301076,1909f56bfc062723c751e8b465ee728b) (PreviewImporter) -> (artifact id: '00000000000000000000000000000000') in 0.0005584 seconds
Import Error Code:(4)
Message: Build asset version error: assets/scripts/inventory/crafting/craftingui.cs in SourceAssetDB has modification time of '2026-02-18T01:06:02.1993851Z' while content on disk has modification time of '2026-02-18T01:06:08.3502784Z'
  ERROR: Build asset version error: assets/scripts/inventory/crafting/craftingui.cs in SourceAssetDB has modification time of '2026-02-18T01:06:02.1993851Z' while content on disk has modification time of '2026-02-18T01:06:08.3502784Z'
Number of updated asset objects reloaded before import = 0Number of asset objects unloaded after import = 0

========================================================================
Received Import Request.
  Time since last request: 0.000021 seconds.
  path: Assets/Scripts/Inventory/Crafting/CraftingUI.cs
  artifactKey: Guid(f7b601b8b4b700d46aa083ff8f62b2f9) Importer(815301076,1909f56bfc062723c751e8b465ee728b)
Start importing Assets/Scripts/Inventory/Crafting/CraftingUI.cs using Guid(f7b601b8b4b700d46aa083ff8f62b2f9) Importer(815301076,1909f56bfc062723c751e8b465ee728b) (PreviewImporter) -> (artifact id: '00000000000000000000000000000000') in 0.0007366 seconds
Import Error Code:(4)
Message: Build asset version error: assets/scripts/inventory/crafting/craftingui.cs in SourceAssetDB has modification time of '2026-02-18T01:06:02.1993851Z' while content on disk has modification time of '2026-02-18T01:06:08.3502784Z'
  ERROR: Build asset version error: assets/scripts/inventory/crafting/craftingui.cs in SourceAssetDB has modification time of '2026-02-18T01:06:02.1993851Z' while content on disk has modification time of '2026-02-18T01:06:08.3502784Z'
Number of updated asset objects reloaded before import = 0Number of asset objects unloaded after import = 0

========================================================================
Received Import Request.
  Time since last request: 0.000017 seconds.
  path: Assets/Scripts/Inventory/Crafting/CraftingUI.cs
  artifactKey: Guid(f7b601b8b4b700d46aa083ff8f62b2f9) Importer(815301076,1909f56bfc062723c751e8b465ee728b)
Start importing Assets/Scripts/Inventory/Crafting/CraftingUI.cs using Guid(f7b601b8b4b700d46aa083ff8f62b2f9) Importer(815301076,1909f56bfc062723c751e8b465ee728b) (PreviewImporter) -> (artifact id: '00000000000000000000000000000000') in 0.0006439 seconds
Import Error Code:(4)
Message: Build asset version error: assets/scripts/inventory/crafting/craftingui.cs in SourceAssetDB has modification time of '2026-02-18T01:06:02.1993851Z' while content on disk has modification time of '2026-02-18T01:06:08.3502784Z'
  ERROR: Build asset version error: assets/scripts/inventory/crafting/craftingui.cs in SourceAssetDB has modification time of '2026-02-18T01:06:02.1993851Z' while content on disk has modification time of '2026-02-18T01:06:08.3502784Z'
Number of updated asset objects reloaded before import = 0Number of asset objects unloaded after import = 0

========================================================================
Received Import Request.
  Time since last request: 0.000017 seconds.
  path: Assets/Scripts/Inventory/Crafting/CraftingUI.cs
  artifactKey: Guid(f7b601b8b4b700d46aa083ff8f62b2f9) Importer(815301076,1909f56bfc062723c751e8b465ee728b)
Start importing Assets/Scripts/Inventory/Crafting/CraftingUI.cs using Guid(f7b601b8b4b700d46aa083ff8f62b2f9) Importer(815301076,1909f56bfc062723c751e8b465ee728b) (PreviewImporter) -> (artifact id: '00000000000000000000000000000000') in 0.0006388 seconds
Import Error Code:(4)
Message: Build asset version error: assets/scripts/inventory/crafting/craftingui.cs in SourceAssetDB has modification time of '2026-02-18T01:06:02.1993851Z' while content on disk has modification time of '2026-02-18T01:06:08.3502784Z'
  ERROR: Build asset version error: assets/scripts/inventory/crafting/craftingui.cs in SourceAssetDB has modification time of '2026-02-18T01:06:02.1993851Z' while content on disk has modification time of '2026-02-18T01:06:08.3502784Z'
Number of updated asset objects reloaded before import = 0Number of asset objects unloaded after import = 0

========================================================================
Received Import Request.
  Time since last request: 0.000017 seconds.
  path: Assets/Scripts/Inventory/Crafting/CraftingUI.cs
  artifactKey: Guid(f7b601b8b4b700d46aa083ff8f62b2f9) Importer(815301076,1909f56bfc062723c751e8b465ee728b)
Start importing Assets/Scripts/Inventory/Crafting/CraftingUI.cs using Guid(f7b601b8b4b700d46aa083ff8f62b2f9) Importer(815301076,1909f56bfc062723c751e8b465ee728b) (PreviewImporter) -> (artifact id: '00000000000000000000000000000000') in 0.0004937 seconds
Import Error Code:(4)
Message: Build asset version error: assets/scripts/inventory/crafting/craftingui.cs in SourceAssetDB has modification time of '2026-02-18T01:06:02.1993851Z' while content on disk has modification time of '2026-02-18T01:06:08.3502784Z'
  ERROR: Build asset version error: assets/scripts/inventory/crafting/craftingui.cs in SourceAssetDB has modification time of '2026-02-18T01:06:02.1993851Z' while content on disk has modification time of '2026-02-18T01:06:08.3502784Z'
Number of updated asset objects reloaded before import = 0Number of asset objects unloaded after import = 0

========================================================================
Received Import Request.
  Time since last request: 0.000022 seconds.
  path: Assets/Scripts/Inventory/Crafting/CraftingUI.cs
  artifactKey: Guid(f7b601b8b4b700d46aa083ff8f62b2f9) Importer(815301076,1909f56bfc062723c751e8b465ee728b)
Start importing Assets/Scripts/Inventory/Crafting/CraftingUI.cs using Guid(f7b601b8b4b700d46aa083ff8f62b2f9) Importer(815301076,1909f56bfc062723c751e8b465ee728b) (PreviewImporter) -> (artifact id: '00000000000000000000000000000000') in 0.0007069 seconds
Import Error Code:(4)
Message: Build asset version error: assets/scripts/inventory/crafting/craftingui.cs in SourceAssetDB has modification time of '2026-02-18T01:06:02.1993851Z' while content on disk has modification time of '2026-02-18T01:06:08.3502784Z'
  ERROR: Build asset version error: assets/scripts/inventory/crafting/craftingui.cs in SourceAssetDB has modification time of '2026-02-18T01:06:02.1993851Z' while content on disk has modification time of '2026-02-18T01:06:08.3502784Z'
Number of updated asset objects reloaded before import = 0Number of asset objects unloaded after import = 0

========================================================================
Received Import Request.
  Time since last request: 0.000015 seconds.
  path: Assets/Scripts/Inventory/Crafting/CraftingUI.cs
  artifactKey: Guid(f7b601b8b4b700d46aa083ff8f62b2f9) Importer(815301076,1909f56bfc062723c751e8b465ee728b)
Start importing Assets/Scripts/Inventory/Crafting/CraftingUI.cs using Guid(f7b601b8b4b700d46aa083ff8f62b2f9) Importer(815301076,1909f56bfc062723c751e8b465ee728b) (PreviewImporter) -> (artifact id: '00000000000000000000000000000000') in 0.0005265 seconds
Import Error Code:(4)
Message: Build asset version error: assets/scripts/inventory/crafting/craftingui.cs in SourceAssetDB has modification time of '2026-02-18T01:06:02.1993851Z' while content on disk has modification time of '2026-02-18T01:06:08.3502784Z'
  ERROR: Build asset version error: assets/scripts/inventory/crafting/craftingui.cs in SourceAssetDB has modification time of '2026-02-18T01:06:02.1993851Z' while content on disk has modification time of '2026-02-18T01:06:08.3502784Z'
Number of updated asset objects reloaded before import = 0Number of asset objects unloaded after import = 0

========================================================================
Received Import Request.
  Time since last request: 0.000021 seconds.
  path: Assets/Scripts/Inventory/Crafting/CraftingUI.cs
  artifactKey: Guid(f7b601b8b4b700d46aa083ff8f62b2f9) Importer(815301076,1909f56bfc062723c751e8b465ee728b)
Start importing Assets/Scripts/Inventory/Crafting/CraftingUI.cs using Guid(f7b601b8b4b700d46aa083ff8f62b2f9) Importer(815301076,1909f56bfc062723c751e8b465ee728b) (PreviewImporter) -> (artifact id: '00000000000000000000000000000000') in 0.000474 seconds
Import Error Code:(4)
Message: Build asset version error: assets/scripts/inventory/crafting/craftingui.cs in SourceAssetDB has modification time of '2026-02-18T01:06:02.1993851Z' while content on disk has modification time of '2026-02-18T01:06:08.3502784Z'
  ERROR: Build asset version error: assets/scripts/inventory/crafting/craftingui.cs in SourceAssetDB has modification time of '2026-02-18T01:06:02.1993851Z' while content on disk has modification time of '2026-02-18T01:06:08.3502784Z'
Number of updated asset objects reloaded before import = 0Number of asset objects unloaded after import = 0

========================================================================
Received Import Request.
  Time since last request: 0.000013 seconds.
  path: Assets/Scripts/Inventory/Crafting/CraftingUI.cs
  artifactKey: Guid(f7b601b8b4b700d46aa083ff8f62b2f9) Importer(815301076,1909f56bfc062723c751e8b465ee728b)
Start importing Assets/Scripts/Inventory/Crafting/CraftingUI.cs using Guid(f7b601b8b4b700d46aa083ff8f62b2f9) Importer(815301076,1909f56bfc062723c751e8b465ee728b) (PreviewImporter) -> (artifact id: '00000000000000000000000000000000') in 0.0005157 seconds
Import Error Code:(4)
Message: Build asset version error: assets/scripts/inventory/crafting/craftingui.cs in SourceAssetDB has modification time of '2026-02-18T01:06:02.1993851Z' while content on disk has modification time of '2026-02-18T01:06:08.3502784Z'
  ERROR: Build asset version error: assets/scripts/inventory/crafting/craftingui.cs in SourceAssetDB has modification time of '2026-02-18T01:06:02.1993851Z' while content on disk has modification time of '2026-02-18T01:06:08.3502784Z'
Number of updated asset objects reloaded before import = 0Number of asset objects unloaded after import = 0

========================================================================
Received Import Request.
  Time since last request: 0.000020 seconds.
  path: Assets/Scripts/Inventory/Crafting/CraftingUI.cs
  artifactKey: Guid(f7b601b8b4b700d46aa083ff8f62b2f9) Importer(815301076,1909f56bfc062723c751e8b465ee728b)
Start importing Assets/Scripts/Inventory/Crafting/CraftingUI.cs using Guid(f7b601b8b4b700d46aa083ff8f62b2f9) Importer(815301076,1909f56bfc062723c751e8b465ee728b) (PreviewImporter) -> (artifact id: '00000000000000000000000000000000') in 0.0004523 seconds
Import Error Code:(4)
Message: Build asset version error: assets/scripts/inventory/crafting/craftingui.cs in SourceAssetDB has modification time of '2026-02-18T01:06:02.1993851Z' while content on disk has modification time of '2026-02-18T01:06:08.3502784Z'
  ERROR: Build asset version error: assets/scripts/inventory/crafting/craftingui.cs in SourceAssetDB has modification time of '2026-02-18T01:06:02.1993851Z' while content on disk has modification time of '2026-02-18T01:06:08.3502784Z'
Number of updated asset objects reloaded before import = 0Number of asset objects unloaded after import = 0

========================================================================
Received Import Request.
  Time since last request: 0.000014 seconds.
  path: Assets/Scripts/Inventory/Crafting/CraftingUI.cs
  artifactKey: Guid(f7b601b8b4b700d46aa083ff8f62b2f9) Importer(815301076,1909f56bfc062723c751e8b465ee728b)
Start importing Assets/Scripts/Inventory/Crafting/CraftingUI.cs using Guid(f7b601b8b4b700d46aa083ff8f62b2f9) Importer(815301076,1909f56bfc062723c751e8b465ee728b) (PreviewImporter) -> (artifact id: '00000000000000000000000000000000') in 0.0004954 seconds
Import Error Code:(4)
Message: Build asset version error: assets/scripts/inventory/crafting/craftingui.cs in SourceAssetDB has modification time of '2026-02-18T01:06:02.1993851Z' while content on disk has modification time of '2026-02-18T01:06:08.3502784Z'
  ERROR: Build asset version error: assets/scripts/inventory/crafting/craftingui.cs in SourceAssetDB has modification time of '2026-02-18T01:06:02.1993851Z' while content on disk has modification time of '2026-02-18T01:06:08.3502784Z'
Number of updated asset objects reloaded before import = 0Number of asset objects unloaded after import = 0

========================================================================
Received Import Request.
  Time since last request: 0.000016 seconds.
  path: Assets/Scripts/Inventory/Crafting/CraftingUI.cs
  artifactKey: Guid(f7b601b8b4b700d46aa083ff8f62b2f9) Importer(815301076,1909f56bfc062723c751e8b465ee728b)
Start importing Assets/Scripts/Inventory/Crafting/CraftingUI.cs using Guid(f7b601b8b4b700d46aa083ff8f62b2f9) Importer(815301076,1909f56bfc062723c751e8b465ee728b) (PreviewImporter) -> (artifact id: '00000000000000000000000000000000') in 0.0005036 seconds
Import Error Code:(4)
Message: Build asset version error: assets/scripts/inventory/crafting/craftingui.cs in SourceAssetDB has modification time of '2026-02-18T01:06:02.1993851Z' while content on disk has modification time of '2026-02-18T01:06:08.3502784Z'
  ERROR: Build asset version error: assets/scripts/inventory/crafting/craftingui.cs in SourceAssetDB has modification time of '2026-02-18T01:06:02.1993851Z' while content on disk has modification time of '2026-02-18T01:06:08.3502784Z'
Number of updated asset objects reloaded before import = 0Number of asset objects unloaded after import = 0

========================================================================
Received Import Request.
  Time since last request: 0.000015 seconds.
  path: Assets/Scripts/Inventory/Crafting/CraftingUI.cs
  artifactKey: Guid(f7b601b8b4b700d46aa083ff8f62b2f9) Importer(815301076,1909f56bfc062723c751e8b465ee728b)
Start importing Assets/Scripts/Inventory/Crafting/CraftingUI.cs using Guid(f7b601b8b4b700d46aa083ff8f62b2f9) Importer(815301076,1909f56bfc062723c751e8b465ee728b) (PreviewImporter) -> (artifact id: '00000000000000000000000000000000') in 0.0004654 seconds
Import Error Code:(4)
Message: Build asset version error: assets/scripts/inventory/crafting/craftingui.cs in SourceAssetDB has modification time of '2026-02-18T01:06:02.1993851Z' while content on disk has modification time of '2026-02-18T01:06:08.3502784Z'
  ERROR: Build asset version error: assets/scripts/inventory/crafting/craftingui.cs in SourceAssetDB has modification time of '2026-02-18T01:06:02.1993851Z' while content on disk has modification time of '2026-02-18T01:06:08.3502784Z'
Number of updated asset objects reloaded before import = 0Number of asset objects unloaded after import = 0

========================================================================
Received Import Request.
  Time since last request: 0.000014 seconds.
  path: Assets/Scripts/Inventory/Crafting/CraftingUI.cs
  artifactKey: Guid(f7b601b8b4b700d46aa083ff8f62b2f9) Importer(815301076,1909f56bfc062723c751e8b465ee728b)
Start importing Assets/Scripts/Inventory/Crafting/CraftingUI.cs using Guid(f7b601b8b4b700d46aa083ff8f62b2f9) Importer(815301076,1909f56bfc062723c751e8b465ee728b) (PreviewImporter) -> (artifact id: '00000000000000000000000000000000') in 0.0005491 seconds
Import Error Code:(4)
Message: Build asset version error: assets/scripts/inventory/crafting/craftingui.cs in SourceAssetDB has modification time of '2026-02-18T01:06:02.1993851Z' while content on disk has modification time of '2026-02-18T01:06:08.3502784Z'
  ERROR: Build asset version error: assets/scripts/inventory/crafting/craftingui.cs in SourceAssetDB has modification time of '2026-02-18T01:06:02.1993851Z' while content on disk has modification time of '2026-02-18T01:06:08.3502784Z'
Number of updated asset objects reloaded before import = 0Number of asset objects unloaded after import = 0

========================================================================
Received Import Request.
  Time since last request: 0.000015 seconds.
  path: Assets/Scripts/Inventory/Crafting/CraftingUI.cs
  artifactKey: Guid(f7b601b8b4b700d46aa083ff8f62b2f9) Importer(815301076,1909f56bfc062723c751e8b465ee728b)
Start importing Assets/Scripts/Inventory/Crafting/CraftingUI.cs using Guid(f7b601b8b4b700d46aa083ff8f62b2f9) Importer(815301076,1909f56bfc062723c751e8b465ee728b) (PreviewImporter) -> (artifact id: '00000000000000000000000000000000') in 0.0006306 seconds
Import Error Code:(4)
Message: Build asset version error: assets/scripts/inventory/crafting/craftingui.cs in SourceAssetDB has modification time of '2026-02-18T01:06:02.1993851Z' while content on disk has modification time of '2026-02-18T01:06:08.3502784Z'
  ERROR: Build asset version error: assets/scripts/inventory/crafting/craftingui.cs in SourceAssetDB has modification time of '2026-02-18T01:06:02.1993851Z' while content on disk has modification time of '2026-02-18T01:06:08.3502784Z'
Number of updated asset objects reloaded before import = 0Number of asset objects unloaded after import = 0

========================================================================
Received Import Request.
  Time since last request: 0.000027 seconds.
  path: Assets/Scripts/Inventory/Crafting/CraftingUI.cs
  artifactKey: Guid(f7b601b8b4b700d46aa083ff8f62b2f9) Importer(815301076,1909f56bfc062723c751e8b465ee728b)
Start importing Assets/Scripts/Inventory/Crafting/CraftingUI.cs using Guid(f7b601b8b4b700d46aa083ff8f62b2f9) Importer(815301076,1909f56bfc062723c751e8b465ee728b) (PreviewImporter) -> (artifact id: '00000000000000000000000000000000') in 0.0004863 seconds
Import Error Code:(4)
Message: Build asset version error: assets/scripts/inventory/crafting/craftingui.cs in SourceAssetDB has modification time of '2026-02-18T01:06:02.1993851Z' while content on disk has modification time of '2026-02-18T01:06:08.3502784Z'
  ERROR: Build asset version error: assets/scripts/inventory/crafting/craftingui.cs in SourceAssetDB has modification time of '2026-02-18T01:06:02.1993851Z' while content on disk has modification time of '2026-02-18T01:06:08.3502784Z'
Number of updated asset objects reloaded before import = 0Number of asset objects unloaded after import = 0

========================================================================
Received Import Request.
  Time since last request: 0.000014 seconds.
  path: Assets/Scripts/Inventory/Crafting/CraftingUI.cs
  artifactKey: Guid(f7b601b8b4b700d46aa083ff8f62b2f9) Importer(815301076,1909f56bfc062723c751e8b465ee728b)
Start importing Assets/Scripts/Inventory/Crafting/CraftingUI.cs using Guid(f7b601b8b4b700d46aa083ff8f62b2f9) Importer(815301076,1909f56bfc062723c751e8b465ee728b) (PreviewImporter) -> (artifact id: '00000000000000000000000000000000') in 0.0005151 seconds
Import Error Code:(4)
Message: Build asset version error: assets/scripts/inventory/crafting/craftingui.cs in SourceAssetDB has modification time of '2026-02-18T01:06:02.1993851Z' while content on disk has modification time of '2026-02-18T01:06:08.3502784Z'
  ERROR: Build asset version error: assets/scripts/inventory/crafting/craftingui.cs in SourceAssetDB has modification time of '2026-02-18T01:06:02.1993851Z' while content on disk has modification time of '2026-02-18T01:06:08.3502784Z'
Number of updated asset objects reloaded before import = 0Number of asset objects unloaded after import = 0

========================================================================
Received Import Request.
  Time since last request: 0.000036 seconds.
  path: Assets/Scripts/Inventory/Crafting/CraftingUI.cs
  artifactKey: Guid(f7b601b8b4b700d46aa083ff8f62b2f9) Importer(815301076,1909f56bfc062723c751e8b465ee728b)
Start importing Assets/Scripts/Inventory/Crafting/CraftingUI.cs using Guid(f7b601b8b4b700d46aa083ff8f62b2f9) Importer(815301076,1909f56bfc062723c751e8b465ee728b) (PreviewImporter) -> (artifact id: '00000000000000000000000000000000') in 0.0006074 seconds
Import Error Code:(4)
Message: Build asset version error: assets/scripts/inventory/crafting/craftingui.cs in SourceAssetDB has modification time of '2026-02-18T01:06:02.1993851Z' while content on disk has modification time of '2026-02-18T01:06:08.3502784Z'
  ERROR: Build asset version error: assets/scripts/inventory/crafting/craftingui.cs in SourceAssetDB has modification time of '2026-02-18T01:06:02.1993851Z' while content on disk has modification time of '2026-02-18T01:06:08.3502784Z'
Number of updated asset objects reloaded before import = 0Number of asset objects unloaded after import = 0

========================================================================
Received Import Request.
  Time since last request: 0.000019 seconds.
  path: Assets/Scripts/Inventory/Crafting/CraftingUI.cs
  artifactKey: Guid(f7b601b8b4b700d46aa083ff8f62b2f9) Importer(815301076,1909f56bfc062723c751e8b465ee728b)
Start importing Assets/Scripts/Inventory/Crafting/CraftingUI.cs using Guid(f7b601b8b4b700d46aa083ff8f62b2f9) Importer(815301076,1909f56bfc062723c751e8b465ee728b) (PreviewImporter) -> (artifact id: '00000000000000000000000000000000') in 0.0006 seconds
Import Error Code:(4)
Message: Build asset version error: assets/scripts/inventory/crafting/craftingui.cs in SourceAssetDB has modification time of '2026-02-18T01:06:02.1993851Z' while content on disk has modification time of '2026-02-18T01:06:08.3502784Z'
  ERROR: Build asset version error: assets/scripts/inventory/crafting/craftingui.cs in SourceAssetDB has modification time of '2026-02-18T01:06:02.1993851Z' while content on disk has modification time of '2026-02-18T01:06:08.3502784Z'
Number of updated asset objects reloaded before import = 0Number of asset objects unloaded after import = 0

========================================================================
Received Import Request.
  Time since last request: 0.000017 seconds.
  path: Assets/Scripts/Inventory/Crafting/CraftingUI.cs
  artifactKey: Guid(f7b601b8b4b700d46aa083ff8f62b2f9) Importer(815301076,1909f56bfc062723c751e8b465ee728b)
Start importing Assets/Scripts/Inventory/Crafting/CraftingUI.cs using Guid(f7b601b8b4b700d46aa083ff8f62b2f9) Importer(815301076,1909f56bfc062723c751e8b465ee728b) (PreviewImporter) -> (artifact id: '00000000000000000000000000000000') in 0.0005366 seconds
Import Error Code:(4)
Message: Build asset version error: assets/scripts/inventory/crafting/craftingui.cs in SourceAssetDB has modification time of '2026-02-18T01:06:02.1993851Z' while content on disk has modification time of '2026-02-18T01:06:08.3502784Z'
  ERROR: Build asset version error: assets/scripts/inventory/crafting/craftingui.cs in SourceAssetDB has modification time of '2026-02-18T01:06:02.1993851Z' while content on disk has modification time of '2026-02-18T01:06:08.3502784Z'
Number of updated asset objects reloaded before import = 0Number of asset objects unloaded after import = 0

========================================================================
Received Import Request.
  Time since last request: 0.000016 seconds.
  path: Assets/Scripts/Inventory/Crafting/CraftingUI.cs
  artifactKey: Guid(f7b601b8b4b700d46aa083ff8f62b2f9) Importer(815301076,1909f56bfc062723c751e8b465ee728b)
Start importing Assets/Scripts/Inventory/Crafting/CraftingUI.cs using Guid(f7b601b8b4b700d46aa083ff8f62b2f9) Importer(815301076,1909f56bfc062723c751e8b465ee728b) (PreviewImporter) -> (artifact id: '00000000000000000000000000000000') in 0.0007527 seconds
Import Error Code:(4)
Message: Build asset version error: assets/scripts/inventory/crafting/craftingui.cs in SourceAssetDB has modification time of '2026-02-18T01:06:02.1993851Z' while content on disk has modification time of '2026-02-18T01:06:08.3502784Z'
  ERROR: Build asset version error: assets/scripts/inventory/crafting/craftingui.cs in SourceAssetDB has modification time of '2026-02-18T01:06:02.1993851Z' while content on disk has modification time of '2026-02-18T01:06:08.3502784Z'
Number of updated asset objects reloaded before import = 0Number of asset objects unloaded after import = 0

========================================================================
Received Import Request.
  Time since last request: 0.000020 seconds.
  path: Assets/Scripts/Inventory/Crafting/CraftingUI.cs
  artifactKey: Guid(f7b601b8b4b700d46aa083ff8f62b2f9) Importer(815301076,1909f56bfc062723c751e8b465ee728b)
Start importing Assets/Scripts/Inventory/Crafting/CraftingUI.cs using Guid(f7b601b8b4b700d46aa083ff8f62b2f9) Importer(815301076,1909f56bfc062723c751e8b465ee728b) (PreviewImporter) -> (artifact id: '00000000000000000000000000000000') in 0.0005999 seconds
Import Error Code:(4)
Message: Build asset version error: assets/scripts/inventory/crafting/craftingui.cs in SourceAssetDB has modification time of '2026-02-18T01:06:02.1993851Z' while content on disk has modification time of '2026-02-18T01:06:08.3502784Z'
  ERROR: Build asset version error: assets/scripts/inventory/crafting/craftingui.cs in SourceAssetDB has modification time of '2026-02-18T01:06:02.1993851Z' while content on disk has modification time of '2026-02-18T01:06:08.3502784Z'
Number of updated asset objects reloaded before import = 0Number of asset objects unloaded after import = 0

========================================================================
Received Import Request.
  Time since last request: 0.000015 seconds.
  path: Assets/Scripts/Inventory/Crafting/CraftingUI.cs
  artifactKey: Guid(f7b601b8b4b700d46aa083ff8f62b2f9) Importer(815301076,1909f56bfc062723c751e8b465ee728b)
Start importing Assets/Scripts/Inventory/Crafting/CraftingUI.cs using Guid(f7b601b8b4b700d46aa083ff8f62b2f9) Importer(815301076,1909f56bfc062723c751e8b465ee728b) (PreviewImporter) -> (artifact id: '00000000000000000000000000000000') in 0.0006611 seconds
Import Error Code:(4)
Message: Build asset version error: assets/scripts/inventory/crafting/craftingui.cs in SourceAssetDB has modification time of '2026-02-18T01:06:02.1993851Z' while content on disk has modification time of '2026-02-18T01:06:08.3502784Z'
  ERROR: Build asset version error: assets/scripts/inventory/crafting/craftingui.cs in SourceAssetDB has modification time of '2026-02-18T01:06:02.1993851Z' while content on disk has modification time of '2026-02-18T01:06:08.3502784Z'
Number of updated asset objects reloaded before import = 0Number of asset objects unloaded after import = 0

========================================================================
Received Import Request.
  Time since last request: 0.000013 seconds.
  path: Assets/Scripts/Inventory/Crafting/CraftingUI.cs
  artifactKey: Guid(f7b601b8b4b700d46aa083ff8f62b2f9) Importer(815301076,1909f56bfc062723c751e8b465ee728b)
Start importing Assets/Scripts/Inventory/Crafting/CraftingUI.cs using Guid(f7b601b8b4b700d46aa083ff8f62b2f9) Importer(815301076,1909f56bfc062723c751e8b465ee728b) (PreviewImporter) -> (artifact id: '00000000000000000000000000000000') in 0.0004529 seconds
Import Error Code:(4)
Message: Build asset version error: assets/scripts/inventory/crafting/craftingui.cs in SourceAssetDB has modification time of '2026-02-18T01:06:02.1993851Z' while content on disk has modification time of '2026-02-18T01:06:08.3502784Z'
  ERROR: Build asset version error: assets/scripts/inventory/crafting/craftingui.cs in SourceAssetDB has modification time of '2026-02-18T01:06:02.1993851Z' while content on disk has modification time of '2026-02-18T01:06:08.3502784Z'
Number of updated asset objects reloaded before import = 0Number of asset objects unloaded after import = 0

========================================================================
Received Import Request.
  Time since last request: 0.000014 seconds.
  path: Assets/Scripts/Inventory/Crafting/CraftingUI.cs
  artifactKey: Guid(f7b601b8b4b700d46aa083ff8f62b2f9) Importer(815301076,1909f56bfc062723c751e8b465ee728b)
Start importing Assets/Scripts/Inventory/Crafting/CraftingUI.cs using Guid(f7b601b8b4b700d46aa083ff8f62b2f9) Importer(815301076,1909f56bfc062723c751e8b465ee728b) (PreviewImporter) -> (artifact id: '00000000000000000000000000000000') in 0.0004896 seconds
Import Error Code:(4)
Message: Build asset version error: assets/scripts/inventory/crafting/craftingui.cs in SourceAssetDB has modification time of '2026-02-18T01:06:02.1993851Z' while content on disk has modification time of '2026-02-18T01:06:08.3502784Z'
  ERROR: Build asset version error: assets/scripts/inventory/crafting/craftingui.cs in SourceAssetDB has modification time of '2026-02-18T01:06:02.1993851Z' while content on disk has modification time of '2026-02-18T01:06:08.3502784Z'
Number of updated asset objects reloaded before import = 0Number of asset objects unloaded after import = 0

========================================================================
Received Import Request.
  Time since last request: 0.000027 seconds.
  path: Assets/Scripts/Inventory/Crafting/CraftingUI.cs
  artifactKey: Guid(f7b601b8b4b700d46aa083ff8f62b2f9) Importer(815301076,1909f56bfc062723c751e8b465ee728b)
Start importing Assets/Scripts/Inventory/Crafting/CraftingUI.cs using Guid(f7b601b8b4b700d46aa083ff8f62b2f9) Importer(815301076,1909f56bfc062723c751e8b465ee728b) (PreviewImporter) -> (artifact id: '00000000000000000000000000000000') in 0.0004613 seconds
Import Error Code:(4)
Message: Build asset version error: assets/scripts/inventory/crafting/craftingui.cs in SourceAssetDB has modification time of '2026-02-18T01:06:02.1993851Z' while content on disk has modification time of '2026-02-18T01:06:08.3502784Z'
  ERROR: Build asset version error: assets/scripts/inventory/crafting/craftingui.cs in SourceAssetDB has modification time of '2026-02-18T01:06:02.1993851Z' while content on disk has modification time of '2026-02-18T01:06:08.3502784Z'
Number of updated asset objects reloaded before import = 0Number of asset objects unloaded after import = 0

========================================================================
Received Import Request.
  Time since last request: 0.000023 seconds.
  path: Assets/Scripts/Inventory/Crafting/CraftingUI.cs
  artifactKey: Guid(f7b601b8b4b700d46aa083ff8f62b2f9) Importer(815301076,1909f56bfc062723c751e8b465ee728b)
Start importing Assets/Scripts/Inventory/Crafting/CraftingUI.cs using Guid(f7b601b8b4b700d46aa083ff8f62b2f9) Importer(815301076,1909f56bfc062723c751e8b465ee728b) (PreviewImporter) -> (artifact id: '00000000000000000000000000000000') in 0.0004643 seconds
Import Error Code:(4)
Message: Build asset version error: assets/scripts/inventory/crafting/craftingui.cs in SourceAssetDB has modification time of '2026-02-18T01:06:02.1993851Z' while content on disk has modification time of '2026-02-18T01:06:08.3502784Z'
  ERROR: Build asset version error: assets/scripts/inventory/crafting/craftingui.cs in SourceAssetDB has modification time of '2026-02-18T01:06:02.1993851Z' while content on disk has modification time of '2026-02-18T01:06:08.3502784Z'
Number of updated asset objects reloaded before import = 0Number of asset objects unloaded after import = 0

========================================================================
Received Import Request.
  Time since last request: 0.000017 seconds.
  path: Assets/Scripts/Inventory/Crafting/CraftingUI.cs
  artifactKey: Guid(f7b601b8b4b700d46aa083ff8f62b2f9) Importer(815301076,1909f56bfc062723c751e8b465ee728b)
Start importing Assets/Scripts/Inventory/Crafting/CraftingUI.cs using Guid(f7b601b8b4b700d46aa083ff8f62b2f9) Importer(815301076,1909f56bfc062723c751e8b465ee728b) (PreviewImporter) -> (artifact id: '00000000000000000000000000000000') in 0.000587 seconds
Import Error Code:(4)
Message: Build asset version error: assets/scripts/inventory/crafting/craftingui.cs in SourceAssetDB has modification time of '2026-02-18T01:06:02.1993851Z' while content on disk has modification time of '2026-02-18T01:06:08.3502784Z'
  ERROR: Build asset version error: assets/scripts/inventory/crafting/craftingui.cs in SourceAssetDB has modification time of '2026-02-18T01:06:02.1993851Z' while content on disk has modification time of '2026-02-18T01:06:08.3502784Z'
Number of updated asset objects reloaded before import = 0Number of asset objects unloaded after import = 0

========================================================================
Received Import Request.
  Time since last request: 0.000013 seconds.
  path: Assets/Scripts/Inventory/Crafting/CraftingUI.cs
  artifactKey: Guid(f7b601b8b4b700d46aa083ff8f62b2f9) Importer(815301076,1909f56bfc062723c751e8b465ee728b)
Start importing Assets/Scripts/Inventory/Crafting/CraftingUI.cs using Guid(f7b601b8b4b700d46aa083ff8f62b2f9) Importer(815301076,1909f56bfc062723c751e8b465ee728b) (PreviewImporter) -> (artifact id: '00000000000000000000000000000000') in 0.0004763 seconds
Import Error Code:(4)
Message: Build asset version error: assets/scripts/inventory/crafting/craftingui.cs in SourceAssetDB has modification time of '2026-02-18T01:06:02.1993851Z' while content on disk has modification time of '2026-02-18T01:06:08.3502784Z'
  ERROR: Build asset version error: assets/scripts/inventory/crafting/craftingui.cs in SourceAssetDB has modification time of '2026-02-18T01:06:02.1993851Z' while content on disk has modification time of '2026-02-18T01:06:08.3502784Z'
Number of updated asset objects reloaded before import = 0Number of asset objects unloaded after import = 0

========================================================================
Received Import Request.
  Time since last request: 0.000013 seconds.
  path: Assets/Scripts/Inventory/Crafting/CraftingUI.cs
  artifactKey: Guid(f7b601b8b4b700d46aa083ff8f62b2f9) Importer(815301076,1909f56bfc062723c751e8b465ee728b)
Start importing Assets/Scripts/Inventory/Crafting/CraftingUI.cs using Guid(f7b601b8b4b700d46aa083ff8f62b2f9) Importer(815301076,1909f56bfc062723c751e8b465ee728b) (PreviewImporter) -> (artifact id: '00000000000000000000000000000000') in 0.0004401 seconds
Import Error Code:(4)
Message: Build asset version error: assets/scripts/inventory/crafting/craftingui.cs in SourceAssetDB has modification time of '2026-02-18T01:06:02.1993851Z' while content on disk has modification time of '2026-02-18T01:06:08.3502784Z'
  ERROR: Build asset version error: assets/scripts/inventory/crafting/craftingui.cs in SourceAssetDB has modification time of '2026-02-18T01:06:02.1993851Z' while content on disk has modification time of '2026-02-18T01:06:08.3502784Z'
Number of updated asset objects reloaded before import = 0Number of asset objects unloaded after import = 0

========================================================================
Received Import Request.
  Time since last request: 0.000015 seconds.
  path: Assets/Scripts/Inventory/Crafting/CraftingUI.cs
  artifactKey: Guid(f7b601b8b4b700d46aa083ff8f62b2f9) Importer(815301076,1909f56bfc062723c751e8b465ee728b)
Start importing Assets/Scripts/Inventory/Crafting/CraftingUI.cs using Guid(f7b601b8b4b700d46aa083ff8f62b2f9) Importer(815301076,1909f56bfc062723c751e8b465ee728b) (PreviewImporter) -> (artifact id: '00000000000000000000000000000000') in 0.0006553 seconds
Import Error Code:(4)
Message: Build asset version error: assets/scripts/inventory/crafting/craftingui.cs in SourceAssetDB has modification time of '2026-02-18T01:06:02.1993851Z' while content on disk has modification time of '2026-02-18T01:06:08.3502784Z'
  ERROR: Build asset version error: assets/scripts/inventory/crafting/craftingui.cs in SourceAssetDB has modification time of '2026-02-18T01:06:02.1993851Z' while content on disk has modification time of '2026-02-18T01:06:08.3502784Z'
Number of updated asset objects reloaded before import = 0Number of asset objects unloaded after import = 0

========================================================================
Received Import Request.
  Time since last request: 0.000016 seconds.
  path: Assets/Scripts/Inventory/Crafting/CraftingUI.cs
  artifactKey: Guid(f7b601b8b4b700d46aa083ff8f62b2f9) Importer(815301076,1909f56bfc062723c751e8b465ee728b)
Start importing Assets/Scripts/Inventory/Crafting/CraftingUI.cs using Guid(f7b601b8b4b700d46aa083ff8f62b2f9) Importer(815301076,1909f56bfc062723c751e8b465ee728b) (PreviewImporter) -> (artifact id: '00000000000000000000000000000000') in 0.0005777 seconds
Import Error Code:(4)
Message: Build asset version error: assets/scripts/inventory/crafting/craftingui.cs in SourceAssetDB has modification time of '2026-02-18T01:06:02.1993851Z' while content on disk has modification time of '2026-02-18T01:06:08.3502784Z'
  ERROR: Build asset version error: assets/scripts/inventory/crafting/craftingui.cs in SourceAssetDB has modification time of '2026-02-18T01:06:02.1993851Z' while content on disk has modification time of '2026-02-18T01:06:08.3502784Z'
Number of updated asset objects reloaded before import = 0Number of asset objects unloaded after import = 0

========================================================================
Received Import Request.
  Time since last request: 0.000017 seconds.
  path: Assets/Scripts/Inventory/Crafting/CraftingUI.cs
  artifactKey: Guid(f7b601b8b4b700d46aa083ff8f62b2f9) Importer(815301076,1909f56bfc062723c751e8b465ee728b)
Start importing Assets/Scripts/Inventory/Crafting/CraftingUI.cs using Guid(f7b601b8b4b700d46aa083ff8f62b2f9) Importer(815301076,1909f56bfc062723c751e8b465ee728b) (PreviewImporter) -> (artifact id: '00000000000000000000000000000000') in 0.0005071 seconds
Import Error Code:(4)
Message: Build asset version error: assets/scripts/inventory/crafting/craftingui.cs in SourceAssetDB has modification time of '2026-02-18T01:06:02.1993851Z' while content on disk has modification time of '2026-02-18T01:06:08.3502784Z'
  ERROR: Build asset version error: assets/scripts/inventory/crafting/craftingui.cs in SourceAssetDB has modification time of '2026-02-18T01:06:02.1993851Z' while content on disk has modification time of '2026-02-18T01:06:08.3502784Z'
Number of updated asset objects reloaded before import = 0Number of asset objects unloaded after import = 0

========================================================================
Received Import Request.
  Time since last request: 0.000018 seconds.
  path: Assets/Scripts/Inventory/Crafting/CraftingUI.cs
  artifactKey: Guid(f7b601b8b4b700d46aa083ff8f62b2f9) Importer(815301076,1909f56bfc062723c751e8b465ee728b)
Start importing Assets/Scripts/Inventory/Crafting/CraftingUI.cs using Guid(f7b601b8b4b700d46aa083ff8f62b2f9) Importer(815301076,1909f56bfc062723c751e8b465ee728b) (PreviewImporter) -> (artifact id: '00000000000000000000000000000000') in 0.0006807 seconds
Import Error Code:(4)
Message: Build asset version error: assets/scripts/inventory/crafting/craftingui.cs in SourceAssetDB has modification time of '2026-02-18T01:06:02.1993851Z' while content on disk has modification time of '2026-02-18T01:06:08.3502784Z'
  ERROR: Build asset version error: assets/scripts/inventory/crafting/craftingui.cs in SourceAssetDB has modification time of '2026-02-18T01:06:02.1993851Z' while content on disk has modification time of '2026-02-18T01:06:08.3502784Z'
Number of updated asset objects reloaded before import = 0Number of asset objects unloaded after import = 0

========================================================================
Received Import Request.
  Time since last request: 0.000016 seconds.
  path: Assets/Scripts/Inventory/Crafting/CraftingUI.cs
  artifactKey: Guid(f7b601b8b4b700d46aa083ff8f62b2f9) Importer(815301076,1909f56bfc062723c751e8b465ee728b)
Start importing Assets/Scripts/Inventory/Crafting/CraftingUI.cs using Guid(f7b601b8b4b700d46aa083ff8f62b2f9) Importer(815301076,1909f56bfc062723c751e8b465ee728b) (PreviewImporter) -> (artifact id: '00000000000000000000000000000000') in 0.0004742 seconds
Import Error Code:(4)
Message: Build asset version error: assets/scripts/inventory/crafting/craftingui.cs in SourceAssetDB has modification time of '2026-02-18T01:06:02.1993851Z' while content on disk has modification time of '2026-02-18T01:06:08.3502784Z'
  ERROR: Build asset version error: assets/scripts/inventory/crafting/craftingui.cs in SourceAssetDB has modification time of '2026-02-18T01:06:02.1993851Z' while content on disk has modification time of '2026-02-18T01:06:08.3502784Z'
Number of updated asset objects reloaded before import = 0Number of asset objects unloaded after import = 0

========================================================================
Received Import Request.
  Time since last request: 0.000017 seconds.
  path: Assets/Scripts/Inventory/Crafting/CraftingUI.cs
  artifactKey: Guid(f7b601b8b4b700d46aa083ff8f62b2f9) Importer(815301076,1909f56bfc062723c751e8b465ee728b)
Start importing Assets/Scripts/Inventory/Crafting/CraftingUI.cs using Guid(f7b601b8b4b700d46aa083ff8f62b2f9) Importer(815301076,1909f56bfc062723c751e8b465ee728b) (PreviewImporter) -> (artifact id: '00000000000000000000000000000000') in 0.0006944 seconds
Import Error Code:(4)
Message: Build asset version error: assets/scripts/inventory/crafting/craftingui.cs in SourceAssetDB has modification time of '2026-02-18T01:06:02.1993851Z' while content on disk has modification time of '2026-02-18T01:06:08.3502784Z'
  ERROR: Build asset version error: assets/scripts/inventory/crafting/craftingui.cs in SourceAssetDB has modification time of '2026-02-18T01:06:02.1993851Z' while content on disk has modification time of '2026-02-18T01:06:08.3502784Z'
Number of updated asset objects reloaded before import = 0Number of asset objects unloaded after import = 0

========================================================================
Received Import Request.
  Time since last request: 0.000027 seconds.
  path: Assets/Scripts/Inventory/Crafting/CraftingUI.cs
  artifactKey: Guid(f7b601b8b4b700d46aa083ff8f62b2f9) Importer(815301076,1909f56bfc062723c751e8b465ee728b)
Start importing Assets/Scripts/Inventory/Crafting/CraftingUI.cs using Guid(f7b601b8b4b700d46aa083ff8f62b2f9) Importer(815301076,1909f56bfc062723c751e8b465ee728b) (PreviewImporter) -> (artifact id: '00000000000000000000000000000000') in 0.0005709 seconds
Import Error Code:(4)
Message: Build asset version error: assets/scripts/inventory/crafting/craftingui.cs in SourceAssetDB has modification time of '2026-02-18T01:06:02.1993851Z' while content on disk has modification time of '2026-02-18T01:06:08.3502784Z'
  ERROR: Build asset version error: assets/scripts/inventory/crafting/craftingui.cs in SourceAssetDB has modification time of '2026-02-18T01:06:02.1993851Z' while content on disk has modification time of '2026-02-18T01:06:08.3502784Z'
Number of updated asset objects reloaded before import = 0Number of asset objects unloaded after import = 0

========================================================================
Received Import Request.
  Time since last request: 0.000015 seconds.
  path: Assets/Scripts/Inventory/Crafting/CraftingUI.cs
  artifactKey: Guid(f7b601b8b4b700d46aa083ff8f62b2f9) Importer(815301076,1909f56bfc062723c751e8b465ee728b)
Start importing Assets/Scripts/Inventory/Crafting/CraftingUI.cs using Guid(f7b601b8b4b700d46aa083ff8f62b2f9) Importer(815301076,1909f56bfc062723c751e8b465ee728b) (PreviewImporter) -> (artifact id: '00000000000000000000000000000000') in 0.0004683 seconds
Import Error Code:(4)
Message: Build asset version error: assets/scripts/inventory/crafting/craftingui.cs in SourceAssetDB has modification time of '2026-02-18T01:06:02.1993851Z' while content on disk has modification time of '2026-02-18T01:06:08.3502784Z'
  ERROR: Build asset version error: assets/scripts/inventory/crafting/craftingui.cs in SourceAssetDB has modification time of '2026-02-18T01:06:02.1993851Z' while content on disk has modification time of '2026-02-18T01:06:08.3502784Z'
Number of updated asset objects reloaded before import = 0Number of asset objects unloaded after import = 0

========================================================================
Received Import Request.
  Time since last request: 0.000020 seconds.
  path: Assets/Scripts/Inventory/Crafting/CraftingUI.cs
  artifactKey: Guid(f7b601b8b4b700d46aa083ff8f62b2f9) Importer(815301076,1909f56bfc062723c751e8b465ee728b)
Start importing Assets/Scripts/Inventory/Crafting/CraftingUI.cs using Guid(f7b601b8b4b700d46aa083ff8f62b2f9) Importer(815301076,1909f56bfc062723c751e8b465ee728b) (PreviewImporter) -> (artifact id: '00000000000000000000000000000000') in 0.0004669 seconds
Import Error Code:(4)
Message: Build asset version error: assets/scripts/inventory/crafting/craftingui.cs in SourceAssetDB has modification time of '2026-02-18T01:06:02.1993851Z' while content on disk has modification time of '2026-02-18T01:06:08.3502784Z'
  ERROR: Build asset version error: assets/scripts/inventory/crafting/craftingui.cs in SourceAssetDB has modification time of '2026-02-18T01:06:02.1993851Z' while content on disk has modification time of '2026-02-18T01:06:08.3502784Z'
Number of updated asset objects reloaded before import = 0Number of asset objects unloaded after import = 0

========================================================================
Received Import Request.
  Time since last request: 0.000017 seconds.
  path: Assets/Scripts/Inventory/Crafting/CraftingUI.cs
  artifactKey: Guid(f7b601b8b4b700d46aa083ff8f62b2f9) Importer(815301076,1909f56bfc062723c751e8b465ee728b)
Start importing Assets/Scripts/Inventory/Crafting/CraftingUI.cs using Guid(f7b601b8b4b700d46aa083ff8f62b2f9) Importer(815301076,1909f56bfc062723c751e8b465ee728b) (PreviewImporter) -> (artifact id: '00000000000000000000000000000000') in 0.0004775 seconds
Import Error Code:(4)
Message: Build asset version error: assets/scripts/inventory/crafting/craftingui.cs in SourceAssetDB has modification time of '2026-02-18T01:06:02.1993851Z' while content on disk has modification time of '2026-02-18T01:06:08.3502784Z'
  ERROR: Build asset version error: assets/scripts/inventory/crafting/craftingui.cs in SourceAssetDB has modification time of '2026-02-18T01:06:02.1993851Z' while content on disk has modification time of '2026-02-18T01:06:08.3502784Z'
Number of updated asset objects reloaded before import = 0Number of asset objects unloaded after import = 0

========================================================================
Received Import Request.
  Time since last request: 0.000014 seconds.
  path: Assets/Scripts/Inventory/Crafting/CraftingUI.cs
  artifactKey: Guid(f7b601b8b4b700d46aa083ff8f62b2f9) Importer(815301076,1909f56bfc062723c751e8b465ee728b)
Start importing Assets/Scripts/Inventory/Crafting/CraftingUI.cs using Guid(f7b601b8b4b700d46aa083ff8f62b2f9) Importer(815301076,1909f56bfc062723c751e8b465ee728b) (PreviewImporter) -> (artifact id: '00000000000000000000000000000000') in 0.0004787 seconds
Import Error Code:(4)
Message: Build asset version error: assets/scripts/inventory/crafting/craftingui.cs in SourceAssetDB has modification time of '2026-02-18T01:06:02.1993851Z' while content on disk has modification time of '2026-02-18T01:06:08.3502784Z'
  ERROR: Build asset version error: assets/scripts/inventory/crafting/craftingui.cs in SourceAssetDB has modification time of '2026-02-18T01:06:02.1993851Z' while content on disk has modification time of '2026-02-18T01:06:08.3502784Z'
Number of updated asset objects reloaded before import = 0Number of asset objects unloaded after import = 0

========================================================================
Received Import Request.
  Time since last request: 0.000020 seconds.
  path: Assets/Scripts/Inventory/Crafting/CraftingUI.cs
  artifactKey: Guid(f7b601b8b4b700d46aa083ff8f62b2f9) Importer(815301076,1909f56bfc062723c751e8b465ee728b)
Start importing Assets/Scripts/Inventory/Crafting/CraftingUI.cs using Guid(f7b601b8b4b700d46aa083ff8f62b2f9) Importer(815301076,1909f56bfc062723c751e8b465ee728b) (PreviewImporter) -> (artifact id: '00000000000000000000000000000000') in 0.0004629 seconds
Import Error Code:(4)
Message: Build asset version error: assets/scripts/inventory/crafting/craftingui.cs in SourceAssetDB has modification time of '2026-02-18T01:06:02.1993851Z' while content on disk has modification time of '2026-02-18T01:06:08.3502784Z'
  ERROR: Build asset version error: assets/scripts/inventory/crafting/craftingui.cs in SourceAssetDB has modification time of '2026-02-18T01:06:02.1993851Z' while content on disk has modification time of '2026-02-18T01:06:08.3502784Z'
Number of updated asset objects reloaded before import = 0Number of asset objects unloaded after import = 0

========================================================================
Received Import Request.
  Time since last request: 0.000015 seconds.
  path: Assets/Scripts/Inventory/Crafting/CraftingUI.cs
  artifactKey: Guid(f7b601b8b4b700d46aa083ff8f62b2f9) Importer(815301076,1909f56bfc062723c751e8b465ee728b)
Start importing Assets/Scripts/Inventory/Crafting/CraftingUI.cs using Guid(f7b601b8b4b700d46aa083ff8f62b2f9) Importer(815301076,1909f56bfc062723c751e8b465ee728b) (PreviewImporter) -> (artifact id: '00000000000000000000000000000000') in 0.0004737 seconds
Import Error Code:(4)
Message: Build asset version error: assets/scripts/inventory/crafting/craftingui.cs in SourceAssetDB has modification time of '2026-02-18T01:06:02.1993851Z' while content on disk has modification time of '2026-02-18T01:06:08.3502784Z'
  ERROR: Build asset version error: assets/scripts/inventory/crafting/craftingui.cs in SourceAssetDB has modification time of '2026-02-18T01:06:02.1993851Z' while content on disk has modification time of '2026-02-18T01:06:08.3502784Z'
Number of updated asset objects reloaded before import = 0Number of asset objects unloaded after import = 0

========================================================================
Received Import Request.
  Time since last request: 0.000017 seconds.
  path: Assets/Scripts/Inventory/Crafting/CraftingUI.cs
  artifactKey: Guid(f7b601b8b4b700d46aa083ff8f62b2f9) Importer(815301076,1909f56bfc062723c751e8b465ee728b)
Start importing Assets/Scripts/Inventory/Crafting/CraftingUI.cs using Guid(f7b601b8b4b700d46aa083ff8f62b2f9) Importer(815301076,1909f56bfc062723c751e8b465ee728b) (PreviewImporter) -> (artifact id: '00000000000000000000000000000000') in 0.0004937 seconds
Import Error Code:(4)
Message: Build asset version error: assets/scripts/inventory/crafting/craftingui.cs in SourceAssetDB has modification time of '2026-02-18T01:06:02.1993851Z' while content on disk has modification time of '2026-02-18T01:06:08.3502784Z'
  ERROR: Build asset version error: assets/scripts/inventory/crafting/craftingui.cs in SourceAssetDB has modification time of '2026-02-18T01:06:02.1993851Z' while content on disk has modification time of '2026-02-18T01:06:08.3502784Z'
Number of updated asset objects reloaded before import = 0Number of asset objects unloaded after import = 0

========================================================================
Received Import Request.
  Time since last request: 0.000018 seconds.
  path: Assets/Scripts/Inventory/Crafting/CraftingUI.cs
  artifactKey: Guid(f7b601b8b4b700d46aa083ff8f62b2f9) Importer(815301076,1909f56bfc062723c751e8b465ee728b)
Start importing Assets/Scripts/Inventory/Crafting/CraftingUI.cs using Guid(f7b601b8b4b700d46aa083ff8f62b2f9) Importer(815301076,1909f56bfc062723c751e8b465ee728b) (PreviewImporter) -> (artifact id: '00000000000000000000000000000000') in 0.0007336 seconds
Import Error Code:(4)
Message: Build asset version error: assets/scripts/inventory/crafting/craftingui.cs in SourceAssetDB has modification time of '2026-02-18T01:06:02.1993851Z' while content on disk has modification time of '2026-02-18T01:06:08.3502784Z'
  ERROR: Build asset version error: assets/scripts/inventory/crafting/craftingui.cs in SourceAssetDB has modification time of '2026-02-18T01:06:02.1993851Z' while content on disk has modification time of '2026-02-18T01:06:08.3502784Z'
Number of updated asset objects reloaded before import = 0Number of asset objects unloaded after import = 0

========================================================================
Received Import Request.
  Time since last request: 0.000042 seconds.
  path: Assets/Scripts/Inventory/Crafting/CraftingUI.cs
  artifactKey: Guid(f7b601b8b4b700d46aa083ff8f62b2f9) Importer(815301076,1909f56bfc062723c751e8b465ee728b)
Start importing Assets/Scripts/Inventory/Crafting/CraftingUI.cs using Guid(f7b601b8b4b700d46aa083ff8f62b2f9) Importer(815301076,1909f56bfc062723c751e8b465ee728b) (PreviewImporter) -> (artifact id: '00000000000000000000000000000000') in 0.0007836 seconds
Import Error Code:(4)
Message: Build asset version error: assets/scripts/inventory/crafting/craftingui.cs in SourceAssetDB has modification time of '2026-02-18T01:06:02.1993851Z' while content on disk has modification time of '2026-02-18T01:06:08.3502784Z'
  ERROR: Build asset version error: assets/scripts/inventory/crafting/craftingui.cs in SourceAssetDB has modification time of '2026-02-18T01:06:02.1993851Z' while content on disk has modification time of '2026-02-18T01:06:08.3502784Z'
Number of updated asset objects reloaded before import = 0Number of asset objects unloaded after import = 0

========================================================================
Received Import Request.
  Time since last request: 0.000021 seconds.
  path: Assets/Scripts/Inventory/Crafting/CraftingUI.cs
  artifactKey: Guid(f7b601b8b4b700d46aa083ff8f62b2f9) Importer(815301076,1909f56bfc062723c751e8b465ee728b)
Start importing Assets/Scripts/Inventory/Crafting/CraftingUI.cs using Guid(f7b601b8b4b700d46aa083ff8f62b2f9) Importer(815301076,1909f56bfc062723c751e8b465ee728b) (PreviewImporter) -> (artifact id: '00000000000000000000000000000000') in 0.000687 seconds
Import Error Code:(4)
Message: Build asset version error: assets/scripts/inventory/crafting/craftingui.cs in SourceAssetDB has modification time of '2026-02-18T01:06:02.1993851Z' while content on disk has modification time of '2026-02-18T01:06:08.3502784Z'
  ERROR: Build asset version error: assets/scripts/inventory/crafting/craftingui.cs in SourceAssetDB has modification time of '2026-02-18T01:06:02.1993851Z' while content on disk has modification time of '2026-02-18T01:06:08.3502784Z'
Number of updated asset objects reloaded before import = 0Number of asset objects unloaded after import = 0

========================================================================
Received Import Request.
  Time since last request: 0.000015 seconds.
  path: Assets/Scripts/Inventory/Crafting/CraftingUI.cs
  artifactKey: Guid(f7b601b8b4b700d46aa083ff8f62b2f9) Importer(815301076,1909f56bfc062723c751e8b465ee728b)
Start importing Assets/Scripts/Inventory/Crafting/CraftingUI.cs using Guid(f7b601b8b4b700d46aa083ff8f62b2f9) Importer(815301076,1909f56bfc062723c751e8b465ee728b) (PreviewImporter) -> (artifact id: '00000000000000000000000000000000') in 0.0004789 seconds
Import Error Code:(4)
Message: Build asset version error: assets/scripts/inventory/crafting/craftingui.cs in SourceAssetDB has modification time of '2026-02-18T01:06:02.1993851Z' while content on disk has modification time of '2026-02-18T01:06:08.3502784Z'
  ERROR: Build asset version error: assets/scripts/inventory/crafting/craftingui.cs in SourceAssetDB has modification time of '2026-02-18T01:06:02.1993851Z' while content on disk has modification time of '2026-02-18T01:06:08.3502784Z'
Number of updated asset objects reloaded before import = 0Number of asset objects unloaded after import = 0

========================================================================
Received Import Request.
  Time since last request: 0.000020 seconds.
  path: Assets/Scripts/Inventory/Crafting/CraftingUI.cs
  artifactKey: Guid(f7b601b8b4b700d46aa083ff8f62b2f9) Importer(815301076,1909f56bfc062723c751e8b465ee728b)
Start importing Assets/Scripts/Inventory/Crafting/CraftingUI.cs using Guid(f7b601b8b4b700d46aa083ff8f62b2f9) Importer(815301076,1909f56bfc062723c751e8b465ee728b) (PreviewImporter) -> (artifact id: '00000000000000000000000000000000') in 0.0006686 seconds
Import Error Code:(4)
Message: Build asset version error: assets/scripts/inventory/crafting/craftingui.cs in SourceAssetDB has modification time of '2026-02-18T01:06:02.1993851Z' while content on disk has modification time of '2026-02-18T01:06:08.3502784Z'
  ERROR: Build asset version error: assets/scripts/inventory/crafting/craftingui.cs in SourceAssetDB has modification time of '2026-02-18T01:06:02.1993851Z' while content on disk has modification time of '2026-02-18T01:06:08.3502784Z'
Number of updated asset objects reloaded before import = 0Number of asset objects unloaded after import = 0

========================================================================
Received Import Request.
  Time since last request: 0.000017 seconds.
  path: Assets/Scripts/Inventory/Crafting/CraftingUI.cs
  artifactKey: Guid(f7b601b8b4b700d46aa083ff8f62b2f9) Importer(815301076,1909f56bfc062723c751e8b465ee728b)
Start importing Assets/Scripts/Inventory/Crafting/CraftingUI.cs using Guid(f7b601b8b4b700d46aa083ff8f62b2f9) Importer(815301076,1909f56bfc062723c751e8b465ee728b) (PreviewImporter) -> (artifact id: '00000000000000000000000000000000') in 0.0005942 seconds
Import Error Code:(4)
Message: Build asset version error: assets/scripts/inventory/crafting/craftingui.cs in SourceAssetDB has modification time of '2026-02-18T01:06:02.1993851Z' while content on disk has modification time of '2026-02-18T01:06:08.3502784Z'
  ERROR: Build asset version error: assets/scripts/inventory/crafting/craftingui.cs in SourceAssetDB has modification time of '2026-02-18T01:06:02.1993851Z' while content on disk has modification time of '2026-02-18T01:06:08.3502784Z'
Number of updated asset objects reloaded before import = 0Number of asset objects unloaded after import = 0

========================================================================
Received Import Request.
  Time since last request: 0.000024 seconds.
  path: Assets/Scripts/Inventory/Crafting/CraftingUI.cs
  artifactKey: Guid(f7b601b8b4b700d46aa083ff8f62b2f9) Importer(815301076,1909f56bfc062723c751e8b465ee728b)
Start importing Assets/Scripts/Inventory/Crafting/CraftingUI.cs using Guid(f7b601b8b4b700d46aa083ff8f62b2f9) Importer(815301076,1909f56bfc062723c751e8b465ee728b) (PreviewImporter) -> (artifact id: '00000000000000000000000000000000') in 0.0005676 seconds
Import Error Code:(4)
Message: Build asset version error: assets/scripts/inventory/crafting/craftingui.cs in SourceAssetDB has modification time of '2026-02-18T01:06:02.1993851Z' while content on disk has modification time of '2026-02-18T01:06:08.3502784Z'
  ERROR: Build asset version error: assets/scripts/inventory/crafting/craftingui.cs in SourceAssetDB has modification time of '2026-02-18T01:06:02.1993851Z' while content on disk has modification time of '2026-02-18T01:06:08.3502784Z'
Number of updated asset objects reloaded before import = 0Number of asset objects unloaded after import = 0

========================================================================
Received Import Request.
  Time since last request: 0.000025 seconds.
  path: Assets/Scripts/Inventory/Crafting/CraftingUI.cs
  artifactKey: Guid(f7b601b8b4b700d46aa083ff8f62b2f9) Importer(815301076,1909f56bfc062723c751e8b465ee728b)
Start importing Assets/Scripts/Inventory/Crafting/CraftingUI.cs using Guid(f7b601b8b4b700d46aa083ff8f62b2f9) Importer(815301076,1909f56bfc062723c751e8b465ee728b) (PreviewImporter) -> (artifact id: '00000000000000000000000000000000') in 0.0005832 seconds
Import Error Code:(4)
Message: Build asset version error: assets/scripts/inventory/crafting/craftingui.cs in SourceAssetDB has modification time of '2026-02-18T01:06:02.1993851Z' while content on disk has modification time of '2026-02-18T01:06:08.3502784Z'
  ERROR: Build asset version error: assets/scripts/inventory/crafting/craftingui.cs in SourceAssetDB has modification time of '2026-02-18T01:06:02.1993851Z' while content on disk has modification time of '2026-02-18T01:06:08.3502784Z'
Number of updated asset objects reloaded before import = 0Number of asset objects unloaded after import = 0

========================================================================
Received Import Request.
  Time since last request: 0.000019 seconds.
  path: Assets/Scripts/Inventory/Crafting/CraftingUI.cs
  artifactKey: Guid(f7b601b8b4b700d46aa083ff8f62b2f9) Importer(815301076,1909f56bfc062723c751e8b465ee728b)
Start importing Assets/Scripts/Inventory/Crafting/CraftingUI.cs using Guid(f7b601b8b4b700d46aa083ff8f62b2f9) Importer(815301076,1909f56bfc062723c751e8b465ee728b) (PreviewImporter) -> (artifact id: '00000000000000000000000000000000') in 0.000513 seconds
Import Error Code:(4)
Message: Build asset version error: assets/scripts/inventory/crafting/craftingui.cs in SourceAssetDB has modification time of '2026-02-18T01:06:02.1993851Z' while content on disk has modification time of '2026-02-18T01:06:08.3502784Z'
  ERROR: Build asset version error: assets/scripts/inventory/crafting/craftingui.cs in SourceAssetDB has modification time of '2026-02-18T01:06:02.1993851Z' while content on disk has modification time of '2026-02-18T01:06:08.3502784Z'
Number of updated asset objects reloaded before import = 0Number of asset objects unloaded after import = 0

========================================================================
Received Import Request.
  Time since last request: 0.000022 seconds.
  path: Assets/Scripts/Inventory/Crafting/CraftingUI.cs
  artifactKey: Guid(f7b601b8b4b700d46aa083ff8f62b2f9) Importer(815301076,1909f56bfc062723c751e8b465ee728b)
Start importing Assets/Scripts/Inventory/Crafting/CraftingUI.cs using Guid(f7b601b8b4b700d46aa083ff8f62b2f9) Importer(815301076,1909f56bfc062723c751e8b465ee728b) (PreviewImporter) -> (artifact id: '00000000000000000000000000000000') in 0.0004731 seconds
Import Error Code:(4)
Message: Build asset version error: assets/scripts/inventory/crafting/craftingui.cs in SourceAssetDB has modification time of '2026-02-18T01:06:02.1993851Z' while content on disk has modification time of '2026-02-18T01:06:08.3502784Z'
  ERROR: Build asset version error: assets/scripts/inventory/crafting/craftingui.cs in SourceAssetDB has modification time of '2026-02-18T01:06:02.1993851Z' while content on disk has modification time of '2026-02-18T01:06:08.3502784Z'
Number of updated asset objects reloaded before import = 0Number of asset objects unloaded after import = 0

========================================================================
Received Import Request.
  Time since last request: 0.000014 seconds.
  path: Assets/Scripts/Inventory/Crafting/CraftingUI.cs
  artifactKey: Guid(f7b601b8b4b700d46aa083ff8f62b2f9) Importer(815301076,1909f56bfc062723c751e8b465ee728b)
Start importing Assets/Scripts/Inventory/Crafting/CraftingUI.cs using Guid(f7b601b8b4b700d46aa083ff8f62b2f9) Importer(815301076,1909f56bfc062723c751e8b465ee728b) (PreviewImporter) -> (artifact id: '00000000000000000000000000000000') in 0.0005122 seconds
Import Error Code:(4)
Message: Build asset version error: assets/scripts/inventory/crafting/craftingui.cs in SourceAssetDB has modification time of '2026-02-18T01:06:02.1993851Z' while content on disk has modification time of '2026-02-18T01:06:08.3502784Z'
  ERROR: Build asset version error: assets/scripts/inventory/crafting/craftingui.cs in SourceAssetDB has modification time of '2026-02-18T01:06:02.1993851Z' while content on disk has modification time of '2026-02-18T01:06:08.3502784Z'
Number of updated asset objects reloaded before import = 0Number of asset objects unloaded after import = 0

========================================================================
Received Import Request.
  Time since last request: 0.000015 seconds.
  path: Assets/Scripts/Inventory/Crafting/CraftingUI.cs
  artifactKey: Guid(f7b601b8b4b700d46aa083ff8f62b2f9) Importer(815301076,1909f56bfc062723c751e8b465ee728b)
Start importing Assets/Scripts/Inventory/Crafting/CraftingUI.cs using Guid(f7b601b8b4b700d46aa083ff8f62b2f9) Importer(815301076,1909f56bfc062723c751e8b465ee728b) (PreviewImporter) -> (artifact id: '00000000000000000000000000000000') in 0.0004417 seconds
Import Error Code:(4)
Message: Build asset version error: assets/scripts/inventory/crafting/craftingui.cs in SourceAssetDB has modification time of '2026-02-18T01:06:02.1993851Z' while content on disk has modification time of '2026-02-18T01:06:08.3502784Z'
  ERROR: Build asset version error: assets/scripts/inventory/crafting/craftingui.cs in SourceAssetDB has modification time of '2026-02-18T01:06:02.1993851Z' while content on disk has modification time of '2026-02-18T01:06:08.3502784Z'
Number of updated asset objects reloaded before import = 0Number of asset objects unloaded after import = 0

========================================================================
Received Import Request.
  Time since last request: 0.000013 seconds.
  path: Assets/Scripts/Inventory/Crafting/CraftingUI.cs
  artifactKey: Guid(f7b601b8b4b700d46aa083ff8f62b2f9) Importer(815301076,1909f56bfc062723c751e8b465ee728b)
Start importing Assets/Scripts/Inventory/Crafting/CraftingUI.cs using Guid(f7b601b8b4b700d46aa083ff8f62b2f9) Importer(815301076,1909f56bfc062723c751e8b465ee728b) (PreviewImporter) -> (artifact id: '00000000000000000000000000000000') in 0.0004488 seconds
Import Error Code:(4)
Message: Build asset version error: assets/scripts/inventory/crafting/craftingui.cs in SourceAssetDB has modification time of '2026-02-18T01:06:02.1993851Z' while content on disk has modification time of '2026-02-18T01:06:08.3502784Z'
  ERROR: Build asset version error: assets/scripts/inventory/crafting/craftingui.cs in SourceAssetDB has modification time of '2026-02-18T01:06:02.1993851Z' while content on disk has modification time of '2026-02-18T01:06:08.3502784Z'
Number of updated asset objects reloaded before import = 0Number of asset objects unloaded after import = 0

========================================================================
Received Import Request.
  Time since last request: 0.000013 seconds.
  path: Assets/Scripts/Inventory/Crafting/CraftingUI.cs
  artifactKey: Guid(f7b601b8b4b700d46aa083ff8f62b2f9) Importer(815301076,1909f56bfc062723c751e8b465ee728b)
Start importing Assets/Scripts/Inventory/Crafting/CraftingUI.cs using Guid(f7b601b8b4b700d46aa083ff8f62b2f9) Importer(815301076,1909f56bfc062723c751e8b465ee728b) (PreviewImporter) -> (artifact id: '00000000000000000000000000000000') in 0.0004574 seconds
Import Error Code:(4)
Message: Build asset version error: assets/scripts/inventory/crafting/craftingui.cs in SourceAssetDB has modification time of '2026-02-18T01:06:02.1993851Z' while content on disk has modification time of '2026-02-18T01:06:08.3502784Z'
  ERROR: Build asset version error: assets/scripts/inventory/crafting/craftingui.cs in SourceAssetDB has modification time of '2026-02-18T01:06:02.1993851Z' while content on disk has modification time of '2026-02-18T01:06:08.3502784Z'
Number of updated asset objects reloaded before import = 0Number of asset objects unloaded after import = 0

========================================================================
Received Import Request.
  Time since last request: 0.000015 seconds.
  path: Assets/Scripts/Inventory/Crafting/CraftingUI.cs
  artifactKey: Guid(f7b601b8b4b700d46aa083ff8f62b2f9) Importer(815301076,1909f56bfc062723c751e8b465ee728b)
Start importing Assets/Scripts/Inventory/Crafting/CraftingUI.cs using Guid(f7b601b8b4b700d46aa083ff8f62b2f9) Importer(815301076,1909f56bfc062723c751e8b465ee728b) (PreviewImporter) -> (artifact id: '00000000000000000000000000000000') in 0.0004884 seconds
Import Error Code:(4)
Message: Build asset version error: assets/scripts/inventory/crafting/craftingui.cs in SourceAssetDB has modification time of '2026-02-18T01:06:02.1993851Z' while content on disk has modification time of '2026-02-18T01:06:08.3502784Z'
  ERROR: Build asset version error: assets/scripts/inventory/crafting/craftingui.cs in SourceAssetDB has modification time of '2026-02-18T01:06:02.1993851Z' while content on disk has modification time of '2026-02-18T01:06:08.3502784Z'
Number of updated asset objects reloaded before import = 0Number of asset objects unloaded after import = 0

========================================================================
Received Import Request.
  Time since last request: 0.000014 seconds.
  path: Assets/Scripts/Inventory/Crafting/CraftingUI.cs
  artifactKey: Guid(f7b601b8b4b700d46aa083ff8f62b2f9) Importer(815301076,1909f56bfc062723c751e8b465ee728b)
Start importing Assets/Scripts/Inventory/Crafting/CraftingUI.cs using Guid(f7b601b8b4b700d46aa083ff8f62b2f9) Importer(815301076,1909f56bfc062723c751e8b465ee728b) (PreviewImporter) -> (artifact id: '00000000000000000000000000000000') in 0.0004385 seconds
Import Error Code:(4)
Message: Build asset version error: assets/scripts/inventory/crafting/craftingui.cs in SourceAssetDB has modification time of '2026-02-18T01:06:02.1993851Z' while content on disk has modification time of '2026-02-18T01:06:08.3502784Z'
  ERROR: Build asset version error: assets/scripts/inventory/crafting/craftingui.cs in SourceAssetDB has modification time of '2026-02-18T01:06:02.1993851Z' while content on disk has modification time of '2026-02-18T01:06:08.3502784Z'
Number of updated asset objects reloaded before import = 0Number of asset objects unloaded after import = 0

========================================================================
Received Import Request.
  Time since last request: 0.000013 seconds.
  path: Assets/Scripts/Inventory/Crafting/CraftingUI.cs
  artifactKey: Guid(f7b601b8b4b700d46aa083ff8f62b2f9) Importer(815301076,1909f56bfc062723c751e8b465ee728b)
Start importing Assets/Scripts/Inventory/Crafting/CraftingUI.cs using Guid(f7b601b8b4b700d46aa083ff8f62b2f9) Importer(815301076,1909f56bfc062723c751e8b465ee728b) (PreviewImporter) -> (artifact id: '00000000000000000000000000000000') in 0.0005408 seconds
Import Error Code:(4)
Message: Build asset version error: assets/scripts/inventory/crafting/craftingui.cs in SourceAssetDB has modification time of '2026-02-18T01:06:02.1993851Z' while content on disk has modification time of '2026-02-18T01:06:08.3502784Z'
  ERROR: Build asset version error: assets/scripts/inventory/crafting/craftingui.cs in SourceAssetDB has modification time of '2026-02-18T01:06:02.1993851Z' while content on disk has modification time of '2026-02-18T01:06:08.3502784Z'
Number of updated asset objects reloaded before import = 0Number of asset objects unloaded after import = 0

========================================================================
Received Import Request.
  Time since last request: 0.000018 seconds.
  path: Assets/Scripts/Inventory/Crafting/CraftingUI.cs
  artifactKey: Guid(f7b601b8b4b700d46aa083ff8f62b2f9) Importer(815301076,1909f56bfc062723c751e8b465ee728b)
Start importing Assets/Scripts/Inventory/Crafting/CraftingUI.cs using Guid(f7b601b8b4b700d46aa083ff8f62b2f9) Importer(815301076,1909f56bfc062723c751e8b465ee728b) (PreviewImporter) -> (artifact id: '00000000000000000000000000000000') in 0.0007836 seconds
Import Error Code:(4)
Message: Build asset version error: assets/scripts/inventory/crafting/craftingui.cs in SourceAssetDB has modification time of '2026-02-18T01:06:02.1993851Z' while content on disk has modification time of '2026-02-18T01:06:08.3502784Z'
  ERROR: Build asset version error: assets/scripts/inventory/crafting/craftingui.cs in SourceAssetDB has modification time of '2026-02-18T01:06:02.1993851Z' while content on disk has modification time of '2026-02-18T01:06:08.3502784Z'
Number of updated asset objects reloaded before import = 0Number of asset objects unloaded after import = 0

========================================================================
Received Import Request.
  Time since last request: 0.000020 seconds.
  path: Assets/Scripts/Inventory/Crafting/CraftingUI.cs
  artifactKey: Guid(f7b601b8b4b700d46aa083ff8f62b2f9) Importer(815301076,1909f56bfc062723c751e8b465ee728b)
Start importing Assets/Scripts/Inventory/Crafting/CraftingUI.cs using Guid(f7b601b8b4b700d46aa083ff8f62b2f9) Importer(815301076,1909f56bfc062723c751e8b465ee728b) (PreviewImporter) -> (artifact id: '00000000000000000000000000000000') in 0.0005879 seconds
Import Error Code:(4)
Message: Build asset version error: assets/scripts/inventory/crafting/craftingui.cs in SourceAssetDB has modification time of '2026-02-18T01:06:02.1993851Z' while content on disk has modification time of '2026-02-18T01:06:08.3502784Z'
  ERROR: Build asset version error: assets/scripts/inventory/crafting/craftingui.cs in SourceAssetDB has modification time of '2026-02-18T01:06:02.1993851Z' while content on disk has modification time of '2026-02-18T01:06:08.3502784Z'
Number of updated asset objects reloaded before import = 0Number of asset objects unloaded after import = 0

========================================================================
Received Import Request.
  Time since last request: 0.000029 seconds.
  path: Assets/Scripts/Inventory/Crafting/CraftingUI.cs
  artifactKey: Guid(f7b601b8b4b700d46aa083ff8f62b2f9) Importer(815301076,1909f56bfc062723c751e8b465ee728b)
Start importing Assets/Scripts/Inventory/Crafting/CraftingUI.cs using Guid(f7b601b8b4b700d46aa083ff8f62b2f9) Importer(815301076,1909f56bfc062723c751e8b465ee728b) (PreviewImporter) -> (artifact id: '00000000000000000000000000000000') in 0.000613 seconds
Import Error Code:(4)
Message: Build asset version error: assets/scripts/inventory/crafting/craftingui.cs in SourceAssetDB has modification time of '2026-02-18T01:06:02.1993851Z' while content on disk has modification time of '2026-02-18T01:06:08.3502784Z'
  ERROR: Build asset version error: assets/scripts/inventory/crafting/craftingui.cs in SourceAssetDB has modification time of '2026-02-18T01:06:02.1993851Z' while content on disk has modification time of '2026-02-18T01:06:08.3502784Z'
Number of updated asset objects reloaded before import = 0Number of asset objects unloaded after import = 0

========================================================================
Received Import Request.
  Time since last request: 0.000022 seconds.
  path: Assets/Scripts/Inventory/Crafting/CraftingUI.cs
  artifactKey: Guid(f7b601b8b4b700d46aa083ff8f62b2f9) Importer(815301076,1909f56bfc062723c751e8b465ee728b)
Start importing Assets/Scripts/Inventory/Crafting/CraftingUI.cs using Guid(f7b601b8b4b700d46aa083ff8f62b2f9) Importer(815301076,1909f56bfc062723c751e8b465ee728b) (PreviewImporter) -> (artifact id: '00000000000000000000000000000000') in 0.0006473 seconds
Import Error Code:(4)
Message: Build asset version error: assets/scripts/inventory/crafting/craftingui.cs in SourceAssetDB has modification time of '2026-02-18T01:06:02.1993851Z' while content on disk has modification time of '2026-02-18T01:06:08.3502784Z'
  ERROR: Build asset version error: assets/scripts/inventory/crafting/craftingui.cs in SourceAssetDB has modification time of '2026-02-18T01:06:02.1993851Z' while content on disk has modification time of '2026-02-18T01:06:08.3502784Z'
Number of updated asset objects reloaded before import = 0Number of asset objects unloaded after import = 0

========================================================================
Received Import Request.
  Time since last request: 0.000020 seconds.
  path: Assets/Scripts/Inventory/Crafting/CraftingUI.cs
  artifactKey: Guid(f7b601b8b4b700d46aa083ff8f62b2f9) Importer(815301076,1909f56bfc062723c751e8b465ee728b)
Start importing Assets/Scripts/Inventory/Crafting/CraftingUI.cs using Guid(f7b601b8b4b700d46aa083ff8f62b2f9) Importer(815301076,1909f56bfc062723c751e8b465ee728b) (PreviewImporter) -> (artifact id: '00000000000000000000000000000000') in 0.0005066 seconds
Import Error Code:(4)
Message: Build asset version error: assets/scripts/inventory/crafting/craftingui.cs in SourceAssetDB has modification time of '2026-02-18T01:06:02.1993851Z' while content on disk has modification time of '2026-02-18T01:06:08.3502784Z'
  ERROR: Build asset version error: assets/scripts/inventory/crafting/craftingui.cs in SourceAssetDB has modification time of '2026-02-18T01:06:02.1993851Z' while content on disk has modification time of '2026-02-18T01:06:08.3502784Z'
Number of updated asset objects reloaded before import = 0Number of asset objects unloaded after import = 0

========================================================================
Received Import Request.
  Time since last request: 0.000018 seconds.
  path: Assets/Scripts/Inventory/Crafting/CraftingUI.cs
  artifactKey: Guid(f7b601b8b4b700d46aa083ff8f62b2f9) Importer(815301076,1909f56bfc062723c751e8b465ee728b)
Start importing Assets/Scripts/Inventory/Crafting/CraftingUI.cs using Guid(f7b601b8b4b700d46aa083ff8f62b2f9) Importer(815301076,1909f56bfc062723c751e8b465ee728b) (PreviewImporter) -> (artifact id: '00000000000000000000000000000000') in 0.0006347 seconds
Import Error Code:(4)
Message: Build asset version error: assets/scripts/inventory/crafting/craftingui.cs in SourceAssetDB has modification time of '2026-02-18T01:06:02.1993851Z' while content on disk has modification time of '2026-02-18T01:06:08.3502784Z'
  ERROR: Build asset version error: assets/scripts/inventory/crafting/craftingui.cs in SourceAssetDB has modification time of '2026-02-18T01:06:02.1993851Z' while content on disk has modification time of '2026-02-18T01:06:08.3502784Z'
Number of updated asset objects reloaded before import = 0Number of asset objects unloaded after import = 0

========================================================================
Received Import Request.
  Time since last request: 0.000021 seconds.
  path: Assets/Scripts/Inventory/Crafting/CraftingUI.cs
  artifactKey: Guid(f7b601b8b4b700d46aa083ff8f62b2f9) Importer(815301076,1909f56bfc062723c751e8b465ee728b)
Start importing Assets/Scripts/Inventory/Crafting/CraftingUI.cs using Guid(f7b601b8b4b700d46aa083ff8f62b2f9) Importer(815301076,1909f56bfc062723c751e8b465ee728b) (PreviewImporter) -> (artifact id: '00000000000000000000000000000000') in 0.0004964 seconds
Import Error Code:(4)
Message: Build asset version error: assets/scripts/inventory/crafting/craftingui.cs in SourceAssetDB has modification time of '2026-02-18T01:06:02.1993851Z' while content on disk has modification time of '2026-02-18T01:06:08.3502784Z'
  ERROR: Build asset version error: assets/scripts/inventory/crafting/craftingui.cs in SourceAssetDB has modification time of '2026-02-18T01:06:02.1993851Z' while content on disk has modification time of '2026-02-18T01:06:08.3502784Z'
Number of updated asset objects reloaded before import = 0Number of asset objects unloaded after import = 0

========================================================================
Received Import Request.
  Time since last request: 0.000014 seconds.
  path: Assets/Scripts/Inventory/Crafting/CraftingUI.cs
  artifactKey: Guid(f7b601b8b4b700d46aa083ff8f62b2f9) Importer(815301076,1909f56bfc062723c751e8b465ee728b)
Start importing Assets/Scripts/Inventory/Crafting/CraftingUI.cs using Guid(f7b601b8b4b700d46aa083ff8f62b2f9) Importer(815301076,1909f56bfc062723c751e8b465ee728b) (PreviewImporter) -> (artifact id: '00000000000000000000000000000000') in 0.0004829 seconds
Import Error Code:(4)
Message: Build asset version error: assets/scripts/inventory/crafting/craftingui.cs in SourceAssetDB has modification time of '2026-02-18T01:06:02.1993851Z' while content on disk has modification time of '2026-02-18T01:06:08.3502784Z'
  ERROR: Build asset version error: assets/scripts/inventory/crafting/craftingui.cs in SourceAssetDB has modification time of '2026-02-18T01:06:02.1993851Z' while content on disk has modification time of '2026-02-18T01:06:08.3502784Z'
Number of updated asset objects reloaded before import = 0Number of asset objects unloaded after import = 0

========================================================================
Received Import Request.
  Time since last request: 0.000015 seconds.
  path: Assets/Scripts/Inventory/Crafting/CraftingUI.cs
  artifactKey: Guid(f7b601b8b4b700d46aa083ff8f62b2f9) Importer(815301076,1909f56bfc062723c751e8b465ee728b)
Start importing Assets/Scripts/Inventory/Crafting/CraftingUI.cs using Guid(f7b601b8b4b700d46aa083ff8f62b2f9) Importer(815301076,1909f56bfc062723c751e8b465ee728b) (PreviewImporter) -> (artifact id: '00000000000000000000000000000000') in 0.0005587 seconds
Import Error Code:(4)
Message: Build asset version error: assets/scripts/inventory/crafting/craftingui.cs in SourceAssetDB has modification time of '2026-02-18T01:06:02.1993851Z' while content on disk has modification time of '2026-02-18T01:06:08.3502784Z'
  ERROR: Build asset version error: assets/scripts/inventory/crafting/craftingui.cs in SourceAssetDB has modification time of '2026-02-18T01:06:02.1993851Z' while content on disk has modification time of '2026-02-18T01:06:08.3502784Z'
Number of updated asset objects reloaded before import = 0Number of asset objects unloaded after import = 0

========================================================================
Received Import Request.
  Time since last request: 0.000013 seconds.
  path: Assets/Scripts/Inventory/Crafting/CraftingUI.cs
  artifactKey: Guid(f7b601b8b4b700d46aa083ff8f62b2f9) Importer(815301076,1909f56bfc062723c751e8b465ee728b)
Start importing Assets/Scripts/Inventory/Crafting/CraftingUI.cs using Guid(f7b601b8b4b700d46aa083ff8f62b2f9) Importer(815301076,1909f56bfc062723c751e8b465ee728b) (PreviewImporter) -> (artifact id: '00000000000000000000000000000000') in 0.0006036 seconds
Import Error Code:(4)
Message: Build asset version error: assets/scripts/inventory/crafting/craftingui.cs in SourceAssetDB has modification time of '2026-02-18T01:06:02.1993851Z' while content on disk has modification time of '2026-02-18T01:06:08.3502784Z'
  ERROR: Build asset version error: assets/scripts/inventory/crafting/craftingui.cs in SourceAssetDB has modification time of '2026-02-18T01:06:02.1993851Z' while content on disk has modification time of '2026-02-18T01:06:08.3502784Z'
Number of updated asset objects reloaded before import = 0Number of asset objects unloaded after import = 0

========================================================================
Received Import Request.
  Time since last request: 0.000015 seconds.
  path: Assets/Scripts/Inventory/Crafting/CraftingUI.cs
  artifactKey: Guid(f7b601b8b4b700d46aa083ff8f62b2f9) Importer(815301076,1909f56bfc062723c751e8b465ee728b)
Start importing Assets/Scripts/Inventory/Crafting/CraftingUI.cs using Guid(f7b601b8b4b700d46aa083ff8f62b2f9) Importer(815301076,1909f56bfc062723c751e8b465ee728b) (PreviewImporter) -> (artifact id: '00000000000000000000000000000000') in 0.0005242 seconds
Import Error Code:(4)
Message: Build asset version error: assets/scripts/inventory/crafting/craftingui.cs in SourceAssetDB has modification time of '2026-02-18T01:06:02.1993851Z' while content on disk has modification time of '2026-02-18T01:06:08.3502784Z'
  ERROR: Build asset version error: assets/scripts/inventory/crafting/craftingui.cs in SourceAssetDB has modification time of '2026-02-18T01:06:02.1993851Z' while content on disk has modification time of '2026-02-18T01:06:08.3502784Z'
Number of updated asset objects reloaded before import = 0Number of asset objects unloaded after import = 0

========================================================================
Received Import Request.
  Time since last request: 0.000074 seconds.
  path: Assets/Scripts/Inventory/Crafting/CraftingUI.cs
  artifactKey: Guid(f7b601b8b4b700d46aa083ff8f62b2f9) Importer(815301076,1909f56bfc062723c751e8b465ee728b)
Start importing Assets/Scripts/Inventory/Crafting/CraftingUI.cs using Guid(f7b601b8b4b700d46aa083ff8f62b2f9) Importer(815301076,1909f56bfc062723c751e8b465ee728b) (PreviewImporter) -> (artifact id: '00000000000000000000000000000000') in 0.0005948 seconds
Import Error Code:(4)
Message: Build asset version error: assets/scripts/inventory/crafting/craftingui.cs in SourceAssetDB has modification time of '2026-02-18T01:06:02.1993851Z' while content on disk has modification time of '2026-02-18T01:06:08.3502784Z'
  ERROR: Build asset version error: assets/scripts/inventory/crafting/craftingui.cs in SourceAssetDB has modification time of '2026-02-18T01:06:02.1993851Z' while content on disk has modification time of '2026-02-18T01:06:08.3502784Z'
Number of updated asset objects reloaded before import = 0Number of asset objects unloaded after import = 0

========================================================================
Received Import Request.
  Time since last request: 0.000017 seconds.
  path: Assets/Scripts/Inventory/Crafting/CraftingUI.cs
  artifactKey: Guid(f7b601b8b4b700d46aa083ff8f62b2f9) Importer(815301076,1909f56bfc062723c751e8b465ee728b)
Start importing Assets/Scripts/Inventory/Crafting/CraftingUI.cs using Guid(f7b601b8b4b700d46aa083ff8f62b2f9) Importer(815301076,1909f56bfc062723c751e8b465ee728b) (PreviewImporter) -> (artifact id: '00000000000000000000000000000000') in 0.0005147 seconds
Import Error Code:(4)
Message: Build asset version error: assets/scripts/inventory/crafting/craftingui.cs in SourceAssetDB has modification time of '2026-02-18T01:06:02.1993851Z' while content on disk has modification time of '2026-02-18T01:06:08.3502784Z'
  ERROR: Build asset version error: assets/scripts/inventory/crafting/craftingui.cs in SourceAssetDB has modification time of '2026-02-18T01:06:02.1993851Z' while content on disk has modification time of '2026-02-18T01:06:08.3502784Z'
Number of updated asset objects reloaded before import = 0Number of asset objects unloaded after import = 0

========================================================================
Received Import Request.
  Time since last request: 0.000017 seconds.
  path: Assets/Scripts/Inventory/Crafting/CraftingUI.cs
  artifactKey: Guid(f7b601b8b4b700d46aa083ff8f62b2f9) Importer(815301076,1909f56bfc062723c751e8b465ee728b)
Start importing Assets/Scripts/Inventory/Crafting/CraftingUI.cs using Guid(f7b601b8b4b700d46aa083ff8f62b2f9) Importer(815301076,1909f56bfc062723c751e8b465ee728b) (PreviewImporter) -> (artifact id: '00000000000000000000000000000000') in 0.0004649 seconds
Import Error Code:(4)
Message: Build asset version error: assets/scripts/inventory/crafting/craftingui.cs in SourceAssetDB has modification time of '2026-02-18T01:06:02.1993851Z' while content on disk has modification time of '2026-02-18T01:06:08.3502784Z'
  ERROR: Build asset version error: assets/scripts/inventory/crafting/craftingui.cs in SourceAssetDB has modification time of '2026-02-18T01:06:02.1993851Z' while content on disk has modification time of '2026-02-18T01:06:08.3502784Z'
Number of updated asset objects reloaded before import = 0Number of asset objects unloaded after import = 0

========================================================================
Received Import Request.
  Time since last request: 0.000014 seconds.
  path: Assets/Scripts/Inventory/Crafting/CraftingUI.cs
  artifactKey: Guid(f7b601b8b4b700d46aa083ff8f62b2f9) Importer(815301076,1909f56bfc062723c751e8b465ee728b)
Start importing Assets/Scripts/Inventory/Crafting/CraftingUI.cs using Guid(f7b601b8b4b700d46aa083ff8f62b2f9) Importer(815301076,1909f56bfc062723c751e8b465ee728b) (PreviewImporter) -> (artifact id: '00000000000000000000000000000000') in 0.0004866 seconds
Import Error Code:(4)
Message: Build asset version error: assets/scripts/inventory/crafting/craftingui.cs in SourceAssetDB has modification time of '2026-02-18T01:06:02.1993851Z' while content on disk has modification time of '2026-02-18T01:06:08.3502784Z'
  ERROR: Build asset version error: assets/scripts/inventory/crafting/craftingui.cs in SourceAssetDB has modification time of '2026-02-18T01:06:02.1993851Z' while content on disk has modification time of '2026-02-18T01:06:08.3502784Z'
Number of updated asset objects reloaded before import = 0Number of asset objects unloaded after import = 0

========================================================================
Received Import Request.
  Time since last request: 0.000013 seconds.
  path: Assets/Scripts/Inventory/Crafting/CraftingUI.cs
  artifactKey: Guid(f7b601b8b4b700d46aa083ff8f62b2f9) Importer(815301076,1909f56bfc062723c751e8b465ee728b)
Start importing Assets/Scripts/Inventory/Crafting/CraftingUI.cs using Guid(f7b601b8b4b700d46aa083ff8f62b2f9) Importer(815301076,1909f56bfc062723c751e8b465ee728b) (PreviewImporter) -> (artifact id: '00000000000000000000000000000000') in 0.0005184 seconds
Import Error Code:(4)
Message: Build asset version error: assets/scripts/inventory/crafting/craftingui.cs in SourceAssetDB has modification time of '2026-02-18T01:06:02.1993851Z' while content on disk has modification time of '2026-02-18T01:06:08.3502784Z'
  ERROR: Build asset version error: assets/scripts/inventory/crafting/craftingui.cs in SourceAssetDB has modification time of '2026-02-18T01:06:02.1993851Z' while content on disk has modification time of '2026-02-18T01:06:08.3502784Z'
Number of updated asset objects reloaded before import = 0Number of asset objects unloaded after import = 0

========================================================================
Received Import Request.
  Time since last request: 0.000013 seconds.
  path: Assets/Scripts/Inventory/Crafting/CraftingUI.cs
  artifactKey: Guid(f7b601b8b4b700d46aa083ff8f62b2f9) Importer(815301076,1909f56bfc062723c751e8b465ee728b)
Start importing Assets/Scripts/Inventory/Crafting/CraftingUI.cs using Guid(f7b601b8b4b700d46aa083ff8f62b2f9) Importer(815301076,1909f56bfc062723c751e8b465ee728b) (PreviewImporter) -> (artifact id: '00000000000000000000000000000000') in 0.0004713 seconds
Import Error Code:(4)
Message: Build asset version error: assets/scripts/inventory/crafting/craftingui.cs in SourceAssetDB has modification time of '2026-02-18T01:06:02.1993851Z' while content on disk has modification time of '2026-02-18T01:06:08.3502784Z'
  ERROR: Build asset version error: assets/scripts/inventory/crafting/craftingui.cs in SourceAssetDB has modification time of '2026-02-18T01:06:02.1993851Z' while content on disk has modification time of '2026-02-18T01:06:08.3502784Z'
Number of updated asset objects reloaded before import = 0Number of asset objects unloaded after import = 0

========================================================================
Received Import Request.
  Time since last request: 0.000014 seconds.
  path: Assets/Scripts/Inventory/Crafting/CraftingUI.cs
  artifactKey: Guid(f7b601b8b4b700d46aa083ff8f62b2f9) Importer(815301076,1909f56bfc062723c751e8b465ee728b)
Start importing Assets/Scripts/Inventory/Crafting/CraftingUI.cs using Guid(f7b601b8b4b700d46aa083ff8f62b2f9) Importer(815301076,1909f56bfc062723c751e8b465ee728b) (PreviewImporter) -> (artifact id: '00000000000000000000000000000000') in 0.0005113 seconds
Import Error Code:(4)
Message: Build asset version error: assets/scripts/inventory/crafting/craftingui.cs in SourceAssetDB has modification time of '2026-02-18T01:06:02.1993851Z' while content on disk has modification time of '2026-02-18T01:06:08.3502784Z'
  ERROR: Build asset version error: assets/scripts/inventory/crafting/craftingui.cs in SourceAssetDB has modification time of '2026-02-18T01:06:02.1993851Z' while content on disk has modification time of '2026-02-18T01:06:08.3502784Z'
Number of updated asset objects reloaded before import = 0Number of asset objects unloaded after import = 0

========================================================================
Received Import Request.
  Time since last request: 0.000015 seconds.
  path: Assets/Scripts/Inventory/Crafting/CraftingUI.cs
  artifactKey: Guid(f7b601b8b4b700d46aa083ff8f62b2f9) Importer(815301076,1909f56bfc062723c751e8b465ee728b)
Start importing Assets/Scripts/Inventory/Crafting/CraftingUI.cs using Guid(f7b601b8b4b700d46aa083ff8f62b2f9) Importer(815301076,1909f56bfc062723c751e8b465ee728b) (PreviewImporter) -> (artifact id: '00000000000000000000000000000000') in 0.0005333 seconds
Import Error Code:(4)
Message: Build asset version error: assets/scripts/inventory/crafting/craftingui.cs in SourceAssetDB has modification time of '2026-02-18T01:06:02.1993851Z' while content on disk has modification time of '2026-02-18T01:06:08.3502784Z'
  ERROR: Build asset version error: assets/scripts/inventory/crafting/craftingui.cs in SourceAssetDB has modification time of '2026-02-18T01:06:02.1993851Z' while content on disk has modification time of '2026-02-18T01:06:08.3502784Z'
Number of updated asset objects reloaded before import = 0Number of asset objects unloaded after import = 0

========================================================================
Received Import Request.
  Time since last request: 0.000014 seconds.
  path: Assets/Scripts/Inventory/Crafting/CraftingUI.cs
  artifactKey: Guid(f7b601b8b4b700d46aa083ff8f62b2f9) Importer(815301076,1909f56bfc062723c751e8b465ee728b)
Start importing Assets/Scripts/Inventory/Crafting/CraftingUI.cs using Guid(f7b601b8b4b700d46aa083ff8f62b2f9) Importer(815301076,1909f56bfc062723c751e8b465ee728b) (PreviewImporter) -> (artifact id: '00000000000000000000000000000000') in 0.0004628 seconds
Import Error Code:(4)
Message: Build asset version error: assets/scripts/inventory/crafting/craftingui.cs in SourceAssetDB has modification time of '2026-02-18T01:06:02.1993851Z' while content on disk has modification time of '2026-02-18T01:06:08.3502784Z'
  ERROR: Build asset version error: assets/scripts/inventory/crafting/craftingui.cs in SourceAssetDB has modification time of '2026-02-18T01:06:02.1993851Z' while content on disk has modification time of '2026-02-18T01:06:08.3502784Z'
Number of updated asset objects reloaded before import = 0Number of asset objects unloaded after import = 0

========================================================================
Received Import Request.
  Time since last request: 0.000029 seconds.
  path: Assets/Scripts/Inventory/Crafting/CraftingUI.cs
  artifactKey: Guid(f7b601b8b4b700d46aa083ff8f62b2f9) Importer(815301076,1909f56bfc062723c751e8b465ee728b)
Start importing Assets/Scripts/Inventory/Crafting/CraftingUI.cs using Guid(f7b601b8b4b700d46aa083ff8f62b2f9) Importer(815301076,1909f56bfc062723c751e8b465ee728b) (PreviewImporter) -> (artifact id: '00000000000000000000000000000000') in 0.0004574 seconds
Import Error Code:(4)
Message: Build asset version error: assets/scripts/inventory/crafting/craftingui.cs in SourceAssetDB has modification time of '2026-02-18T01:06:02.1993851Z' while content on disk has modification time of '2026-02-18T01:06:08.3502784Z'
  ERROR: Build asset version error: assets/scripts/inventory/crafting/craftingui.cs in SourceAssetDB has modification time of '2026-02-18T01:06:02.1993851Z' while content on disk has modification time of '2026-02-18T01:06:08.3502784Z'
Number of updated asset objects reloaded before import = 0Number of asset objects unloaded after import = 0

========================================================================
Received Import Request.
  Time since last request: 0.000022 seconds.
  path: Assets/Scripts/Inventory/Crafting/CraftingUI.cs
  artifactKey: Guid(f7b601b8b4b700d46aa083ff8f62b2f9) Importer(815301076,1909f56bfc062723c751e8b465ee728b)
Start importing Assets/Scripts/Inventory/Crafting/CraftingUI.cs using Guid(f7b601b8b4b700d46aa083ff8f62b2f9) Importer(815301076,1909f56bfc062723c751e8b465ee728b) (PreviewImporter) -> (artifact id: '00000000000000000000000000000000') in 0.0004631 seconds
Import Error Code:(4)
Message: Build asset version error: assets/scripts/inventory/crafting/craftingui.cs in SourceAssetDB has modification time of '2026-02-18T01:06:02.1993851Z' while content on disk has modification time of '2026-02-18T01:06:08.3502784Z'
  ERROR: Build asset version error: assets/scripts/inventory/crafting/craftingui.cs in SourceAssetDB has modification time of '2026-02-18T01:06:02.1993851Z' while content on disk has modification time of '2026-02-18T01:06:08.3502784Z'
Number of updated asset objects reloaded before import = 0Number of asset objects unloaded after import = 0

========================================================================
Received Import Request.
  Time since last request: 0.000013 seconds.
  path: Assets/Scripts/Inventory/Crafting/CraftingUI.cs
  artifactKey: Guid(f7b601b8b4b700d46aa083ff8f62b2f9) Importer(815301076,1909f56bfc062723c751e8b465ee728b)
Start importing Assets/Scripts/Inventory/Crafting/CraftingUI.cs using Guid(f7b601b8b4b700d46aa083ff8f62b2f9) Importer(815301076,1909f56bfc062723c751e8b465ee728b) (PreviewImporter) -> (artifact id: '00000000000000000000000000000000') in 0.0004743 seconds
Import Error Code:(4)
Message: Build asset version error: assets/scripts/inventory/crafting/craftingui.cs in SourceAssetDB has modification time of '2026-02-18T01:06:02.1993851Z' while content on disk has modification time of '2026-02-18T01:06:08.3502784Z'
  ERROR: Build asset version error: assets/scripts/inventory/crafting/craftingui.cs in SourceAssetDB has modification time of '2026-02-18T01:06:02.1993851Z' while content on disk has modification time of '2026-02-18T01:06:08.3502784Z'
Number of updated asset objects reloaded before import = 0Number of asset objects unloaded after import = 0

========================================================================
Received Import Request.
  Time since last request: 0.000014 seconds.
  path: Assets/Scripts/Inventory/Crafting/CraftingUI.cs
  artifactKey: Guid(f7b601b8b4b700d46aa083ff8f62b2f9) Importer(815301076,1909f56bfc062723c751e8b465ee728b)
Start importing Assets/Scripts/Inventory/Crafting/CraftingUI.cs using Guid(f7b601b8b4b700d46aa083ff8f62b2f9) Importer(815301076,1909f56bfc062723c751e8b465ee728b) (PreviewImporter) -> (artifact id: '00000000000000000000000000000000') in 0.0004774 seconds
Import Error Code:(4)
Message: Build asset version error: assets/scripts/inventory/crafting/craftingui.cs in SourceAssetDB has modification time of '2026-02-18T01:06:02.1993851Z' while content on disk has modification time of '2026-02-18T01:06:08.3502784Z'
  ERROR: Build asset version error: assets/scripts/inventory/crafting/craftingui.cs in SourceAssetDB has modification time of '2026-02-18T01:06:02.1993851Z' while content on disk has modification time of '2026-02-18T01:06:08.3502784Z'
Number of updated asset objects reloaded before import = 0Number of asset objects unloaded after import = 0

========================================================================
Received Import Request.
  Time since last request: 0.000015 seconds.
  path: Assets/Scripts/Inventory/Crafting/CraftingUI.cs
  artifactKey: Guid(f7b601b8b4b700d46aa083ff8f62b2f9) Importer(815301076,1909f56bfc062723c751e8b465ee728b)
Start importing Assets/Scripts/Inventory/Crafting/CraftingUI.cs using Guid(f7b601b8b4b700d46aa083ff8f62b2f9) Importer(815301076,1909f56bfc062723c751e8b465ee728b) (PreviewImporter) -> (artifact id: '00000000000000000000000000000000') in 0.0006389 seconds
Import Error Code:(4)
Message: Build asset version error: assets/scripts/inventory/crafting/craftingui.cs in SourceAssetDB has modification time of '2026-02-18T01:06:02.1993851Z' while content on disk has modification time of '2026-02-18T01:06:08.3502784Z'
  ERROR: Build asset version error: assets/scripts/inventory/crafting/craftingui.cs in SourceAssetDB has modification time of '2026-02-18T01:06:02.1993851Z' while content on disk has modification time of '2026-02-18T01:06:08.3502784Z'
Number of updated asset objects reloaded before import = 0Number of asset objects unloaded after import = 0

========================================================================
Received Import Request.
  Time since last request: 0.000015 seconds.
  path: Assets/Scripts/Inventory/Crafting/CraftingUI.cs
  artifactKey: Guid(f7b601b8b4b700d46aa083ff8f62b2f9) Importer(815301076,1909f56bfc062723c751e8b465ee728b)
Start importing Assets/Scripts/Inventory/Crafting/CraftingUI.cs using Guid(f7b601b8b4b700d46aa083ff8f62b2f9) Importer(815301076,1909f56bfc062723c751e8b465ee728b) (PreviewImporter) -> (artifact id: '00000000000000000000000000000000') in 0.0004726 seconds
Import Error Code:(4)
Message: Build asset version error: assets/scripts/inventory/crafting/craftingui.cs in SourceAssetDB has modification time of '2026-02-18T01:06:02.1993851Z' while content on disk has modification time of '2026-02-18T01:06:08.3502784Z'
  ERROR: Build asset version error: assets/scripts/inventory/crafting/craftingui.cs in SourceAssetDB has modification time of '2026-02-18T01:06:02.1993851Z' while content on disk has modification time of '2026-02-18T01:06:08.3502784Z'
Number of updated asset objects reloaded before import = 0Number of asset objects unloaded after import = 0

========================================================================
Received Import Request.
  Time since last request: 0.000013 seconds.
  path: Assets/Scripts/Inventory/Crafting/CraftingUI.cs
  artifactKey: Guid(f7b601b8b4b700d46aa083ff8f62b2f9) Importer(815301076,1909f56bfc062723c751e8b465ee728b)
Start importing Assets/Scripts/Inventory/Crafting/CraftingUI.cs using Guid(f7b601b8b4b700d46aa083ff8f62b2f9) Importer(815301076,1909f56bfc062723c751e8b465ee728b) (PreviewImporter) -> (artifact id: '00000000000000000000000000000000') in 0.0004773 seconds
Import Error Code:(4)
Message: Build asset version error: assets/scripts/inventory/crafting/craftingui.cs in SourceAssetDB has modification time of '2026-02-18T01:06:02.1993851Z' while content on disk has modification time of '2026-02-18T01:06:08.3502784Z'
  ERROR: Build asset version error: assets/scripts/inventory/crafting/craftingui.cs in SourceAssetDB has modification time of '2026-02-18T01:06:02.1993851Z' while content on disk has modification time of '2026-02-18T01:06:08.3502784Z'
Number of updated asset objects reloaded before import = 0Number of asset objects unloaded after import = 0

========================================================================
Received Import Request.
  Time since last request: 0.000015 seconds.
  path: Assets/Scripts/Inventory/Crafting/CraftingUI.cs
  artifactKey: Guid(f7b601b8b4b700d46aa083ff8f62b2f9) Importer(815301076,1909f56bfc062723c751e8b465ee728b)
Start importing Assets/Scripts/Inventory/Crafting/CraftingUI.cs using Guid(f7b601b8b4b700d46aa083ff8f62b2f9) Importer(815301076,1909f56bfc062723c751e8b465ee728b) (PreviewImporter) -> (artifact id: '00000000000000000000000000000000') in 0.0004426 seconds
Import Error Code:(4)
Message: Build asset version error: assets/scripts/inventory/crafting/craftingui.cs in SourceAssetDB has modification time of '2026-02-18T01:06:02.1993851Z' while content on disk has modification time of '2026-02-18T01:06:08.3502784Z'
  ERROR: Build asset version error: assets/scripts/inventory/crafting/craftingui.cs in SourceAssetDB has modification time of '2026-02-18T01:06:02.1993851Z' while content on disk has modification time of '2026-02-18T01:06:08.3502784Z'
Number of updated asset objects reloaded before import = 0Number of asset objects unloaded after import = 0

========================================================================
Received Import Request.
  Time since last request: 0.000013 seconds.
  path: Assets/Scripts/Inventory/Crafting/CraftingUI.cs
  artifactKey: Guid(f7b601b8b4b700d46aa083ff8f62b2f9) Importer(815301076,1909f56bfc062723c751e8b465ee728b)
Start importing Assets/Scripts/Inventory/Crafting/CraftingUI.cs using Guid(f7b601b8b4b700d46aa083ff8f62b2f9) Importer(815301076,1909f56bfc062723c751e8b465ee728b) (PreviewImporter) -> (artifact id: '00000000000000000000000000000000') in 0.0004429 seconds
Import Error Code:(4)
Message: Build asset version error: assets/scripts/inventory/crafting/craftingui.cs in SourceAssetDB has modification time of '2026-02-18T01:06:02.1993851Z' while content on disk has modification time of '2026-02-18T01:06:08.3502784Z'
  ERROR: Build asset version error: assets/scripts/inventory/crafting/craftingui.cs in SourceAssetDB has modification time of '2026-02-18T01:06:02.1993851Z' while content on disk has modification time of '2026-02-18T01:06:08.3502784Z'
Number of updated asset objects reloaded before import = 0Number of asset objects unloaded after import = 0

========================================================================
Received Import Request.
  Time since last request: 0.000027 seconds.
  path: Assets/Scripts/Inventory/Crafting/CraftingUI.cs
  artifactKey: Guid(f7b601b8b4b700d46aa083ff8f62b2f9) Importer(815301076,1909f56bfc062723c751e8b465ee728b)
Start importing Assets/Scripts/Inventory/Crafting/CraftingUI.cs using Guid(f7b601b8b4b700d46aa083ff8f62b2f9) Importer(815301076,1909f56bfc062723c751e8b465ee728b) (PreviewImporter) -> (artifact id: '00000000000000000000000000000000') in 0.0004361 seconds
Import Error Code:(4)
Message: Build asset version error: assets/scripts/inventory/crafting/craftingui.cs in SourceAssetDB has modification time of '2026-02-18T01:06:02.1993851Z' while content on disk has modification time of '2026-02-18T01:06:08.3502784Z'
  ERROR: Build asset version error: assets/scripts/inventory/crafting/craftingui.cs in SourceAssetDB has modification time of '2026-02-18T01:06:02.1993851Z' while content on disk has modification time of '2026-02-18T01:06:08.3502784Z'
Number of updated asset objects reloaded before import = 0Number of asset objects unloaded after import = 0

========================================================================
Received Import Request.
  Time since last request: 0.000013 seconds.
  path: Assets/Scripts/Inventory/Crafting/CraftingUI.cs
  artifactKey: Guid(f7b601b8b4b700d46aa083ff8f62b2f9) Importer(815301076,1909f56bfc062723c751e8b465ee728b)
Start importing Assets/Scripts/Inventory/Crafting/CraftingUI.cs using Guid(f7b601b8b4b700d46aa083ff8f62b2f9) Importer(815301076,1909f56bfc062723c751e8b465ee728b) (PreviewImporter) -> (artifact id: '00000000000000000000000000000000') in 0.0004802 seconds
Import Error Code:(4)
Message: Build asset version error: assets/scripts/inventory/crafting/craftingui.cs in SourceAssetDB has modification time of '2026-02-18T01:06:02.1993851Z' while content on disk has modification time of '2026-02-18T01:06:08.3502784Z'
  ERROR: Build asset version error: assets/scripts/inventory/crafting/craftingui.cs in SourceAssetDB has modification time of '2026-02-18T01:06:02.1993851Z' while content on disk has modification time of '2026-02-18T01:06:08.3502784Z'
Number of updated asset objects reloaded before import = 0Number of asset objects unloaded after import = 0

========================================================================
Received Import Request.
  Time since last request: 0.000050 seconds.
  path: Assets/Scripts/Inventory/Crafting/CraftingUI.cs
  artifactKey: Guid(f7b601b8b4b700d46aa083ff8f62b2f9) Importer(815301076,1909f56bfc062723c751e8b465ee728b)
Start importing Assets/Scripts/Inventory/Crafting/CraftingUI.cs using Guid(f7b601b8b4b700d46aa083ff8f62b2f9) Importer(815301076,1909f56bfc062723c751e8b465ee728b) (PreviewImporter) -> (artifact id: '00000000000000000000000000000000') in 0.0004772 seconds
Import Error Code:(4)
Message: Build asset version error: assets/scripts/inventory/crafting/craftingui.cs in SourceAssetDB has modification time of '2026-02-18T01:06:02.1993851Z' while content on disk has modification time of '2026-02-18T01:06:08.3502784Z'
  ERROR: Build asset version error: assets/scripts/inventory/crafting/craftingui.cs in SourceAssetDB has modification time of '2026-02-18T01:06:02.1993851Z' while content on disk has modification time of '2026-02-18T01:06:08.3502784Z'
Number of updated asset objects reloaded before import = 0Number of asset objects unloaded after import = 0

========================================================================
Received Import Request.
  Time since last request: 0.000021 seconds.
  path: Assets/Scripts/Inventory/Crafting/CraftingUI.cs
  artifactKey: Guid(f7b601b8b4b700d46aa083ff8f62b2f9) Importer(815301076,1909f56bfc062723c751e8b465ee728b)
Start importing Assets/Scripts/Inventory/Crafting/CraftingUI.cs using Guid(f7b601b8b4b700d46aa083ff8f62b2f9) Importer(815301076,1909f56bfc062723c751e8b465ee728b) (PreviewImporter) -> (artifact id: '00000000000000000000000000000000') in 0.0004793 seconds
Import Error Code:(4)
Message: Build asset version error: assets/scripts/inventory/crafting/craftingui.cs in SourceAssetDB has modification time of '2026-02-18T01:06:02.1993851Z' while content on disk has modification time of '2026-02-18T01:06:08.3502784Z'
  ERROR: Build asset version error: assets/scripts/inventory/crafting/craftingui.cs in SourceAssetDB has modification time of '2026-02-18T01:06:02.1993851Z' while content on disk has modification time of '2026-02-18T01:06:08.3502784Z'
Number of updated asset objects reloaded before import = 0Number of asset objects unloaded after import = 0

========================================================================
Received Import Request.
  Time since last request: 0.000017 seconds.
  path: Assets/Scripts/Inventory/Crafting/CraftingUI.cs
  artifactKey: Guid(f7b601b8b4b700d46aa083ff8f62b2f9) Importer(815301076,1909f56bfc062723c751e8b465ee728b)
Start importing Assets/Scripts/Inventory/Crafting/CraftingUI.cs using Guid(f7b601b8b4b700d46aa083ff8f62b2f9) Importer(815301076,1909f56bfc062723c751e8b465ee728b) (PreviewImporter) -> (artifact id: '00000000000000000000000000000000') in 0.0006144 seconds
Import Error Code:(4)
Message: Build asset version error: assets/scripts/inventory/crafting/craftingui.cs in SourceAssetDB has modification time of '2026-02-18T01:06:02.1993851Z' while content on disk has modification time of '2026-02-18T01:06:08.3502784Z'
  ERROR: Build asset version error: assets/scripts/inventory/crafting/craftingui.cs in SourceAssetDB has modification time of '2026-02-18T01:06:02.1993851Z' while content on disk has modification time of '2026-02-18T01:06:08.3502784Z'
Number of updated asset objects reloaded before import = 0Number of asset objects unloaded after import = 0

========================================================================
Received Import Request.
  Time since last request: 0.000021 seconds.
  path: Assets/Scripts/Inventory/Crafting/CraftingUI.cs
  artifactKey: Guid(f7b601b8b4b700d46aa083ff8f62b2f9) Importer(815301076,1909f56bfc062723c751e8b465ee728b)
Start importing Assets/Scripts/Inventory/Crafting/CraftingUI.cs using Guid(f7b601b8b4b700d46aa083ff8f62b2f9) Importer(815301076,1909f56bfc062723c751e8b465ee728b) (PreviewImporter) -> (artifact id: '00000000000000000000000000000000') in 0.0007063 seconds
Import Error Code:(4)
Message: Build asset version error: assets/scripts/inventory/crafting/craftingui.cs in SourceAssetDB has modification time of '2026-02-18T01:06:02.1993851Z' while content on disk has modification time of '2026-02-18T01:06:08.3502784Z'
  ERROR: Build asset version error: assets/scripts/inventory/crafting/craftingui.cs in SourceAssetDB has modification time of '2026-02-18T01:06:02.1993851Z' while content on disk has modification time of '2026-02-18T01:06:08.3502784Z'
Number of updated asset objects reloaded before import = 0Number of asset objects unloaded after import = 0

========================================================================
Received Import Request.
  Time since last request: 0.000019 seconds.
  path: Assets/Scripts/Inventory/Crafting/CraftingUI.cs
  artifactKey: Guid(f7b601b8b4b700d46aa083ff8f62b2f9) Importer(815301076,1909f56bfc062723c751e8b465ee728b)
Start importing Assets/Scripts/Inventory/Crafting/CraftingUI.cs using Guid(f7b601b8b4b700d46aa083ff8f62b2f9) Importer(815301076,1909f56bfc062723c751e8b465ee728b) (PreviewImporter) -> (artifact id: '00000000000000000000000000000000') in 0.0006184 seconds
Import Error Code:(4)
Message: Build asset version error: assets/scripts/inventory/crafting/craftingui.cs in SourceAssetDB has modification time of '2026-02-18T01:06:02.1993851Z' while content on disk has modification time of '2026-02-18T01:06:08.3502784Z'
  ERROR: Build asset version error: assets/scripts/inventory/crafting/craftingui.cs in SourceAssetDB has modification time of '2026-02-18T01:06:02.1993851Z' while content on disk has modification time of '2026-02-18T01:06:08.3502784Z'
Number of updated asset objects reloaded before import = 0Number of asset objects unloaded after import = 0

========================================================================
Received Import Request.
  Time since last request: 0.000015 seconds.
  path: Assets/Scripts/Inventory/Crafting/CraftingUI.cs
  artifactKey: Guid(f7b601b8b4b700d46aa083ff8f62b2f9) Importer(815301076,1909f56bfc062723c751e8b465ee728b)
Start importing Assets/Scripts/Inventory/Crafting/CraftingUI.cs using Guid(f7b601b8b4b700d46aa083ff8f62b2f9) Importer(815301076,1909f56bfc062723c751e8b465ee728b) (PreviewImporter) -> (artifact id: '00000000000000000000000000000000') in 0.0006985 seconds
Import Error Code:(4)
Message: Build asset version error: assets/scripts/inventory/crafting/craftingui.cs in SourceAssetDB has modification time of '2026-02-18T01:06:02.1993851Z' while content on disk has modification time of '2026-02-18T01:06:08.3502784Z'
  ERROR: Build asset version error: assets/scripts/inventory/crafting/craftingui.cs in SourceAssetDB has modification time of '2026-02-18T01:06:02.1993851Z' while content on disk has modification time of '2026-02-18T01:06:08.3502784Z'
Number of updated asset objects reloaded before import = 0Number of asset objects unloaded after import = 0

========================================================================
Received Import Request.
  Time since last request: 0.000019 seconds.
  path: Assets/Scripts/Inventory/Crafting/CraftingUI.cs
  artifactKey: Guid(f7b601b8b4b700d46aa083ff8f62b2f9) Importer(815301076,1909f56bfc062723c751e8b465ee728b)
Start importing Assets/Scripts/Inventory/Crafting/CraftingUI.cs using Guid(f7b601b8b4b700d46aa083ff8f62b2f9) Importer(815301076,1909f56bfc062723c751e8b465ee728b) (PreviewImporter) -> (artifact id: '00000000000000000000000000000000') in 0.0006935 seconds
Import Error Code:(4)
Message: Build asset version error: assets/scripts/inventory/crafting/craftingui.cs in SourceAssetDB has modification time of '2026-02-18T01:06:02.1993851Z' while content on disk has modification time of '2026-02-18T01:06:08.3502784Z'
  ERROR: Build asset version error: assets/scripts/inventory/crafting/craftingui.cs in SourceAssetDB has modification time of '2026-02-18T01:06:02.1993851Z' while content on disk has modification time of '2026-02-18T01:06:08.3502784Z'
Number of updated asset objects reloaded before import = 0Number of asset objects unloaded after import = 0

========================================================================
Received Import Request.
  Time since last request: 0.000019 seconds.
  path: Assets/Scripts/Inventory/Crafting/CraftingUI.cs
  artifactKey: Guid(f7b601b8b4b700d46aa083ff8f62b2f9) Importer(815301076,1909f56bfc062723c751e8b465ee728b)
Start importing Assets/Scripts/Inventory/Crafting/CraftingUI.cs using Guid(f7b601b8b4b700d46aa083ff8f62b2f9) Importer(815301076,1909f56bfc062723c751e8b465ee728b) (PreviewImporter) -> (artifact id: '00000000000000000000000000000000') in 0.0004779 seconds
Import Error Code:(4)
Message: Build asset version error: assets/scripts/inventory/crafting/craftingui.cs in SourceAssetDB has modification time of '2026-02-18T01:06:02.1993851Z' while content on disk has modification time of '2026-02-18T01:06:08.3502784Z'
  ERROR: Build asset version error: assets/scripts/inventory/crafting/craftingui.cs in SourceAssetDB has modification time of '2026-02-18T01:06:02.1993851Z' while content on disk has modification time of '2026-02-18T01:06:08.3502784Z'
Number of updated asset objects reloaded before import = 0Number of asset objects unloaded after import = 0

========================================================================
Received Import Request.
  Time since last request: 0.000013 seconds.
  path: Assets/Scripts/Inventory/Crafting/CraftingUI.cs
  artifactKey: Guid(f7b601b8b4b700d46aa083ff8f62b2f9) Importer(815301076,1909f56bfc062723c751e8b465ee728b)
Start importing Assets/Scripts/Inventory/Crafting/CraftingUI.cs using Guid(f7b601b8b4b700d46aa083ff8f62b2f9) Importer(815301076,1909f56bfc062723c751e8b465ee728b) (PreviewImporter) -> (artifact id: '00000000000000000000000000000000') in 0.0004636 seconds
Import Error Code:(4)
Message: Build asset version error: assets/scripts/inventory/crafting/craftingui.cs in SourceAssetDB has modification time of '2026-02-18T01:06:02.1993851Z' while content on disk has modification time of '2026-02-18T01:06:08.3502784Z'
  ERROR: Build asset version error: assets/scripts/inventory/crafting/craftingui.cs in SourceAssetDB has modification time of '2026-02-18T01:06:02.1993851Z' while content on disk has modification time of '2026-02-18T01:06:08.3502784Z'
Number of updated asset objects reloaded before import = 0Number of asset objects unloaded after import = 0

========================================================================
Received Import Request.
  Time since last request: 0.000016 seconds.
  path: Assets/Scripts/Inventory/Crafting/CraftingUI.cs
  artifactKey: Guid(f7b601b8b4b700d46aa083ff8f62b2f9) Importer(815301076,1909f56bfc062723c751e8b465ee728b)
Start importing Assets/Scripts/Inventory/Crafting/CraftingUI.cs using Guid(f7b601b8b4b700d46aa083ff8f62b2f9) Importer(815301076,1909f56bfc062723c751e8b465ee728b) (PreviewImporter) -> (artifact id: '00000000000000000000000000000000') in 0.0004739 seconds
Import Error Code:(4)
Message: Build asset version error: assets/scripts/inventory/crafting/craftingui.cs in SourceAssetDB has modification time of '2026-02-18T01:06:02.1993851Z' while content on disk has modification time of '2026-02-18T01:06:08.3502784Z'
  ERROR: Build asset version error: assets/scripts/inventory/crafting/craftingui.cs in SourceAssetDB has modification time of '2026-02-18T01:06:02.1993851Z' while content on disk has modification time of '2026-02-18T01:06:08.3502784Z'
Number of updated asset objects reloaded before import = 0Number of asset objects unloaded after import = 0

========================================================================
Received Import Request.
  Time since last request: 0.000023 seconds.
  path: Assets/Scripts/Inventory/Crafting/CraftingUI.cs
  artifactKey: Guid(f7b601b8b4b700d46aa083ff8f62b2f9) Importer(815301076,1909f56bfc062723c751e8b465ee728b)
Start importing Assets/Scripts/Inventory/Crafting/CraftingUI.cs using Guid(f7b601b8b4b700d46aa083ff8f62b2f9) Importer(815301076,1909f56bfc062723c751e8b465ee728b) (PreviewImporter) -> (artifact id: '00000000000000000000000000000000') in 0.000452 seconds
Import Error Code:(4)
Message: Build asset version error: assets/scripts/inventory/crafting/craftingui.cs in SourceAssetDB has modification time of '2026-02-18T01:06:02.1993851Z' while content on disk has modification time of '2026-02-18T01:06:08.3502784Z'
  ERROR: Build asset version error: assets/scripts/inventory/crafting/craftingui.cs in SourceAssetDB has modification time of '2026-02-18T01:06:02.1993851Z' while content on disk has modification time of '2026-02-18T01:06:08.3502784Z'
Number of updated asset objects reloaded before import = 0Number of asset objects unloaded after import = 0

========================================================================
Received Import Request.
  Time since last request: 0.000014 seconds.
  path: Assets/Scripts/Inventory/Crafting/CraftingUI.cs
  artifactKey: Guid(f7b601b8b4b700d46aa083ff8f62b2f9) Importer(815301076,1909f56bfc062723c751e8b465ee728b)
Start importing Assets/Scripts/Inventory/Crafting/CraftingUI.cs using Guid(f7b601b8b4b700d46aa083ff8f62b2f9) Importer(815301076,1909f56bfc062723c751e8b465ee728b) (PreviewImporter) -> (artifact id: '00000000000000000000000000000000') in 0.000454 seconds
Import Error Code:(4)
Message: Build asset version error: assets/scripts/inventory/crafting/craftingui.cs in SourceAssetDB has modification time of '2026-02-18T01:06:02.1993851Z' while content on disk has modification time of '2026-02-18T01:06:08.3502784Z'
  ERROR: Build asset version error: assets/scripts/inventory/crafting/craftingui.cs in SourceAssetDB has modification time of '2026-02-18T01:06:02.1993851Z' while content on disk has modification time of '2026-02-18T01:06:08.3502784Z'
Number of updated asset objects reloaded before import = 0Number of asset objects unloaded after import = 0

========================================================================
Received Import Request.
  Time since last request: 0.000015 seconds.
  path: Assets/Scripts/Inventory/Crafting/CraftingUI.cs
  artifactKey: Guid(f7b601b8b4b700d46aa083ff8f62b2f9) Importer(815301076,1909f56bfc062723c751e8b465ee728b)
Start importing Assets/Scripts/Inventory/Crafting/CraftingUI.cs using Guid(f7b601b8b4b700d46aa083ff8f62b2f9) Importer(815301076,1909f56bfc062723c751e8b465ee728b) (PreviewImporter) -> (artifact id: '00000000000000000000000000000000') in 0.0005242 seconds
Import Error Code:(4)
Message: Build asset version error: assets/scripts/inventory/crafting/craftingui.cs in SourceAssetDB has modification time of '2026-02-18T01:06:02.1993851Z' while content on disk has modification time of '2026-02-18T01:06:08.3502784Z'
  ERROR: Build asset version error: assets/scripts/inventory/crafting/craftingui.cs in SourceAssetDB has modification time of '2026-02-18T01:06:02.1993851Z' while content on disk has modification time of '2026-02-18T01:06:08.3502784Z'
Number of updated asset objects reloaded before import = 0Number of asset objects unloaded after import = 0

========================================================================
Received Import Request.
  Time since last request: 0.000015 seconds.
  path: Assets/Scripts/Inventory/Crafting/CraftingUI.cs
  artifactKey: Guid(f7b601b8b4b700d46aa083ff8f62b2f9) Importer(815301076,1909f56bfc062723c751e8b465ee728b)
Start importing Assets/Scripts/Inventory/Crafting/CraftingUI.cs using Guid(f7b601b8b4b700d46aa083ff8f62b2f9) Importer(815301076,1909f56bfc062723c751e8b465ee728b) (PreviewImporter) -> (artifact id: '00000000000000000000000000000000') in 0.0004634 seconds
Import Error Code:(4)
Message: Build asset version error: assets/scripts/inventory/crafting/craftingui.cs in SourceAssetDB has modification time of '2026-02-18T01:06:02.1993851Z' while content on disk has modification time of '2026-02-18T01:06:08.3502784Z'
  ERROR: Build asset version error: assets/scripts/inventory/crafting/craftingui.cs in SourceAssetDB has modification time of '2026-02-18T01:06:02.1993851Z' while content on disk has modification time of '2026-02-18T01:06:08.3502784Z'
Number of updated asset objects reloaded before import = 0Number of asset objects unloaded after import = 0

========================================================================
Received Import Request.
  Time since last request: 0.000014 seconds.
  path: Assets/Scripts/Inventory/Crafting/CraftingUI.cs
  artifactKey: Guid(f7b601b8b4b700d46aa083ff8f62b2f9) Importer(815301076,1909f56bfc062723c751e8b465ee728b)
Start importing Assets/Scripts/Inventory/Crafting/CraftingUI.cs using Guid(f7b601b8b4b700d46aa083ff8f62b2f9) Importer(815301076,1909f56bfc062723c751e8b465ee728b) (PreviewImporter) -> (artifact id: '00000000000000000000000000000000') in 0.0004395 seconds
Import Error Code:(4)
Message: Build asset version error: assets/scripts/inventory/crafting/craftingui.cs in SourceAssetDB has modification time of '2026-02-18T01:06:02.1993851Z' while content on disk has modification time of '2026-02-18T01:06:08.3502784Z'
  ERROR: Build asset version error: assets/scripts/inventory/crafting/craftingui.cs in SourceAssetDB has modification time of '2026-02-18T01:06:02.1993851Z' while content on disk has modification time of '2026-02-18T01:06:08.3502784Z'
Number of updated asset objects reloaded before import = 0Number of asset objects unloaded after import = 0

========================================================================
Received Import Request.
  Time since last request: 0.000015 seconds.
  path: Assets/Scripts/Inventory/Crafting/CraftingUI.cs
  artifactKey: Guid(f7b601b8b4b700d46aa083ff8f62b2f9) Importer(815301076,1909f56bfc062723c751e8b465ee728b)
Start importing Assets/Scripts/Inventory/Crafting/CraftingUI.cs using Guid(f7b601b8b4b700d46aa083ff8f62b2f9) Importer(815301076,1909f56bfc062723c751e8b465ee728b) (PreviewImporter) -> (artifact id: '00000000000000000000000000000000') in 0.0004322 seconds
Import Error Code:(4)
Message: Build asset version error: assets/scripts/inventory/crafting/craftingui.cs in SourceAssetDB has modification time of '2026-02-18T01:06:02.1993851Z' while content on disk has modification time of '2026-02-18T01:06:08.3502784Z'
  ERROR: Build asset version error: assets/scripts/inventory/crafting/craftingui.cs in SourceAssetDB has modification time of '2026-02-18T01:06:02.1993851Z' while content on disk has modification time of '2026-02-18T01:06:08.3502784Z'
Number of updated asset objects reloaded before import = 0Number of asset objects unloaded after import = 0

========================================================================
Received Import Request.
  Time since last request: 0.000014 seconds.
  path: Assets/Scripts/Inventory/Crafting/CraftingUI.cs
  artifactKey: Guid(f7b601b8b4b700d46aa083ff8f62b2f9) Importer(815301076,1909f56bfc062723c751e8b465ee728b)
Start importing Assets/Scripts/Inventory/Crafting/CraftingUI.cs using Guid(f7b601b8b4b700d46aa083ff8f62b2f9) Importer(815301076,1909f56bfc062723c751e8b465ee728b) (PreviewImporter) -> (artifact id: '00000000000000000000000000000000') in 0.0004775 seconds
Import Error Code:(4)
Message: Build asset version error: assets/scripts/inventory/crafting/craftingui.cs in SourceAssetDB has modification time of '2026-02-18T01:06:02.1993851Z' while content on disk has modification time of '2026-02-18T01:06:08.3502784Z'
  ERROR: Build asset version error: assets/scripts/inventory/crafting/craftingui.cs in SourceAssetDB has modification time of '2026-02-18T01:06:02.1993851Z' while content on disk has modification time of '2026-02-18T01:06:08.3502784Z'
Number of updated asset objects reloaded before import = 0Number of asset objects unloaded after import = 0

========================================================================
Received Import Request.
  Time since last request: 0.000019 seconds.
  path: Assets/Scripts/Inventory/Crafting/CraftingUI.cs
  artifactKey: Guid(f7b601b8b4b700d46aa083ff8f62b2f9) Importer(815301076,1909f56bfc062723c751e8b465ee728b)
Start importing Assets/Scripts/Inventory/Crafting/CraftingUI.cs using Guid(f7b601b8b4b700d46aa083ff8f62b2f9) Importer(815301076,1909f56bfc062723c751e8b465ee728b) (PreviewImporter) -> (artifact id: '00000000000000000000000000000000') in 0.0005887 seconds
Import Error Code:(4)
Message: Build asset version error: assets/scripts/inventory/crafting/craftingui.cs in SourceAssetDB has modification time of '2026-02-18T01:06:02.1993851Z' while content on disk has modification time of '2026-02-18T01:06:08.3502784Z'
  ERROR: Build asset version error: assets/scripts/inventory/crafting/craftingui.cs in SourceAssetDB has modification time of '2026-02-18T01:06:02.1993851Z' while content on disk has modification time of '2026-02-18T01:06:08.3502784Z'
Number of updated asset objects reloaded before import = 0Number of asset objects unloaded after import = 0

========================================================================
Received Import Request.
  Time since last request: 0.000017 seconds.
  path: Assets/Scripts/Inventory/Crafting/CraftingUI.cs
  artifactKey: Guid(f7b601b8b4b700d46aa083ff8f62b2f9) Importer(815301076,1909f56bfc062723c751e8b465ee728b)
Start importing Assets/Scripts/Inventory/Crafting/CraftingUI.cs using Guid(f7b601b8b4b700d46aa083ff8f62b2f9) Importer(815301076,1909f56bfc062723c751e8b465ee728b) (PreviewImporter) -> (artifact id: '00000000000000000000000000000000') in 0.0005461 seconds
Import Error Code:(4)
Message: Build asset version error: assets/scripts/inventory/crafting/craftingui.cs in SourceAssetDB has modification time of '2026-02-18T01:06:02.1993851Z' while content on disk has modification time of '2026-02-18T01:06:08.3502784Z'
  ERROR: Build asset version error: assets/scripts/inventory/crafting/craftingui.cs in SourceAssetDB has modification time of '2026-02-18T01:06:02.1993851Z' while content on disk has modification time of '2026-02-18T01:06:08.3502784Z'
Number of updated asset objects reloaded before import = 0Number of asset objects unloaded after import = 0

========================================================================
Received Import Request.
  Time since last request: 0.000022 seconds.
  path: Assets/Scripts/Inventory/Crafting/CraftingUI.cs
  artifactKey: Guid(f7b601b8b4b700d46aa083ff8f62b2f9) Importer(815301076,1909f56bfc062723c751e8b465ee728b)
Start importing Assets/Scripts/Inventory/Crafting/CraftingUI.cs using Guid(f7b601b8b4b700d46aa083ff8f62b2f9) Importer(815301076,1909f56bfc062723c751e8b465ee728b) (PreviewImporter) -> (artifact id: '00000000000000000000000000000000') in 0.0006486 seconds
Import Error Code:(4)
Message: Build asset version error: assets/scripts/inventory/crafting/craftingui.cs in SourceAssetDB has modification time of '2026-02-18T01:06:02.1993851Z' while content on disk has modification time of '2026-02-18T01:06:08.3502784Z'
  ERROR: Build asset version error: assets/scripts/inventory/crafting/craftingui.cs in SourceAssetDB has modification time of '2026-02-18T01:06:02.1993851Z' while content on disk has modification time of '2026-02-18T01:06:08.3502784Z'
Number of updated asset objects reloaded before import = 0Number of asset objects unloaded after import = 0

========================================================================
Received Import Request.
  Time since last request: 0.000028 seconds.
  path: Assets/Scripts/Inventory/Crafting/CraftingUI.cs
  artifactKey: Guid(f7b601b8b4b700d46aa083ff8f62b2f9) Importer(815301076,1909f56bfc062723c751e8b465ee728b)
Start importing Assets/Scripts/Inventory/Crafting/CraftingUI.cs using Guid(f7b601b8b4b700d46aa083ff8f62b2f9) Importer(815301076,1909f56bfc062723c751e8b465ee728b) (PreviewImporter) -> (artifact id: '00000000000000000000000000000000') in 0.0005802 seconds
Import Error Code:(4)
Message: Build asset version error: assets/scripts/inventory/crafting/craftingui.cs in SourceAssetDB has modification time of '2026-02-18T01:06:02.1993851Z' while content on disk has modification time of '2026-02-18T01:06:08.3502784Z'
  ERROR: Build asset version error: assets/scripts/inventory/crafting/craftingui.cs in SourceAssetDB has modification time of '2026-02-18T01:06:02.1993851Z' while content on disk has modification time of '2026-02-18T01:06:08.3502784Z'
Number of updated asset objects reloaded before import = 0Number of asset objects unloaded after import = 0

========================================================================
Received Import Request.
  Time since last request: 0.000016 seconds.
  path: Assets/Scripts/Inventory/Crafting/CraftingUI.cs
  artifactKey: Guid(f7b601b8b4b700d46aa083ff8f62b2f9) Importer(815301076,1909f56bfc062723c751e8b465ee728b)
Start importing Assets/Scripts/Inventory/Crafting/CraftingUI.cs using Guid(f7b601b8b4b700d46aa083ff8f62b2f9) Importer(815301076,1909f56bfc062723c751e8b465ee728b) (PreviewImporter) -> (artifact id: '00000000000000000000000000000000') in 0.0007014 seconds
Import Error Code:(4)
Message: Build asset version error: assets/scripts/inventory/crafting/craftingui.cs in SourceAssetDB has modification time of '2026-02-18T01:06:02.1993851Z' while content on disk has modification time of '2026-02-18T01:06:08.3502784Z'
  ERROR: Build asset version error: assets/scripts/inventory/crafting/craftingui.cs in SourceAssetDB has modification time of '2026-02-18T01:06:02.1993851Z' while content on disk has modification time of '2026-02-18T01:06:08.3502784Z'
Number of updated asset objects reloaded before import = 0Number of asset objects unloaded after import = 0

========================================================================
Received Import Request.
  Time since last request: 0.000022 seconds.
  path: Assets/Scripts/Inventory/Crafting/CraftingUI.cs
  artifactKey: Guid(f7b601b8b4b700d46aa083ff8f62b2f9) Importer(815301076,1909f56bfc062723c751e8b465ee728b)
Start importing Assets/Scripts/Inventory/Crafting/CraftingUI.cs using Guid(f7b601b8b4b700d46aa083ff8f62b2f9) Importer(815301076,1909f56bfc062723c751e8b465ee728b) (PreviewImporter) -> (artifact id: '00000000000000000000000000000000') in 0.0005501 seconds
Import Error Code:(4)
Message: Build asset version error: assets/scripts/inventory/crafting/craftingui.cs in SourceAssetDB has modification time of '2026-02-18T01:06:02.1993851Z' while content on disk has modification time of '2026-02-18T01:06:08.3502784Z'
  ERROR: Build asset version error: assets/scripts/inventory/crafting/craftingui.cs in SourceAssetDB has modification time of '2026-02-18T01:06:02.1993851Z' while content on disk has modification time of '2026-02-18T01:06:08.3502784Z'
Number of updated asset objects reloaded before import = 0Number of asset objects unloaded after import = 0

========================================================================
Received Import Request.
  Time since last request: 0.000015 seconds.
  path: Assets/Scripts/Inventory/Crafting/CraftingUI.cs
  artifactKey: Guid(f7b601b8b4b700d46aa083ff8f62b2f9) Importer(815301076,1909f56bfc062723c751e8b465ee728b)
Start importing Assets/Scripts/Inventory/Crafting/CraftingUI.cs using Guid(f7b601b8b4b700d46aa083ff8f62b2f9) Importer(815301076,1909f56bfc062723c751e8b465ee728b) (PreviewImporter) -> (artifact id: '00000000000000000000000000000000') in 0.0006965 seconds
Import Error Code:(4)
Message: Build asset version error: assets/scripts/inventory/crafting/craftingui.cs in SourceAssetDB has modification time of '2026-02-18T01:06:02.1993851Z' while content on disk has modification time of '2026-02-18T01:06:08.3502784Z'
  ERROR: Build asset version error: assets/scripts/inventory/crafting/craftingui.cs in SourceAssetDB has modification time of '2026-02-18T01:06:02.1993851Z' while content on disk has modification time of '2026-02-18T01:06:08.3502784Z'
Number of updated asset objects reloaded before import = 0Number of asset objects unloaded after import = 0

========================================================================
Received Import Request.
  Time since last request: 0.000027 seconds.
  path: Assets/Scripts/Inventory/Crafting/CraftingUI.cs
  artifactKey: Guid(f7b601b8b4b700d46aa083ff8f62b2f9) Importer(815301076,1909f56bfc062723c751e8b465ee728b)
Start importing Assets/Scripts/Inventory/Crafting/CraftingUI.cs using Guid(f7b601b8b4b700d46aa083ff8f62b2f9) Importer(815301076,1909f56bfc062723c751e8b465ee728b) (PreviewImporter) -> (artifact id: '00000000000000000000000000000000') in 0.0007799 seconds
Import Error Code:(4)
Message: Build asset version error: assets/scripts/inventory/crafting/craftingui.cs in SourceAssetDB has modification time of '2026-02-18T01:06:02.1993851Z' while content on disk has modification time of '2026-02-18T01:06:08.3502784Z'
  ERROR: Build asset version error: assets/scripts/inventory/crafting/craftingui.cs in SourceAssetDB has modification time of '2026-02-18T01:06:02.1993851Z' while content on disk has modification time of '2026-02-18T01:06:08.3502784Z'
Number of updated asset objects reloaded before import = 0Number of asset objects unloaded after import = 0

========================================================================
Received Import Request.
  Time since last request: 0.000017 seconds.
  path: Assets/Scripts/Inventory/Crafting/CraftingUI.cs
  artifactKey: Guid(f7b601b8b4b700d46aa083ff8f62b2f9) Importer(815301076,1909f56bfc062723c751e8b465ee728b)
Start importing Assets/Scripts/Inventory/Crafting/CraftingUI.cs using Guid(f7b601b8b4b700d46aa083ff8f62b2f9) Importer(815301076,1909f56bfc062723c751e8b465ee728b) (PreviewImporter) -> (artifact id: '00000000000000000000000000000000') in 0.0006659 seconds
Import Error Code:(4)
Message: Build asset version error: assets/scripts/inventory/crafting/craftingui.cs in SourceAssetDB has modification time of '2026-02-18T01:06:02.1993851Z' while content on disk has modification time of '2026-02-18T01:06:08.3502784Z'
  ERROR: Build asset version error: assets/scripts/inventory/crafting/craftingui.cs in SourceAssetDB has modification time of '2026-02-18T01:06:02.1993851Z' while content on disk has modification time of '2026-02-18T01:06:08.3502784Z'
Number of updated asset objects reloaded before import = 0Number of asset objects unloaded after import = 0

========================================================================
Received Import Request.
  Time since last request: 0.000014 seconds.
  path: Assets/Scripts/Inventory/Crafting/CraftingUI.cs
  artifactKey: Guid(f7b601b8b4b700d46aa083ff8f62b2f9) Importer(815301076,1909f56bfc062723c751e8b465ee728b)
Start importing Assets/Scripts/Inventory/Crafting/CraftingUI.cs using Guid(f7b601b8b4b700d46aa083ff8f62b2f9) Importer(815301076,1909f56bfc062723c751e8b465ee728b) (PreviewImporter) -> (artifact id: '00000000000000000000000000000000') in 0.0004793 seconds
Import Error Code:(4)
Message: Build asset version error: assets/scripts/inventory/crafting/craftingui.cs in SourceAssetDB has modification time of '2026-02-18T01:06:02.1993851Z' while content on disk has modification time of '2026-02-18T01:06:08.3502784Z'
  ERROR: Build asset version error: assets/scripts/inventory/crafting/craftingui.cs in SourceAssetDB has modification time of '2026-02-18T01:06:02.1993851Z' while content on disk has modification time of '2026-02-18T01:06:08.3502784Z'
Number of updated asset objects reloaded before import = 0Number of asset objects unloaded after import = 0

========================================================================
Received Import Request.
  Time since last request: 0.000015 seconds.
  path: Assets/Scripts/Inventory/Crafting/CraftingUI.cs
  artifactKey: Guid(f7b601b8b4b700d46aa083ff8f62b2f9) Importer(815301076,1909f56bfc062723c751e8b465ee728b)
Start importing Assets/Scripts/Inventory/Crafting/CraftingUI.cs using Guid(f7b601b8b4b700d46aa083ff8f62b2f9) Importer(815301076,1909f56bfc062723c751e8b465ee728b) (PreviewImporter) -> (artifact id: '00000000000000000000000000000000') in 0.0004632 seconds
Import Error Code:(4)
Message: Build asset version error: assets/scripts/inventory/crafting/craftingui.cs in SourceAssetDB has modification time of '2026-02-18T01:06:02.1993851Z' while content on disk has modification time of '2026-02-18T01:06:08.3502784Z'
  ERROR: Build asset version error: assets/scripts/inventory/crafting/craftingui.cs in SourceAssetDB has modification time of '2026-02-18T01:06:02.1993851Z' while content on disk has modification time of '2026-02-18T01:06:08.3502784Z'
Number of updated asset objects reloaded before import = 0Number of asset objects unloaded after import = 0

========================================================================
Received Import Request.
  Time since last request: 0.000015 seconds.
  path: Assets/Scripts/Inventory/Crafting/CraftingUI.cs
  artifactKey: Guid(f7b601b8b4b700d46aa083ff8f62b2f9) Importer(815301076,1909f56bfc062723c751e8b465ee728b)
Start importing Assets/Scripts/Inventory/Crafting/CraftingUI.cs using Guid(f7b601b8b4b700d46aa083ff8f62b2f9) Importer(815301076,1909f56bfc062723c751e8b465ee728b) (PreviewImporter) -> (artifact id: '00000000000000000000000000000000') in 0.0004218 seconds
Import Error Code:(4)
Message: Build asset version error: assets/scripts/inventory/crafting/craftingui.cs in SourceAssetDB has modification time of '2026-02-18T01:06:02.1993851Z' while content on disk has modification time of '2026-02-18T01:06:08.3502784Z'
  ERROR: Build asset version error: assets/scripts/inventory/crafting/craftingui.cs in SourceAssetDB has modification time of '2026-02-18T01:06:02.1993851Z' while content on disk has modification time of '2026-02-18T01:06:08.3502784Z'
Number of updated asset objects reloaded before import = 0Number of asset objects unloaded after import = 0

========================================================================
Received Import Request.
  Time since last request: 0.000025 seconds.
  path: Assets/Scripts/Inventory/Crafting/CraftingUI.cs
  artifactKey: Guid(f7b601b8b4b700d46aa083ff8f62b2f9) Importer(815301076,1909f56bfc062723c751e8b465ee728b)
Start importing Assets/Scripts/Inventory/Crafting/CraftingUI.cs using Guid(f7b601b8b4b700d46aa083ff8f62b2f9) Importer(815301076,1909f56bfc062723c751e8b465ee728b) (PreviewImporter) -> (artifact id: '00000000000000000000000000000000') in 0.0006471 seconds
Import Error Code:(4)
Message: Build asset version error: assets/scripts/inventory/crafting/craftingui.cs in SourceAssetDB has modification time of '2026-02-18T01:06:02.1993851Z' while content on disk has modification time of '2026-02-18T01:06:08.3502784Z'
  ERROR: Build asset version error: assets/scripts/inventory/crafting/craftingui.cs in SourceAssetDB has modification time of '2026-02-18T01:06:02.1993851Z' while content on disk has modification time of '2026-02-18T01:06:08.3502784Z'
Number of updated asset objects reloaded before import = 0Number of asset objects unloaded after import = 0

========================================================================
Received Import Request.
  Time since last request: 0.000013 seconds.
  path: Assets/Scripts/Inventory/Crafting/CraftingUI.cs
  artifactKey: Guid(f7b601b8b4b700d46aa083ff8f62b2f9) Importer(815301076,1909f56bfc062723c751e8b465ee728b)
Start importing Assets/Scripts/Inventory/Crafting/CraftingUI.cs using Guid(f7b601b8b4b700d46aa083ff8f62b2f9) Importer(815301076,1909f56bfc062723c751e8b465ee728b) (PreviewImporter) -> (artifact id: '00000000000000000000000000000000') in 0.000499 seconds
Import Error Code:(4)
Message: Build asset version error: assets/scripts/inventory/crafting/craftingui.cs in SourceAssetDB has modification time of '2026-02-18T01:06:02.1993851Z' while content on disk has modification time of '2026-02-18T01:06:08.3502784Z'
  ERROR: Build asset version error: assets/scripts/inventory/crafting/craftingui.cs in SourceAssetDB has modification time of '2026-02-18T01:06:02.1993851Z' while content on disk has modification time of '2026-02-18T01:06:08.3502784Z'
Number of updated asset objects reloaded before import = 0Number of asset objects unloaded after import = 0

========================================================================
Received Import Request.
  Time since last request: 0.000015 seconds.
  path: Assets/Scripts/Inventory/Crafting/CraftingUI.cs
  artifactKey: Guid(f7b601b8b4b700d46aa083ff8f62b2f9) Importer(815301076,1909f56bfc062723c751e8b465ee728b)
Start importing Assets/Scripts/Inventory/Crafting/CraftingUI.cs using Guid(f7b601b8b4b700d46aa083ff8f62b2f9) Importer(815301076,1909f56bfc062723c751e8b465ee728b) (PreviewImporter) -> (artifact id: '00000000000000000000000000000000') in 0.0005974 seconds
Import Error Code:(4)
Message: Build asset version error: assets/scripts/inventory/crafting/craftingui.cs in SourceAssetDB has modification time of '2026-02-18T01:06:02.1993851Z' while content on disk has modification time of '2026-02-18T01:06:08.3502784Z'
  ERROR: Build asset version error: assets/scripts/inventory/crafting/craftingui.cs in SourceAssetDB has modification time of '2026-02-18T01:06:02.1993851Z' while content on disk has modification time of '2026-02-18T01:06:08.3502784Z'
Number of updated asset objects reloaded before import = 0Number of asset objects unloaded after import = 0

========================================================================
Received Import Request.
  Time since last request: 0.000014 seconds.
  path: Assets/Scripts/Inventory/Crafting/CraftingUI.cs
  artifactKey: Guid(f7b601b8b4b700d46aa083ff8f62b2f9) Importer(815301076,1909f56bfc062723c751e8b465ee728b)
Start importing Assets/Scripts/Inventory/Crafting/CraftingUI.cs using Guid(f7b601b8b4b700d46aa083ff8f62b2f9) Importer(815301076,1909f56bfc062723c751e8b465ee728b) (PreviewImporter) -> (artifact id: '00000000000000000000000000000000') in 0.0004984 seconds
Import Error Code:(4)
Message: Build asset version error: assets/scripts/inventory/crafting/craftingui.cs in SourceAssetDB has modification time of '2026-02-18T01:06:02.1993851Z' while content on disk has modification time of '2026-02-18T01:06:08.3502784Z'
  ERROR: Build asset version error: assets/scripts/inventory/crafting/craftingui.cs in SourceAssetDB has modification time of '2026-02-18T01:06:02.1993851Z' while content on disk has modification time of '2026-02-18T01:06:08.3502784Z'
Number of updated asset objects reloaded before import = 0Number of asset objects unloaded after import = 0

========================================================================
Received Import Request.
  Time since last request: 0.000016 seconds.
  path: Assets/Scripts/Inventory/Crafting/CraftingUI.cs
  artifactKey: Guid(f7b601b8b4b700d46aa083ff8f62b2f9) Importer(815301076,1909f56bfc062723c751e8b465ee728b)
Start importing Assets/Scripts/Inventory/Crafting/CraftingUI.cs using Guid(f7b601b8b4b700d46aa083ff8f62b2f9) Importer(815301076,1909f56bfc062723c751e8b465ee728b) (PreviewImporter) -> (artifact id: '00000000000000000000000000000000') in 0.0004619 seconds
Import Error Code:(4)
Message: Build asset version error: assets/scripts/inventory/crafting/craftingui.cs in SourceAssetDB has modification time of '2026-02-18T01:06:02.1993851Z' while content on disk has modification time of '2026-02-18T01:06:08.3502784Z'
  ERROR: Build asset version error: assets/scripts/inventory/crafting/craftingui.cs in SourceAssetDB has modification time of '2026-02-18T01:06:02.1993851Z' while content on disk has modification time of '2026-02-18T01:06:08.3502784Z'
Number of updated asset objects reloaded before import = 0Number of asset objects unloaded after import = 0

========================================================================
Received Import Request.
  Time since last request: 0.000017 seconds.
  path: Assets/Scripts/Inventory/Crafting/CraftingUI.cs
  artifactKey: Guid(f7b601b8b4b700d46aa083ff8f62b2f9) Importer(815301076,1909f56bfc062723c751e8b465ee728b)
Start importing Assets/Scripts/Inventory/Crafting/CraftingUI.cs using Guid(f7b601b8b4b700d46aa083ff8f62b2f9) Importer(815301076,1909f56bfc062723c751e8b465ee728b) (PreviewImporter) -> (artifact id: '00000000000000000000000000000000') in 0.0004881 seconds
Import Error Code:(4)
Message: Build asset version error: assets/scripts/inventory/crafting/craftingui.cs in SourceAssetDB has modification time of '2026-02-18T01:06:02.1993851Z' while content on disk has modification time of '2026-02-18T01:06:08.3502784Z'
  ERROR: Build asset version error: assets/scripts/inventory/crafting/craftingui.cs in SourceAssetDB has modification time of '2026-02-18T01:06:02.1993851Z' while content on disk has modification time of '2026-02-18T01:06:08.3502784Z'
Number of updated asset objects reloaded before import = 0Number of asset objects unloaded after import = 0

========================================================================
Received Import Request.
  Time since last request: 0.000013 seconds.
  path: Assets/Scripts/Inventory/Crafting/CraftingUI.cs
  artifactKey: Guid(f7b601b8b4b700d46aa083ff8f62b2f9) Importer(815301076,1909f56bfc062723c751e8b465ee728b)
Start importing Assets/Scripts/Inventory/Crafting/CraftingUI.cs using Guid(f7b601b8b4b700d46aa083ff8f62b2f9) Importer(815301076,1909f56bfc062723c751e8b465ee728b) (PreviewImporter) -> (artifact id: '00000000000000000000000000000000') in 0.0004509 seconds
Import Error Code:(4)
Message: Build asset version error: assets/scripts/inventory/crafting/craftingui.cs in SourceAssetDB has modification time of '2026-02-18T01:06:02.1993851Z' while content on disk has modification time of '2026-02-18T01:06:08.3502784Z'
  ERROR: Build asset version error: assets/scripts/inventory/crafting/craftingui.cs in SourceAssetDB has modification time of '2026-02-18T01:06:02.1993851Z' while content on disk has modification time of '2026-02-18T01:06:08.3502784Z'
Number of updated asset objects reloaded before import = 0Number of asset objects unloaded after import = 0

========================================================================
Received Import Request.
  Time since last request: 0.000013 seconds.
  path: Assets/Scripts/Inventory/Crafting/CraftingUI.cs
  artifactKey: Guid(f7b601b8b4b700d46aa083ff8f62b2f9) Importer(815301076,1909f56bfc062723c751e8b465ee728b)
Start importing Assets/Scripts/Inventory/Crafting/CraftingUI.cs using Guid(f7b601b8b4b700d46aa083ff8f62b2f9) Importer(815301076,1909f56bfc062723c751e8b465ee728b) (PreviewImporter) -> (artifact id: '00000000000000000000000000000000') in 0.000441 seconds
Import Error Code:(4)
Message: Build asset version error: assets/scripts/inventory/crafting/craftingui.cs in SourceAssetDB has modification time of '2026-02-18T01:06:02.1993851Z' while content on disk has modification time of '2026-02-18T01:06:08.3502784Z'
  ERROR: Build asset version error: assets/scripts/inventory/crafting/craftingui.cs in SourceAssetDB has modification time of '2026-02-18T01:06:02.1993851Z' while content on disk has modification time of '2026-02-18T01:06:08.3502784Z'
Number of updated asset objects reloaded before import = 0Number of asset objects unloaded after import = 0

========================================================================
Received Import Request.
  Time since last request: 0.000016 seconds.
  path: Assets/Scripts/Inventory/Crafting/CraftingUI.cs
  artifactKey: Guid(f7b601b8b4b700d46aa083ff8f62b2f9) Importer(815301076,1909f56bfc062723c751e8b465ee728b)
Start importing Assets/Scripts/Inventory/Crafting/CraftingUI.cs using Guid(f7b601b8b4b700d46aa083ff8f62b2f9) Importer(815301076,1909f56bfc062723c751e8b465ee728b) (PreviewImporter) -> (artifact id: '00000000000000000000000000000000') in 0.0004893 seconds
Import Error Code:(4)
Message: Build asset version error: assets/scripts/inventory/crafting/craftingui.cs in SourceAssetDB has modification time of '2026-02-18T01:06:02.1993851Z' while content on disk has modification time of '2026-02-18T01:06:08.3502784Z'
  ERROR: Build asset version error: assets/scripts/inventory/crafting/craftingui.cs in SourceAssetDB has modification time of '2026-02-18T01:06:02.1993851Z' while content on disk has modification time of '2026-02-18T01:06:08.3502784Z'
Number of updated asset objects reloaded before import = 0Number of asset objects unloaded after import = 0

========================================================================
Received Import Request.
  Time since last request: 0.000032 seconds.
  path: Assets/Scripts/Inventory/Crafting/CraftingUI.cs
  artifactKey: Guid(f7b601b8b4b700d46aa083ff8f62b2f9) Importer(815301076,1909f56bfc062723c751e8b465ee728b)
Start importing Assets/Scripts/Inventory/Crafting/CraftingUI.cs using Guid(f7b601b8b4b700d46aa083ff8f62b2f9) Importer(815301076,1909f56bfc062723c751e8b465ee728b) (PreviewImporter) -> (artifact id: '00000000000000000000000000000000') in 0.0004705 seconds
Import Error Code:(4)
Message: Build asset version error: assets/scripts/inventory/crafting/craftingui.cs in SourceAssetDB has modification time of '2026-02-18T01:06:02.1993851Z' while content on disk has modification time of '2026-02-18T01:06:08.3502784Z'
  ERROR: Build asset version error: assets/scripts/inventory/crafting/craftingui.cs in SourceAssetDB has modification time of '2026-02-18T01:06:02.1993851Z' while content on disk has modification time of '2026-02-18T01:06:08.3502784Z'
Number of updated asset objects reloaded before import = 0Number of asset objects unloaded after import = 0

========================================================================
Received Import Request.
  Time since last request: 0.000021 seconds.
  path: Assets/Scripts/Inventory/Crafting/CraftingUI.cs
  artifactKey: Guid(f7b601b8b4b700d46aa083ff8f62b2f9) Importer(815301076,1909f56bfc062723c751e8b465ee728b)
Start importing Assets/Scripts/Inventory/Crafting/CraftingUI.cs using Guid(f7b601b8b4b700d46aa083ff8f62b2f9) Importer(815301076,1909f56bfc062723c751e8b465ee728b) (PreviewImporter) -> (artifact id: '00000000000000000000000000000000') in 0.0005155 seconds
Import Error Code:(4)
Message: Build asset version error: assets/scripts/inventory/crafting/craftingui.cs in SourceAssetDB has modification time of '2026-02-18T01:06:02.1993851Z' while content on disk has modification time of '2026-02-18T01:06:08.3502784Z'
  ERROR: Build asset version error: assets/scripts/inventory/crafting/craftingui.cs in SourceAssetDB has modification time of '2026-02-18T01:06:02.1993851Z' while content on disk has modification time of '2026-02-18T01:06:08.3502784Z'
Number of updated asset objects reloaded before import = 0Number of asset objects unloaded after import = 0

========================================================================
Received Import Request.
  Time since last request: 0.000014 seconds.
  path: Assets/Scripts/Inventory/Crafting/CraftingUI.cs
  artifactKey: Guid(f7b601b8b4b700d46aa083ff8f62b2f9) Importer(815301076,1909f56bfc062723c751e8b465ee728b)
Start importing Assets/Scripts/Inventory/Crafting/CraftingUI.cs using Guid(f7b601b8b4b700d46aa083ff8f62b2f9) Importer(815301076,1909f56bfc062723c751e8b465ee728b) (PreviewImporter) -> (artifact id: '00000000000000000000000000000000') in 0.0005447 seconds
Import Error Code:(4)
Message: Build asset version error: assets/scripts/inventory/crafting/craftingui.cs in SourceAssetDB has modification time of '2026-02-18T01:06:02.1993851Z' while content on disk has modification time of '2026-02-18T01:06:08.3502784Z'
  ERROR: Build asset version error: assets/scripts/inventory/crafting/craftingui.cs in SourceAssetDB has modification time of '2026-02-18T01:06:02.1993851Z' while content on disk has modification time of '2026-02-18T01:06:08.3502784Z'
Number of updated asset objects reloaded before import = 0Number of asset objects unloaded after import = 0

========================================================================
Received Import Request.
  Time since last request: 0.000015 seconds.
  path: Assets/Scripts/Inventory/Crafting/CraftingUI.cs
  artifactKey: Guid(f7b601b8b4b700d46aa083ff8f62b2f9) Importer(815301076,1909f56bfc062723c751e8b465ee728b)
Start importing Assets/Scripts/Inventory/Crafting/CraftingUI.cs using Guid(f7b601b8b4b700d46aa083ff8f62b2f9) Importer(815301076,1909f56bfc062723c751e8b465ee728b) (PreviewImporter) -> (artifact id: '00000000000000000000000000000000') in 0.0006007 seconds
Import Error Code:(4)
Message: Build asset version error: assets/scripts/inventory/crafting/craftingui.cs in SourceAssetDB has modification time of '2026-02-18T01:06:02.1993851Z' while content on disk has modification time of '2026-02-18T01:06:08.3502784Z'
  ERROR: Build asset version error: assets/scripts/inventory/crafting/craftingui.cs in SourceAssetDB has modification time of '2026-02-18T01:06:02.1993851Z' while content on disk has modification time of '2026-02-18T01:06:08.3502784Z'
Number of updated asset objects reloaded before import = 0Number of asset objects unloaded after import = 0

========================================================================
Received Import Request.
  Time since last request: 0.000015 seconds.
  path: Assets/Scripts/Inventory/Crafting/CraftingUI.cs
  artifactKey: Guid(f7b601b8b4b700d46aa083ff8f62b2f9) Importer(815301076,1909f56bfc062723c751e8b465ee728b)
Start importing Assets/Scripts/Inventory/Crafting/CraftingUI.cs using Guid(f7b601b8b4b700d46aa083ff8f62b2f9) Importer(815301076,1909f56bfc062723c751e8b465ee728b) (PreviewImporter) -> (artifact id: '00000000000000000000000000000000') in 0.0004672 seconds
Import Error Code:(4)
Message: Build asset version error: assets/scripts/inventory/crafting/craftingui.cs in SourceAssetDB has modification time of '2026-02-18T01:06:02.1993851Z' while content on disk has modification time of '2026-02-18T01:06:08.3502784Z'
  ERROR: Build asset version error: assets/scripts/inventory/crafting/craftingui.cs in SourceAssetDB has modification time of '2026-02-18T01:06:02.1993851Z' while content on disk has modification time of '2026-02-18T01:06:08.3502784Z'
Number of updated asset objects reloaded before import = 0Number of asset objects unloaded after import = 0

========================================================================
Received Import Request.
  Time since last request: 0.000018 seconds.
  path: Assets/Scripts/Inventory/Crafting/CraftingUI.cs
  artifactKey: Guid(f7b601b8b4b700d46aa083ff8f62b2f9) Importer(815301076,1909f56bfc062723c751e8b465ee728b)
Start importing Assets/Scripts/Inventory/Crafting/CraftingUI.cs using Guid(f7b601b8b4b700d46aa083ff8f62b2f9) Importer(815301076,1909f56bfc062723c751e8b465ee728b) (PreviewImporter) -> (artifact id: '00000000000000000000000000000000') in 0.0004632 seconds
Import Error Code:(4)
Message: Build asset version error: assets/scripts/inventory/crafting/craftingui.cs in SourceAssetDB has modification time of '2026-02-18T01:06:02.1993851Z' while content on disk has modification time of '2026-02-18T01:06:08.3502784Z'
  ERROR: Build asset version error: assets/scripts/inventory/crafting/craftingui.cs in SourceAssetDB has modification time of '2026-02-18T01:06:02.1993851Z' while content on disk has modification time of '2026-02-18T01:06:08.3502784Z'
Number of updated asset objects reloaded before import = 0Number of asset objects unloaded after import = 0

========================================================================
Received Import Request.
  Time since last request: 0.000019 seconds.
  path: Assets/Scripts/Inventory/Crafting/CraftingUI.cs
  artifactKey: Guid(f7b601b8b4b700d46aa083ff8f62b2f9) Importer(815301076,1909f56bfc062723c751e8b465ee728b)
Start importing Assets/Scripts/Inventory/Crafting/CraftingUI.cs using Guid(f7b601b8b4b700d46aa083ff8f62b2f9) Importer(815301076,1909f56bfc062723c751e8b465ee728b) (PreviewImporter) -> (artifact id: '00000000000000000000000000000000') in 0.0007492 seconds
Import Error Code:(4)
Message: Build asset version error: assets/scripts/inventory/crafting/craftingui.cs in SourceAssetDB has modification time of '2026-02-18T01:06:02.1993851Z' while content on disk has modification time of '2026-02-18T01:06:08.3502784Z'
  ERROR: Build asset version error: assets/scripts/inventory/crafting/craftingui.cs in SourceAssetDB has modification time of '2026-02-18T01:06:02.1993851Z' while content on disk has modification time of '2026-02-18T01:06:08.3502784Z'
Number of updated asset objects reloaded before import = 0Number of asset objects unloaded after import = 0

========================================================================
Received Import Request.
  Time since last request: 0.000019 seconds.
  path: Assets/Scripts/Inventory/Crafting/CraftingUI.cs
  artifactKey: Guid(f7b601b8b4b700d46aa083ff8f62b2f9) Importer(815301076,1909f56bfc062723c751e8b465ee728b)
Start importing Assets/Scripts/Inventory/Crafting/CraftingUI.cs using Guid(f7b601b8b4b700d46aa083ff8f62b2f9) Importer(815301076,1909f56bfc062723c751e8b465ee728b) (PreviewImporter) -> (artifact id: '00000000000000000000000000000000') in 0.0004783 seconds
Import Error Code:(4)
Message: Build asset version error: assets/scripts/inventory/crafting/craftingui.cs in SourceAssetDB has modification time of '2026-02-18T01:06:02.1993851Z' while content on disk has modification time of '2026-02-18T01:06:08.3502784Z'
  ERROR: Build asset version error: assets/scripts/inventory/crafting/craftingui.cs in SourceAssetDB has modification time of '2026-02-18T01:06:02.1993851Z' while content on disk has modification time of '2026-02-18T01:06:08.3502784Z'
Number of updated asset objects reloaded before import = 0Number of asset objects unloaded after import = 0

========================================================================
Received Import Request.
  Time since last request: 0.000016 seconds.
  path: Assets/Scripts/Inventory/Crafting/CraftingUI.cs
  artifactKey: Guid(f7b601b8b4b700d46aa083ff8f62b2f9) Importer(815301076,1909f56bfc062723c751e8b465ee728b)
Start importing Assets/Scripts/Inventory/Crafting/CraftingUI.cs using Guid(f7b601b8b4b700d46aa083ff8f62b2f9) Importer(815301076,1909f56bfc062723c751e8b465ee728b) (PreviewImporter) -> (artifact id: '00000000000000000000000000000000') in 0.0006085 seconds
Import Error Code:(4)
Message: Build asset version error: assets/scripts/inventory/crafting/craftingui.cs in SourceAssetDB has modification time of '2026-02-18T01:06:02.1993851Z' while content on disk has modification time of '2026-02-18T01:06:08.3502784Z'
  ERROR: Build asset version error: assets/scripts/inventory/crafting/craftingui.cs in SourceAssetDB has modification time of '2026-02-18T01:06:02.1993851Z' while content on disk has modification time of '2026-02-18T01:06:08.3502784Z'
Number of updated asset objects reloaded before import = 0Number of asset objects unloaded after import = 0

========================================================================
Received Import Request.
  Time since last request: 0.000014 seconds.
  path: Assets/Scripts/Inventory/Crafting/CraftingUI.cs
  artifactKey: Guid(f7b601b8b4b700d46aa083ff8f62b2f9) Importer(815301076,1909f56bfc062723c751e8b465ee728b)
Start importing Assets/Scripts/Inventory/Crafting/CraftingUI.cs using Guid(f7b601b8b4b700d46aa083ff8f62b2f9) Importer(815301076,1909f56bfc062723c751e8b465ee728b) (PreviewImporter) -> (artifact id: '00000000000000000000000000000000') in 0.0006024 seconds
Import Error Code:(4)
Message: Build asset version error: assets/scripts/inventory/crafting/craftingui.cs in SourceAssetDB has modification time of '2026-02-18T01:06:02.1993851Z' while content on disk has modification time of '2026-02-18T01:06:08.3502784Z'
  ERROR: Build asset version error: assets/scripts/inventory/crafting/craftingui.cs in SourceAssetDB has modification time of '2026-02-18T01:06:02.1993851Z' while content on disk has modification time of '2026-02-18T01:06:08.3502784Z'
Number of updated asset objects reloaded before import = 0Number of asset objects unloaded after import = 0

========================================================================
Received Import Request.
  Time since last request: 0.000020 seconds.
  path: Assets/Scripts/Inventory/Crafting/CraftingUI.cs
  artifactKey: Guid(f7b601b8b4b700d46aa083ff8f62b2f9) Importer(815301076,1909f56bfc062723c751e8b465ee728b)
Start importing Assets/Scripts/Inventory/Crafting/CraftingUI.cs using Guid(f7b601b8b4b700d46aa083ff8f62b2f9) Importer(815301076,1909f56bfc062723c751e8b465ee728b) (PreviewImporter) -> (artifact id: '00000000000000000000000000000000') in 0.0005568 seconds
Import Error Code:(4)
Message: Build asset version error: assets/scripts/inventory/crafting/craftingui.cs in SourceAssetDB has modification time of '2026-02-18T01:06:02.1993851Z' while content on disk has modification time of '2026-02-18T01:06:08.3502784Z'
  ERROR: Build asset version error: assets/scripts/inventory/crafting/craftingui.cs in SourceAssetDB has modification time of '2026-02-18T01:06:02.1993851Z' while content on disk has modification time of '2026-02-18T01:06:08.3502784Z'
Number of updated asset objects reloaded before import = 0Number of asset objects unloaded after import = 0

========================================================================
Received Import Request.
  Time since last request: 0.000032 seconds.
  path: Assets/Scripts/Inventory/Crafting/CraftingUI.cs
  artifactKey: Guid(f7b601b8b4b700d46aa083ff8f62b2f9) Importer(815301076,1909f56bfc062723c751e8b465ee728b)
Start importing Assets/Scripts/Inventory/Crafting/CraftingUI.cs using Guid(f7b601b8b4b700d46aa083ff8f62b2f9) Importer(815301076,1909f56bfc062723c751e8b465ee728b) (PreviewImporter) -> (artifact id: '00000000000000000000000000000000') in 0.0006498 seconds
Import Error Code:(4)
Message: Build asset version error: assets/scripts/inventory/crafting/craftingui.cs in SourceAssetDB has modification time of '2026-02-18T01:06:02.1993851Z' while content on disk has modification time of '2026-02-18T01:06:08.3502784Z'
  ERROR: Build asset version error: assets/scripts/inventory/crafting/craftingui.cs in SourceAssetDB has modification time of '2026-02-18T01:06:02.1993851Z' while content on disk has modification time of '2026-02-18T01:06:08.3502784Z'
Number of updated asset objects reloaded before import = 0Number of asset objects unloaded after import = 0

========================================================================
Received Import Request.
  Time since last request: 0.000016 seconds.
  path: Assets/Scripts/Inventory/Crafting/CraftingUI.cs
  artifactKey: Guid(f7b601b8b4b700d46aa083ff8f62b2f9) Importer(815301076,1909f56bfc062723c751e8b465ee728b)
Start importing Assets/Scripts/Inventory/Crafting/CraftingUI.cs using Guid(f7b601b8b4b700d46aa083ff8f62b2f9) Importer(815301076,1909f56bfc062723c751e8b465ee728b) (PreviewImporter) -> (artifact id: '00000000000000000000000000000000') in 0.0005243 seconds
Import Error Code:(4)
Message: Build asset version error: assets/scripts/inventory/crafting/craftingui.cs in SourceAssetDB has modification time of '2026-02-18T01:06:02.1993851Z' while content on disk has modification time of '2026-02-18T01:06:08.3502784Z'
  ERROR: Build asset version error: assets/scripts/inventory/crafting/craftingui.cs in SourceAssetDB has modification time of '2026-02-18T01:06:02.1993851Z' while content on disk has modification time of '2026-02-18T01:06:08.3502784Z'
Number of updated asset objects reloaded before import = 0Number of asset objects unloaded after import = 0

========================================================================
Received Import Request.
  Time since last request: 0.000022 seconds.
  path: Assets/Scripts/Inventory/Crafting/CraftingUI.cs
  artifactKey: Guid(f7b601b8b4b700d46aa083ff8f62b2f9) Importer(815301076,1909f56bfc062723c751e8b465ee728b)
Start importing Assets/Scripts/Inventory/Crafting/CraftingUI.cs using Guid(f7b601b8b4b700d46aa083ff8f62b2f9) Importer(815301076,1909f56bfc062723c751e8b465ee728b) (PreviewImporter) -> (artifact id: '00000000000000000000000000000000') in 0.0007281 seconds
Import Error Code:(4)
Message: Build asset version error: assets/scripts/inventory/crafting/craftingui.cs in SourceAssetDB has modification time of '2026-02-18T01:06:02.1993851Z' while content on disk has modification time of '2026-02-18T01:06:08.3502784Z'
  ERROR: Build asset version error: assets/scripts/inventory/crafting/craftingui.cs in SourceAssetDB has modification time of '2026-02-18T01:06:02.1993851Z' while content on disk has modification time of '2026-02-18T01:06:08.3502784Z'
Number of updated asset objects reloaded before import = 0Number of asset objects unloaded after import = 0

========================================================================
Received Import Request.
  Time since last request: 0.000021 seconds.
  path: Assets/Scripts/Inventory/Crafting/CraftingUI.cs
  artifactKey: Guid(f7b601b8b4b700d46aa083ff8f62b2f9) Importer(815301076,1909f56bfc062723c751e8b465ee728b)
Start importing Assets/Scripts/Inventory/Crafting/CraftingUI.cs using Guid(f7b601b8b4b700d46aa083ff8f62b2f9) Importer(815301076,1909f56bfc062723c751e8b465ee728b) (PreviewImporter) -> (artifact id: '00000000000000000000000000000000') in 0.000507 seconds
Import Error Code:(4)
Message: Build asset version error: assets/scripts/inventory/crafting/craftingui.cs in SourceAssetDB has modification time of '2026-02-18T01:06:02.1993851Z' while content on disk has modification time of '2026-02-18T01:06:08.3502784Z'
  ERROR: Build asset version error: assets/scripts/inventory/crafting/craftingui.cs in SourceAssetDB has modification time of '2026-02-18T01:06:02.1993851Z' while content on disk has modification time of '2026-02-18T01:06:08.3502784Z'
Number of updated asset objects reloaded before import = 0Number of asset objects unloaded after import = 0

========================================================================
Received Import Request.
  Time since last request: 0.000022 seconds.
  path: Assets/Scripts/Inventory/Crafting/CraftingUI.cs
  artifactKey: Guid(f7b601b8b4b700d46aa083ff8f62b2f9) Importer(815301076,1909f56bfc062723c751e8b465ee728b)
Start importing Assets/Scripts/Inventory/Crafting/CraftingUI.cs using Guid(f7b601b8b4b700d46aa083ff8f62b2f9) Importer(815301076,1909f56bfc062723c751e8b465ee728b) (PreviewImporter) -> (artifact id: '00000000000000000000000000000000') in 0.0005797 seconds
Import Error Code:(4)
Message: Build asset version error: assets/scripts/inventory/crafting/craftingui.cs in SourceAssetDB has modification time of '2026-02-18T01:06:02.1993851Z' while content on disk has modification time of '2026-02-18T01:06:08.3502784Z'
  ERROR: Build asset version error: assets/scripts/inventory/crafting/craftingui.cs in SourceAssetDB has modification time of '2026-02-18T01:06:02.1993851Z' while content on disk has modification time of '2026-02-18T01:06:08.3502784Z'
Number of updated asset objects reloaded before import = 0Number of asset objects unloaded after import = 0

========================================================================
Received Import Request.
  Time since last request: 0.000018 seconds.
  path: Assets/Scripts/Inventory/Crafting/CraftingUI.cs
  artifactKey: Guid(f7b601b8b4b700d46aa083ff8f62b2f9) Importer(815301076,1909f56bfc062723c751e8b465ee728b)
Start importing Assets/Scripts/Inventory/Crafting/CraftingUI.cs using Guid(f7b601b8b4b700d46aa083ff8f62b2f9) Importer(815301076,1909f56bfc062723c751e8b465ee728b) (PreviewImporter) -> (artifact id: '00000000000000000000000000000000') in 0.0006379 seconds
Import Error Code:(4)
Message: Build asset version error: assets/scripts/inventory/crafting/craftingui.cs in SourceAssetDB has modification time of '2026-02-18T01:06:02.1993851Z' while content on disk has modification time of '2026-02-18T01:06:08.3502784Z'
  ERROR: Build asset version error: assets/scripts/inventory/crafting/craftingui.cs in SourceAssetDB has modification time of '2026-02-18T01:06:02.1993851Z' while content on disk has modification time of '2026-02-18T01:06:08.3502784Z'
Number of updated asset objects reloaded before import = 0Number of asset objects unloaded after import = 0

========================================================================
Received Import Request.
  Time since last request: 0.000013 seconds.
  path: Assets/Scripts/Inventory/Crafting/CraftingUI.cs
  artifactKey: Guid(f7b601b8b4b700d46aa083ff8f62b2f9) Importer(815301076,1909f56bfc062723c751e8b465ee728b)
Start importing Assets/Scripts/Inventory/Crafting/CraftingUI.cs using Guid(f7b601b8b4b700d46aa083ff8f62b2f9) Importer(815301076,1909f56bfc062723c751e8b465ee728b) (PreviewImporter) -> (artifact id: '00000000000000000000000000000000') in 0.0004682 seconds
Import Error Code:(4)
Message: Build asset version error: assets/scripts/inventory/crafting/craftingui.cs in SourceAssetDB has modification time of '2026-02-18T01:06:02.1993851Z' while content on disk has modification time of '2026-02-18T01:06:08.3502784Z'
  ERROR: Build asset version error: assets/scripts/inventory/crafting/craftingui.cs in SourceAssetDB has modification time of '2026-02-18T01:06:02.1993851Z' while content on disk has modification time of '2026-02-18T01:06:08.3502784Z'
Number of updated asset objects reloaded before import = 0Number of asset objects unloaded after import = 0

========================================================================
Received Import Request.
  Time since last request: 0.000013 seconds.
  path: Assets/Scripts/Inventory/Crafting/CraftingUI.cs
  artifactKey: Guid(f7b601b8b4b700d46aa083ff8f62b2f9) Importer(815301076,1909f56bfc062723c751e8b465ee728b)
Start importing Assets/Scripts/Inventory/Crafting/CraftingUI.cs using Guid(f7b601b8b4b700d46aa083ff8f62b2f9) Importer(815301076,1909f56bfc062723c751e8b465ee728b) (PreviewImporter) -> (artifact id: '00000000000000000000000000000000') in 0.00072 seconds
Import Error Code:(4)
Message: Build asset version error: assets/scripts/inventory/crafting/craftingui.cs in SourceAssetDB has modification time of '2026-02-18T01:06:02.1993851Z' while content on disk has modification time of '2026-02-18T01:06:08.3502784Z'
  ERROR: Build asset version error: assets/scripts/inventory/crafting/craftingui.cs in SourceAssetDB has modification time of '2026-02-18T01:06:02.1993851Z' while content on disk has modification time of '2026-02-18T01:06:08.3502784Z'
Number of updated asset objects reloaded before import = 0Number of asset objects unloaded after import = 0

========================================================================
Received Import Request.
  Time since last request: 0.000019 seconds.
  path: Assets/Scripts/Inventory/Crafting/CraftingUI.cs
  artifactKey: Guid(f7b601b8b4b700d46aa083ff8f62b2f9) Importer(815301076,1909f56bfc062723c751e8b465ee728b)
Start importing Assets/Scripts/Inventory/Crafting/CraftingUI.cs using Guid(f7b601b8b4b700d46aa083ff8f62b2f9) Importer(815301076,1909f56bfc062723c751e8b465ee728b) (PreviewImporter) -> (artifact id: '00000000000000000000000000000000') in 0.000431 seconds
Import Error Code:(4)
Message: Build asset version error: assets/scripts/inventory/crafting/craftingui.cs in SourceAssetDB has modification time of '2026-02-18T01:06:02.1993851Z' while content on disk has modification time of '2026-02-18T01:06:08.3502784Z'
  ERROR: Build asset version error: assets/scripts/inventory/crafting/craftingui.cs in SourceAssetDB has modification time of '2026-02-18T01:06:02.1993851Z' while content on disk has modification time of '2026-02-18T01:06:08.3502784Z'
Number of updated asset objects reloaded before import = 0Number of asset objects unloaded after import = 0

========================================================================
Received Import Request.
  Time since last request: 0.000022 seconds.
  path: Assets/Scripts/Inventory/Crafting/CraftingUI.cs
  artifactKey: Guid(f7b601b8b4b700d46aa083ff8f62b2f9) Importer(815301076,1909f56bfc062723c751e8b465ee728b)
Start importing Assets/Scripts/Inventory/Crafting/CraftingUI.cs using Guid(f7b601b8b4b700d46aa083ff8f62b2f9) Importer(815301076,1909f56bfc062723c751e8b465ee728b) (PreviewImporter) -> (artifact id: '00000000000000000000000000000000') in 0.0004879 seconds
Import Error Code:(4)
Message: Build asset version error: assets/scripts/inventory/crafting/craftingui.cs in SourceAssetDB has modification time of '2026-02-18T01:06:02.1993851Z' while content on disk has modification time of '2026-02-18T01:06:08.3502784Z'
  ERROR: Build asset version error: assets/scripts/inventory/crafting/craftingui.cs in SourceAssetDB has modification time of '2026-02-18T01:06:02.1993851Z' while content on disk has modification time of '2026-02-18T01:06:08.3502784Z'
Number of updated asset objects reloaded before import = 0Number of asset objects unloaded after import = 0

========================================================================
Received Import Request.
  Time since last request: 0.000013 seconds.
  path: Assets/Scripts/Inventory/Crafting/CraftingUI.cs
  artifactKey: Guid(f7b601b8b4b700d46aa083ff8f62b2f9) Importer(815301076,1909f56bfc062723c751e8b465ee728b)
Start importing Assets/Scripts/Inventory/Crafting/CraftingUI.cs using Guid(f7b601b8b4b700d46aa083ff8f62b2f9) Importer(815301076,1909f56bfc062723c751e8b465ee728b) (PreviewImporter) -> (artifact id: '00000000000000000000000000000000') in 0.0004443 seconds
Import Error Code:(4)
Message: Build asset version error: assets/scripts/inventory/crafting/craftingui.cs in SourceAssetDB has modification time of '2026-02-18T01:06:02.1993851Z' while content on disk has modification time of '2026-02-18T01:06:08.3502784Z'
  ERROR: Build asset version error: assets/scripts/inventory/crafting/craftingui.cs in SourceAssetDB has modification time of '2026-02-18T01:06:02.1993851Z' while content on disk has modification time of '2026-02-18T01:06:08.3502784Z'
Number of updated asset objects reloaded before import = 0Number of asset objects unloaded after import = 0

========================================================================
Received Import Request.
  Time since last request: 0.000013 seconds.
  path: Assets/Scripts/Inventory/Crafting/CraftingUI.cs
  artifactKey: Guid(f7b601b8b4b700d46aa083ff8f62b2f9) Importer(815301076,1909f56bfc062723c751e8b465ee728b)
Start importing Assets/Scripts/Inventory/Crafting/CraftingUI.cs using Guid(f7b601b8b4b700d46aa083ff8f62b2f9) Importer(815301076,1909f56bfc062723c751e8b465ee728b) (PreviewImporter) -> (artifact id: '00000000000000000000000000000000') in 0.00055 seconds
Import Error Code:(4)
Message: Build asset version error: assets/scripts/inventory/crafting/craftingui.cs in SourceAssetDB has modification time of '2026-02-18T01:06:02.1993851Z' while content on disk has modification time of '2026-02-18T01:06:08.3502784Z'
  ERROR: Build asset version error: assets/scripts/inventory/crafting/craftingui.cs in SourceAssetDB has modification time of '2026-02-18T01:06:02.1993851Z' while content on disk has modification time of '2026-02-18T01:06:08.3502784Z'
Number of updated asset objects reloaded before import = 0Number of asset objects unloaded after import = 0

========================================================================
Received Import Request.
  Time since last request: 0.000013 seconds.
  path: Assets/Scripts/Inventory/Crafting/CraftingUI.cs
  artifactKey: Guid(f7b601b8b4b700d46aa083ff8f62b2f9) Importer(815301076,1909f56bfc062723c751e8b465ee728b)
Start importing Assets/Scripts/Inventory/Crafting/CraftingUI.cs using Guid(f7b601b8b4b700d46aa083ff8f62b2f9) Importer(815301076,1909f56bfc062723c751e8b465ee728b) (PreviewImporter) -> (artifact id: '00000000000000000000000000000000') in 0.0005058 seconds
Import Error Code:(4)
Message: Build asset version error: assets/scripts/inventory/crafting/craftingui.cs in SourceAssetDB has modification time of '2026-02-18T01:06:02.1993851Z' while content on disk has modification time of '2026-02-18T01:06:08.3502784Z'
  ERROR: Build asset version error: assets/scripts/inventory/crafting/craftingui.cs in SourceAssetDB has modification time of '2026-02-18T01:06:02.1993851Z' while content on disk has modification time of '2026-02-18T01:06:08.3502784Z'
Number of updated asset objects reloaded before import = 0Number of asset objects unloaded after import = 0

========================================================================
Received Import Request.
  Time since last request: 0.000013 seconds.
  path: Assets/Scripts/Inventory/Crafting/CraftingUI.cs
  artifactKey: Guid(f7b601b8b4b700d46aa083ff8f62b2f9) Importer(815301076,1909f56bfc062723c751e8b465ee728b)
Start importing Assets/Scripts/Inventory/Crafting/CraftingUI.cs using Guid(f7b601b8b4b700d46aa083ff8f62b2f9) Importer(815301076,1909f56bfc062723c751e8b465ee728b) (PreviewImporter) -> (artifact id: '00000000000000000000000000000000') in 0.0004442 seconds
Import Error Code:(4)
Message: Build asset version error: assets/scripts/inventory/crafting/craftingui.cs in SourceAssetDB has modification time of '2026-02-18T01:06:02.1993851Z' while content on disk has modification time of '2026-02-18T01:06:08.3502784Z'
  ERROR: Build asset version error: assets/scripts/inventory/crafting/craftingui.cs in SourceAssetDB has modification time of '2026-02-18T01:06:02.1993851Z' while content on disk has modification time of '2026-02-18T01:06:08.3502784Z'
Number of updated asset objects reloaded before import = 0Number of asset objects unloaded after import = 0

========================================================================
Received Import Request.
  Time since last request: 0.000017 seconds.
  path: Assets/Scripts/Inventory/Crafting/CraftingUI.cs
  artifactKey: Guid(f7b601b8b4b700d46aa083ff8f62b2f9) Importer(815301076,1909f56bfc062723c751e8b465ee728b)
Start importing Assets/Scripts/Inventory/Crafting/CraftingUI.cs using Guid(f7b601b8b4b700d46aa083ff8f62b2f9) Importer(815301076,1909f56bfc062723c751e8b465ee728b) (PreviewImporter) -> (artifact id: '00000000000000000000000000000000') in 0.0005689 seconds
Import Error Code:(4)
Message: Build asset version error: assets/scripts/inventory/crafting/craftingui.cs in SourceAssetDB has modification time of '2026-02-18T01:06:02.1993851Z' while content on disk has modification time of '2026-02-18T01:06:08.3502784Z'
  ERROR: Build asset version error: assets/scripts/inventory/crafting/craftingui.cs in SourceAssetDB has modification time of '2026-02-18T01:06:02.1993851Z' while content on disk has modification time of '2026-02-18T01:06:08.3502784Z'
Number of updated asset objects reloaded before import = 0Number of asset objects unloaded after import = 0

========================================================================
Received Import Request.
  Time since last request: 0.000017 seconds.
  path: Assets/Scripts/Inventory/Crafting/CraftingUI.cs
  artifactKey: Guid(f7b601b8b4b700d46aa083ff8f62b2f9) Importer(815301076,1909f56bfc062723c751e8b465ee728b)
Start importing Assets/Scripts/Inventory/Crafting/CraftingUI.cs using Guid(f7b601b8b4b700d46aa083ff8f62b2f9) Importer(815301076,1909f56bfc062723c751e8b465ee728b) (PreviewImporter) -> (artifact id: '00000000000000000000000000000000') in 0.0006079 seconds
Import Error Code:(4)
Message: Build asset version error: assets/scripts/inventory/crafting/craftingui.cs in SourceAssetDB has modification time of '2026-02-18T01:06:02.1993851Z' while content on disk has modification time of '2026-02-18T01:06:08.3502784Z'
  ERROR: Build asset version error: assets/scripts/inventory/crafting/craftingui.cs in SourceAssetDB has modification time of '2026-02-18T01:06:02.1993851Z' while content on disk has modification time of '2026-02-18T01:06:08.3502784Z'
Number of updated asset objects reloaded before import = 0Number of asset objects unloaded after import = 0

========================================================================
Received Import Request.
  Time since last request: 0.000020 seconds.
  path: Assets/Scripts/Inventory/Crafting/CraftingUI.cs
  artifactKey: Guid(f7b601b8b4b700d46aa083ff8f62b2f9) Importer(815301076,1909f56bfc062723c751e8b465ee728b)
Start importing Assets/Scripts/Inventory/Crafting/CraftingUI.cs using Guid(f7b601b8b4b700d46aa083ff8f62b2f9) Importer(815301076,1909f56bfc062723c751e8b465ee728b) (PreviewImporter) -> (artifact id: '00000000000000000000000000000000') in 0.0005436 seconds
Import Error Code:(4)
Message: Build asset version error: assets/scripts/inventory/crafting/craftingui.cs in SourceAssetDB has modification time of '2026-02-18T01:06:02.1993851Z' while content on disk has modification time of '2026-02-18T01:06:08.3502784Z'
  ERROR: Build asset version error: assets/scripts/inventory/crafting/craftingui.cs in SourceAssetDB has modification time of '2026-02-18T01:06:02.1993851Z' while content on disk has modification time of '2026-02-18T01:06:08.3502784Z'
Number of updated asset objects reloaded before import = 0Number of asset objects unloaded after import = 0

========================================================================
Received Import Request.
  Time since last request: 0.000025 seconds.
  path: Assets/Scripts/Inventory/Crafting/CraftingUI.cs
  artifactKey: Guid(f7b601b8b4b700d46aa083ff8f62b2f9) Importer(815301076,1909f56bfc062723c751e8b465ee728b)
Start importing Assets/Scripts/Inventory/Crafting/CraftingUI.cs using Guid(f7b601b8b4b700d46aa083ff8f62b2f9) Importer(815301076,1909f56bfc062723c751e8b465ee728b) (PreviewImporter) -> (artifact id: '00000000000000000000000000000000') in 0.0006216 seconds
Import Error Code:(4)
Message: Build asset version error: assets/scripts/inventory/crafting/craftingui.cs in SourceAssetDB has modification time of '2026-02-18T01:06:02.1993851Z' while content on disk has modification time of '2026-02-18T01:06:08.3502784Z'
  ERROR: Build asset version error: assets/scripts/inventory/crafting/craftingui.cs in SourceAssetDB has modification time of '2026-02-18T01:06:02.1993851Z' while content on disk has modification time of '2026-02-18T01:06:08.3502784Z'
Number of updated asset objects reloaded before import = 0Number of asset objects unloaded after import = 0

========================================================================
Received Import Request.
  Time since last request: 0.000025 seconds.
  path: Assets/Scripts/Inventory/Crafting/CraftingUI.cs
  artifactKey: Guid(f7b601b8b4b700d46aa083ff8f62b2f9) Importer(815301076,1909f56bfc062723c751e8b465ee728b)
Start importing Assets/Scripts/Inventory/Crafting/CraftingUI.cs using Guid(f7b601b8b4b700d46aa083ff8f62b2f9) Importer(815301076,1909f56bfc062723c751e8b465ee728b) (PreviewImporter) -> (artifact id: '00000000000000000000000000000000') in 0.0005737 seconds
Import Error Code:(4)
Message: Build asset version error: assets/scripts/inventory/crafting/craftingui.cs in SourceAssetDB has modification time of '2026-02-18T01:06:02.1993851Z' while content on disk has modification time of '2026-02-18T01:06:08.3502784Z'
  ERROR: Build asset version error: assets/scripts/inventory/crafting/craftingui.cs in SourceAssetDB has modification time of '2026-02-18T01:06:02.1993851Z' while content on disk has modification time of '2026-02-18T01:06:08.3502784Z'
Number of updated asset objects reloaded before import = 0Number of asset objects unloaded after import = 0

========================================================================
Received Import Request.
  Time since last request: 0.000030 seconds.
  path: Assets/Scripts/Inventory/Crafting/CraftingUI.cs
  artifactKey: Guid(f7b601b8b4b700d46aa083ff8f62b2f9) Importer(815301076,1909f56bfc062723c751e8b465ee728b)
Start importing Assets/Scripts/Inventory/Crafting/CraftingUI.cs using Guid(f7b601b8b4b700d46aa083ff8f62b2f9) Importer(815301076,1909f56bfc062723c751e8b465ee728b) (PreviewImporter) -> (artifact id: '00000000000000000000000000000000') in 0.0005818 seconds
Import Error Code:(4)
Message: Build asset version error: assets/scripts/inventory/crafting/craftingui.cs in SourceAssetDB has modification time of '2026-02-18T01:06:02.1993851Z' while content on disk has modification time of '2026-02-18T01:06:08.3502784Z'
  ERROR: Build asset version error: assets/scripts/inventory/crafting/craftingui.cs in SourceAssetDB has modification time of '2026-02-18T01:06:02.1993851Z' while content on disk has modification time of '2026-02-18T01:06:08.3502784Z'
Number of updated asset objects reloaded before import = 0Number of asset objects unloaded after import = 0

========================================================================
Received Import Request.
  Time since last request: 0.000014 seconds.
  path: Assets/Scripts/Inventory/Crafting/CraftingUI.cs
  artifactKey: Guid(f7b601b8b4b700d46aa083ff8f62b2f9) Importer(815301076,1909f56bfc062723c751e8b465ee728b)
Start importing Assets/Scripts/Inventory/Crafting/CraftingUI.cs using Guid(f7b601b8b4b700d46aa083ff8f62b2f9) Importer(815301076,1909f56bfc062723c751e8b465ee728b) (PreviewImporter) -> (artifact id: '00000000000000000000000000000000') in 0.0004855 seconds
Import Error Code:(4)
Message: Build asset version error: assets/scripts/inventory/crafting/craftingui.cs in SourceAssetDB has modification time of '2026-02-18T01:06:02.1993851Z' while content on disk has modification time of '2026-02-18T01:06:08.3502784Z'
  ERROR: Build asset version error: assets/scripts/inventory/crafting/craftingui.cs in SourceAssetDB has modification time of '2026-02-18T01:06:02.1993851Z' while content on disk has modification time of '2026-02-18T01:06:08.3502784Z'
Number of updated asset objects reloaded before import = 0Number of asset objects unloaded after import = 0

========================================================================
Received Import Request.
  Time since last request: 0.000013 seconds.
  path: Assets/Scripts/Inventory/Crafting/CraftingUI.cs
  artifactKey: Guid(f7b601b8b4b700d46aa083ff8f62b2f9) Importer(815301076,1909f56bfc062723c751e8b465ee728b)
Start importing Assets/Scripts/Inventory/Crafting/CraftingUI.cs using Guid(f7b601b8b4b700d46aa083ff8f62b2f9) Importer(815301076,1909f56bfc062723c751e8b465ee728b) (PreviewImporter) -> (artifact id: '00000000000000000000000000000000') in 0.0004461 seconds
Import Error Code:(4)
Message: Build asset version error: assets/scripts/inventory/crafting/craftingui.cs in SourceAssetDB has modification time of '2026-02-18T01:06:02.1993851Z' while content on disk has modification time of '2026-02-18T01:06:08.3502784Z'
  ERROR: Build asset version error: assets/scripts/inventory/crafting/craftingui.cs in SourceAssetDB has modification time of '2026-02-18T01:06:02.1993851Z' while content on disk has modification time of '2026-02-18T01:06:08.3502784Z'
Number of updated asset objects reloaded before import = 0Number of asset objects unloaded after import = 0

========================================================================
Received Import Request.
  Time since last request: 0.000013 seconds.
  path: Assets/Scripts/Inventory/Crafting/CraftingUI.cs
  artifactKey: Guid(f7b601b8b4b700d46aa083ff8f62b2f9) Importer(815301076,1909f56bfc062723c751e8b465ee728b)
Start importing Assets/Scripts/Inventory/Crafting/CraftingUI.cs using Guid(f7b601b8b4b700d46aa083ff8f62b2f9) Importer(815301076,1909f56bfc062723c751e8b465ee728b) (PreviewImporter) -> (artifact id: '00000000000000000000000000000000') in 0.0005604 seconds
Import Error Code:(4)
Message: Build asset version error: assets/scripts/inventory/crafting/craftingui.cs in SourceAssetDB has modification time of '2026-02-18T01:06:02.1993851Z' while content on disk has modification time of '2026-02-18T01:06:08.3502784Z'
  ERROR: Build asset version error: assets/scripts/inventory/crafting/craftingui.cs in SourceAssetDB has modification time of '2026-02-18T01:06:02.1993851Z' while content on disk has modification time of '2026-02-18T01:06:08.3502784Z'
Number of updated asset objects reloaded before import = 0Number of asset objects unloaded after import = 0

========================================================================
Received Import Request.
  Time since last request: 0.000015 seconds.
  path: Assets/Scripts/Inventory/Crafting/CraftingUI.cs
  artifactKey: Guid(f7b601b8b4b700d46aa083ff8f62b2f9) Importer(815301076,1909f56bfc062723c751e8b465ee728b)
Start importing Assets/Scripts/Inventory/Crafting/CraftingUI.cs using Guid(f7b601b8b4b700d46aa083ff8f62b2f9) Importer(815301076,1909f56bfc062723c751e8b465ee728b) (PreviewImporter) -> (artifact id: '00000000000000000000000000000000') in 0.0004432 seconds
Import Error Code:(4)
Message: Build asset version error: assets/scripts/inventory/crafting/craftingui.cs in SourceAssetDB has modification time of '2026-02-18T01:06:02.1993851Z' while content on disk has modification time of '2026-02-18T01:06:08.3502784Z'
  ERROR: Build asset version error: assets/scripts/inventory/crafting/craftingui.cs in SourceAssetDB has modification time of '2026-02-18T01:06:02.1993851Z' while content on disk has modification time of '2026-02-18T01:06:08.3502784Z'
Number of updated asset objects reloaded before import = 0Number of asset objects unloaded after import = 0

========================================================================
Received Import Request.
  Time since last request: 0.000013 seconds.
  path: Assets/Scripts/Inventory/Crafting/CraftingUI.cs
  artifactKey: Guid(f7b601b8b4b700d46aa083ff8f62b2f9) Importer(815301076,1909f56bfc062723c751e8b465ee728b)
Start importing Assets/Scripts/Inventory/Crafting/CraftingUI.cs using Guid(f7b601b8b4b700d46aa083ff8f62b2f9) Importer(815301076,1909f56bfc062723c751e8b465ee728b) (PreviewImporter) -> (artifact id: '00000000000000000000000000000000') in 0.0004314 seconds
Import Error Code:(4)
Message: Build asset version error: assets/scripts/inventory/crafting/craftingui.cs in SourceAssetDB has modification time of '2026-02-18T01:06:02.1993851Z' while content on disk has modification time of '2026-02-18T01:06:08.3502784Z'
  ERROR: Build asset version error: assets/scripts/inventory/crafting/craftingui.cs in SourceAssetDB has modification time of '2026-02-18T01:06:02.1993851Z' while content on disk has modification time of '2026-02-18T01:06:08.3502784Z'
Number of updated asset objects reloaded before import = 0Number of asset objects unloaded after import = 0

========================================================================
Received Import Request.
  Time since last request: 0.000013 seconds.
  path: Assets/Scripts/Inventory/Crafting/CraftingUI.cs
  artifactKey: Guid(f7b601b8b4b700d46aa083ff8f62b2f9) Importer(815301076,1909f56bfc062723c751e8b465ee728b)
Start importing Assets/Scripts/Inventory/Crafting/CraftingUI.cs using Guid(f7b601b8b4b700d46aa083ff8f62b2f9) Importer(815301076,1909f56bfc062723c751e8b465ee728b) (PreviewImporter) -> (artifact id: '00000000000000000000000000000000') in 0.0004572 seconds
Import Error Code:(4)
Message: Build asset version error: assets/scripts/inventory/crafting/craftingui.cs in SourceAssetDB has modification time of '2026-02-18T01:06:02.1993851Z' while content on disk has modification time of '2026-02-18T01:06:08.3502784Z'
  ERROR: Build asset version error: assets/scripts/inventory/crafting/craftingui.cs in SourceAssetDB has modification time of '2026-02-18T01:06:02.1993851Z' while content on disk has modification time of '2026-02-18T01:06:08.3502784Z'
Number of updated asset objects reloaded before import = 0Number of asset objects unloaded after import = 0

========================================================================
Received Import Request.
  Time since last request: 0.000013 seconds.
  path: Assets/Scripts/Inventory/Crafting/CraftingUI.cs
  artifactKey: Guid(f7b601b8b4b700d46aa083ff8f62b2f9) Importer(815301076,1909f56bfc062723c751e8b465ee728b)
Start importing Assets/Scripts/Inventory/Crafting/CraftingUI.cs using Guid(f7b601b8b4b700d46aa083ff8f62b2f9) Importer(815301076,1909f56bfc062723c751e8b465ee728b) (PreviewImporter) -> (artifact id: '00000000000000000000000000000000') in 0.0004463 seconds
Import Error Code:(4)
Message: Build asset version error: assets/scripts/inventory/crafting/craftingui.cs in SourceAssetDB has modification time of '2026-02-18T01:06:02.1993851Z' while content on disk has modification time of '2026-02-18T01:06:08.3502784Z'
  ERROR: Build asset version error: assets/scripts/inventory/crafting/craftingui.cs in SourceAssetDB has modification time of '2026-02-18T01:06:02.1993851Z' while content on disk has modification time of '2026-02-18T01:06:08.3502784Z'
Number of updated asset objects reloaded before import = 0Number of asset objects unloaded after import = 0

========================================================================
Received Import Request.
  Time since last request: 0.000013 seconds.
  path: Assets/Scripts/Inventory/Crafting/CraftingUI.cs
  artifactKey: Guid(f7b601b8b4b700d46aa083ff8f62b2f9) Importer(815301076,1909f56bfc062723c751e8b465ee728b)
Start importing Assets/Scripts/Inventory/Crafting/CraftingUI.cs using Guid(f7b601b8b4b700d46aa083ff8f62b2f9) Importer(815301076,1909f56bfc062723c751e8b465ee728b) (PreviewImporter) -> (artifact id: '00000000000000000000000000000000') in 0.000488 seconds
Import Error Code:(4)
Message: Build asset version error: assets/scripts/inventory/crafting/craftingui.cs in SourceAssetDB has modification time of '2026-02-18T01:06:02.1993851Z' while content on disk has modification time of '2026-02-18T01:06:08.3502784Z'
  ERROR: Build asset version error: assets/scripts/inventory/crafting/craftingui.cs in SourceAssetDB has modification time of '2026-02-18T01:06:02.1993851Z' while content on disk has modification time of '2026-02-18T01:06:08.3502784Z'
Number of updated asset objects reloaded before import = 0Number of asset objects unloaded after import = 0

========================================================================
Received Import Request.
  Time since last request: 0.000017 seconds.
  path: Assets/Scripts/Inventory/Crafting/CraftingUI.cs
  artifactKey: Guid(f7b601b8b4b700d46aa083ff8f62b2f9) Importer(815301076,1909f56bfc062723c751e8b465ee728b)
Start importing Assets/Scripts/Inventory/Crafting/CraftingUI.cs using Guid(f7b601b8b4b700d46aa083ff8f62b2f9) Importer(815301076,1909f56bfc062723c751e8b465ee728b) (PreviewImporter) -> (artifact id: '00000000000000000000000000000000') in 0.0004462 seconds
Import Error Code:(4)
Message: Build asset version error: assets/scripts/inventory/crafting/craftingui.cs in SourceAssetDB has modification time of '2026-02-18T01:06:02.1993851Z' while content on disk has modification time of '2026-02-18T01:06:08.3502784Z'
  ERROR: Build asset version error: assets/scripts/inventory/crafting/craftingui.cs in SourceAssetDB has modification time of '2026-02-18T01:06:02.1993851Z' while content on disk has modification time of '2026-02-18T01:06:08.3502784Z'
Number of updated asset objects reloaded before import = 0Number of asset objects unloaded after import = 0

========================================================================
Received Import Request.
  Time since last request: 0.000020 seconds.
  path: Assets/Scripts/Inventory/Crafting/CraftingUI.cs
  artifactKey: Guid(f7b601b8b4b700d46aa083ff8f62b2f9) Importer(815301076,1909f56bfc062723c751e8b465ee728b)
Start importing Assets/Scripts/Inventory/Crafting/CraftingUI.cs using Guid(f7b601b8b4b700d46aa083ff8f62b2f9) Importer(815301076,1909f56bfc062723c751e8b465ee728b) (PreviewImporter) -> (artifact id: '00000000000000000000000000000000') in 0.0004366 seconds
Import Error Code:(4)
Message: Build asset version error: assets/scripts/inventory/crafting/craftingui.cs in SourceAssetDB has modification time of '2026-02-18T01:06:02.1993851Z' while content on disk has modification time of '2026-02-18T01:06:08.3502784Z'
  ERROR: Build asset version error: assets/scripts/inventory/crafting/craftingui.cs in SourceAssetDB has modification time of '2026-02-18T01:06:02.1993851Z' while content on disk has modification time of '2026-02-18T01:06:08.3502784Z'
Number of updated asset objects reloaded before import = 0Number of asset objects unloaded after import = 0

========================================================================
Received Import Request.
  Time since last request: 0.000015 seconds.
  path: Assets/Scripts/Inventory/Crafting/CraftingUI.cs
  artifactKey: Guid(f7b601b8b4b700d46aa083ff8f62b2f9) Importer(815301076,1909f56bfc062723c751e8b465ee728b)
Start importing Assets/Scripts/Inventory/Crafting/CraftingUI.cs using Guid(f7b601b8b4b700d46aa083ff8f62b2f9) Importer(815301076,1909f56bfc062723c751e8b465ee728b) (PreviewImporter) -> (artifact id: '00000000000000000000000000000000') in 0.0006825 seconds
Import Error Code:(4)
Message: Build asset version error: assets/scripts/inventory/crafting/craftingui.cs in SourceAssetDB has modification time of '2026-02-18T01:06:02.1993851Z' while content on disk has modification time of '2026-02-18T01:06:08.3502784Z'
  ERROR: Build asset version error: assets/scripts/inventory/crafting/craftingui.cs in SourceAssetDB has modification time of '2026-02-18T01:06:02.1993851Z' while content on disk has modification time of '2026-02-18T01:06:08.3502784Z'
Number of updated asset objects reloaded before import = 0Number of asset objects unloaded after import = 0

========================================================================
Received Import Request.
  Time since last request: 0.000013 seconds.
  path: Assets/Scripts/Inventory/Crafting/CraftingUI.cs
  artifactKey: Guid(f7b601b8b4b700d46aa083ff8f62b2f9) Importer(815301076,1909f56bfc062723c751e8b465ee728b)
Start importing Assets/Scripts/Inventory/Crafting/CraftingUI.cs using Guid(f7b601b8b4b700d46aa083ff8f62b2f9) Importer(815301076,1909f56bfc062723c751e8b465ee728b) (PreviewImporter) -> (artifact id: '00000000000000000000000000000000') in 0.0004416 seconds
Import Error Code:(4)
Message: Build asset version error: assets/scripts/inventory/crafting/craftingui.cs in SourceAssetDB has modification time of '2026-02-18T01:06:02.1993851Z' while content on disk has modification time of '2026-02-18T01:06:08.3502784Z'
  ERROR: Build asset version error: assets/scripts/inventory/crafting/craftingui.cs in SourceAssetDB has modification time of '2026-02-18T01:06:02.1993851Z' while content on disk has modification time of '2026-02-18T01:06:08.3502784Z'
Number of updated asset objects reloaded before import = 0Number of asset objects unloaded after import = 0

========================================================================
Received Import Request.
  Time since last request: 0.000014 seconds.
  path: Assets/Scripts/Inventory/Crafting/CraftingUI.cs
  artifactKey: Guid(f7b601b8b4b700d46aa083ff8f62b2f9) Importer(815301076,1909f56bfc062723c751e8b465ee728b)
Start importing Assets/Scripts/Inventory/Crafting/CraftingUI.cs using Guid(f7b601b8b4b700d46aa083ff8f62b2f9) Importer(815301076,1909f56bfc062723c751e8b465ee728b) (PreviewImporter) -> (artifact id: '00000000000000000000000000000000') in 0.0004263 seconds
Import Error Code:(4)
Message: Build asset version error: assets/scripts/inventory/crafting/craftingui.cs in SourceAssetDB has modification time of '2026-02-18T01:06:02.1993851Z' while content on disk has modification time of '2026-02-18T01:06:08.3502784Z'
  ERROR: Build asset version error: assets/scripts/inventory/crafting/craftingui.cs in SourceAssetDB has modification time of '2026-02-18T01:06:02.1993851Z' while content on disk has modification time of '2026-02-18T01:06:08.3502784Z'
Number of updated asset objects reloaded before import = 0Number of asset objects unloaded after import = 0

========================================================================
Received Import Request.
  Time since last request: 0.000019 seconds.
  path: Assets/Scripts/Inventory/Crafting/CraftingUI.cs
  artifactKey: Guid(f7b601b8b4b700d46aa083ff8f62b2f9) Importer(815301076,1909f56bfc062723c751e8b465ee728b)
Start importing Assets/Scripts/Inventory/Crafting/CraftingUI.cs using Guid(f7b601b8b4b700d46aa083ff8f62b2f9) Importer(815301076,1909f56bfc062723c751e8b465ee728b) (PreviewImporter) -> (artifact id: '00000000000000000000000000000000') in 0.0004463 seconds
Import Error Code:(4)
Message: Build asset version error: assets/scripts/inventory/crafting/craftingui.cs in SourceAssetDB has modification time of '2026-02-18T01:06:02.1993851Z' while content on disk has modification time of '2026-02-18T01:06:08.3502784Z'
  ERROR: Build asset version error: assets/scripts/inventory/crafting/craftingui.cs in SourceAssetDB has modification time of '2026-02-18T01:06:02.1993851Z' while content on disk has modification time of '2026-02-18T01:06:08.3502784Z'
Number of updated asset objects reloaded before import = 0Number of asset objects unloaded after import = 0

========================================================================
Received Prepare
Begin MonoManager ReloadAssembly
- Loaded All Assemblies, in  0.640 seconds
Refreshing native plugins compatible for Editor in 1.32 ms, found 4 plugins.
Native extension for Android target not found
Native extension for WindowsStandalone target not found
Mono: successfully reloaded assembly
- Finished resetting the current domain, in  0.656 seconds
Domain Reload Profiling: 1296ms
	BeginReloadAssembly (171ms)
		ExecutionOrderSort (0ms)
		DisableScriptedObjects (16ms)
		BackupInstance (0ms)
		ReleaseScriptingObjects (0ms)
		CreateAndSetChildDomain (40ms)
	RebuildCommonClasses (26ms)
	RebuildNativeTypeToScriptingClass (10ms)
	initialDomainReloadingComplete (25ms)
	LoadAllAssembliesAndSetupDomain (407ms)
		LoadAssemblies (303ms)
		RebuildTransferFunctionScriptingTraits (0ms)
		AnalyzeDomain (179ms)
			TypeCache.Refresh (8ms)
				TypeCache.ScanAssembly (1ms)
			BuildScriptInfoCaches (156ms)
			ResolveRequiredComponents (10ms)
	FinalizeReload (657ms)
		ReleaseScriptCaches (0ms)
		RebuildScriptCaches (0ms)
		SetupLoadedEditorAssemblies (471ms)
			LogAssemblyErrors (0ms)
			InitializePlatformSupportModulesInManaged (10ms)
			SetLoadedEditorAssemblies (7ms)
			BeforeProcessingInitializeOnLoad (103ms)
			ProcessInitializeOnLoadAttributes (294ms)
			ProcessInitializeOnLoadMethodAttributes (51ms)
			AfterProcessingInitializeOnLoad (5ms)
			EditorAssembliesLoaded (0ms)
		ExecutionOrderSort2 (0ms)
		AwakeInstancesAfterBackupRestoration (10ms)
Refreshing native plugins compatible for Editor in 1.62 ms, found 4 plugins.
Preloading 0 native plugins for Editor in 0.00 ms.
Unloading 13 Unused Serialized files (Serialized files now loaded: 0)
Unloading 6806 unused Assets / (4.3 MB). Loaded Objects now: 7573.
Memory consumption went from 158.7 MB to 154.4 MB.
Total: 7.354200 ms (FindLiveObjects: 0.706500 ms CreateObjectMapping: 0.655600 ms MarkObjects: 3.996600 ms  DeleteObjects: 1.994500 ms)

Prepare: number of updated asset objects reloaded= 0
========================================================================
Received Import Request.
  Time since last request: 52.908774 seconds.
  path: Assets/Prefab/Inventory/Weapon/New Crafting Recipe.asset
  artifactKey: Guid(63899cda558d5f7448dd4e16e9ce84f2) Importer(815301076,1909f56bfc062723c751e8b465ee728b)
Start importing Assets/Prefab/Inventory/Weapon/New Crafting Recipe.asset using Guid(63899cda558d5f7448dd4e16e9ce84f2) Importer(815301076,1909f56bfc062723c751e8b465ee728b) (PreviewImporter) -> (artifact id: 'e47528fef02fb174e853d2e386e73529') in 0.0259356 seconds
Number of updated asset objects reloaded before import = 0Number of asset objects unloaded after import = 1

========================================================================
Received Import Request.
  Time since last request: 7.365998 seconds.
  path: Assets/Prefab/Inventory/Weapon/NullGranade.asset
  artifactKey: Guid(63899cda558d5f7448dd4e16e9ce84f2) Importer(815301076,1909f56bfc062723c751e8b465ee728b)
Start importing Assets/Prefab/Inventory/Weapon/NullGranade.asset using Guid(63899cda558d5f7448dd4e16e9ce84f2) Importer(815301076,1909f56bfc062723c751e8b465ee728b) (PreviewImporter) -> (artifact id: '9e242314d8c74f8ab961fbdba4eaf0be') in 0.0010501 seconds
Number of updated asset objects reloaded before import = 0Number of asset objects unloaded after import = 1

========================================================================
Received Import Request.
  Time since last request: 76.192099 seconds.
  path: Assets/Prefab/Inventory/Weapon/Null Grenade Ability.asset
  artifactKey: Guid(4af69145838c51449b0e2404b9a78430) Importer(815301076,1909f56bfc062723c751e8b465ee728b)
Start importing Assets/Prefab/Inventory/Weapon/Null Grenade Ability.asset using Guid(4af69145838c51449b0e2404b9a78430) Importer(815301076,1909f56bfc062723c751e8b465ee728b) (PreviewImporter) -> (artifact id: '6b11e5347638940edbbcdad8d5ebe91d') in 0.001864 seconds
Number of updated asset objects reloaded before import = 0Number of asset objects unloaded after import = 1

========================================================================
Received Import Request.
  Time since last request: 25.202785 seconds.
  path: Assets/Prefab/Inventory/Weapon/NullGranade
  artifactKey: Guid(9d420bcf0f2beed48b04cfe7824ab14d) Importer(815301076,1909f56bfc062723c751e8b465ee728b)
Start importing Assets/Prefab/Inventory/Weapon/NullGranade using Guid(9d420bcf0f2beed48b04cfe7824ab14d) Importer(815301076,1909f56bfc062723c751e8b465ee728b) (PreviewImporter) -> (artifact id: '598ad9bff7082f5b218532a96aff1403') in 0.0006741 seconds
Number of updated asset objects reloaded before import = 0Number of asset objects unloaded after import = 0

========================================================================
Received Import Request.
  Time since last request: 6.022344 seconds.
  path: Assets/Prefab/Inventory/Weapon/New Folder
  artifactKey: Guid(520a8e826c18ad649aa07d2989d9330b) Importer(815301076,1909f56bfc062723c751e8b465ee728b)
Start importing Assets/Prefab/Inventory/Weapon/New Folder using Guid(520a8e826c18ad649aa07d2989d9330b) Importer(815301076,1909f56bfc062723c751e8b465ee728b) (PreviewImporter) -> (artifact id: '4d3cdc03e8a203152a684607f06506b7') in 0.0005074 seconds
Number of updated asset objects reloaded before import = 0Number of asset objects unloaded after import = 0

========================================================================
Received Import Request.
  Time since last request: 14.166716 seconds.
  path: Assets/Prefab/Inventory/Weapon/AssetsPrefabInventoryWeaponNew Folder
  artifactKey: Guid(520a8e826c18ad649aa07d2989d9330b) Importer(815301076,1909f56bfc062723c751e8b465ee728b)
Start importing Assets/Prefab/Inventory/Weapon/AssetsPrefabInventoryWeaponNew Folder using Guid(520a8e826c18ad649aa07d2989d9330b) Importer(815301076,1909f56bfc062723c751e8b465ee728b) (PreviewImporter) -> (artifact id: '3f66d3ba05e491f5c74c57a30ddd0c71') in 0.0006357 seconds
Number of updated asset objects reloaded before import = 0Number of asset objects unloaded after import = 0

========================================================================
Received Import Request.
  Time since last request: 9.118902 seconds.
  path: Assets/Prefab/Inventory/Weapon/ExplosiveGranade
  artifactKey: Guid(520a8e826c18ad649aa07d2989d9330b) Importer(815301076,1909f56bfc062723c751e8b465ee728b)
Start importing Assets/Prefab/Inventory/Weapon/ExplosiveGranade using Guid(520a8e826c18ad649aa07d2989d9330b) Importer(815301076,1909f56bfc062723c751e8b465ee728b) (PreviewImporter) -> (artifact id: 'f289c5d50408493b743d6bd6e9914e23') in 0.000597 seconds
Number of updated asset objects reloaded before import = 0Number of asset objects unloaded after import = 0

========================================================================
Received Import Request.
  Time since last request: 12.670695 seconds.
  path: Assets/Prefab/Inventory/Weapon/ExplosiveGranade/Grenade Ability.asset
  artifactKey: Guid(8ba0ac5780dcbdc4fbe15712957c4781) Importer(815301076,1909f56bfc062723c751e8b465ee728b)
Start importing Assets/Prefab/Inventory/Weapon/ExplosiveGranade/Grenade Ability.asset using Guid(8ba0ac5780dcbdc4fbe15712957c4781) Importer(815301076,1909f56bfc062723c751e8b465ee728b) (PreviewImporter) -> (artifact id: 'b6c1773560445982fc233231f3c00001') in 0.0014624 seconds
Number of updated asset objects reloaded before import = 0Number of asset objects unloaded after import = 1

========================================================================
Received Import Request.
  Time since last request: 29.905923 seconds.
  path: Assets/Prefab/Inventory/Weapon/ExplosiveGranade/ExplosiveGranade.asset
  artifactKey: Guid(5c4f465417ff2a0409667f5c1f764456) Importer(815301076,1909f56bfc062723c751e8b465ee728b)
Start importing Assets/Prefab/Inventory/Weapon/ExplosiveGranade/ExplosiveGranade.asset using Guid(5c4f465417ff2a0409667f5c1f764456) Importer(815301076,1909f56bfc062723c751e8b465ee728b) (PreviewImporter) -> (artifact id: '31825153d60c038d4c1fa974f937508c') in 0.001401 seconds
Number of updated asset objects reloaded before import = 0Number of asset objects unloaded after import = 1

========================================================================
Received Import Request.
  Time since last request: 27.933250 seconds.
  path: Assets/Prefab/Inventory/Weapon/NullGranade/Null Grenade Ability.asset
  artifactKey: Guid(4af69145838c51449b0e2404b9a78430) Importer(815301076,1909f56bfc062723c751e8b465ee728b)
Start importing Assets/Prefab/Inventory/Weapon/NullGranade/Null Grenade Ability.asset using Guid(4af69145838c51449b0e2404b9a78430) Importer(815301076,1909f56bfc062723c751e8b465ee728b) (PreviewImporter) -> (artifact id: 'bfe0cc6c9e794fe822b112ba72de6ef4') in 0.0051605 seconds
Number of updated asset objects reloaded before import = 0Number of asset objects unloaded after import = 9

========================================================================
Received Import Request.
  Time since last request: 4.055727 seconds.
  path: Assets/Prefab/Inventory/Weapon/NullGranade/NullGranade.asset
  artifactKey: Guid(63899cda558d5f7448dd4e16e9ce84f2) Importer(815301076,1909f56bfc062723c751e8b465ee728b)
Start importing Assets/Prefab/Inventory/Weapon/NullGranade/NullGranade.asset using Guid(63899cda558d5f7448dd4e16e9ce84f2) Importer(815301076,1909f56bfc062723c751e8b465ee728b) (PreviewImporter) -> (artifact id: '64306a44f8659fb68b9de7a86bb69d24') in 0.0026931 seconds
Number of updated asset objects reloaded before import = 0Number of asset objects unloaded after import = 5

========================================================================
Received Prepare
Begin MonoManager ReloadAssembly
- Loaded All Assemblies, in  0.706 seconds
Refreshing native plugins compatible for Editor in 1.41 ms, found 4 plugins.
Native extension for Android target not found
Native extension for WindowsStandalone target not found
Mono: successfully reloaded assembly
- Finished resetting the current domain, in  0.676 seconds
Domain Reload Profiling: 1382ms
	BeginReloadAssembly (192ms)
		ExecutionOrderSort (0ms)
		DisableScriptedObjects (12ms)
		BackupInstance (0ms)
		ReleaseScriptingObjects (0ms)
		CreateAndSetChildDomain (47ms)
	RebuildCommonClasses (33ms)
	RebuildNativeTypeToScriptingClass (11ms)
	initialDomainReloadingComplete (27ms)
	LoadAllAssembliesAndSetupDomain (443ms)
		LoadAssemblies (357ms)
		RebuildTransferFunctionScriptingTraits (0ms)
		AnalyzeDomain (180ms)
			TypeCache.Refresh (7ms)
				TypeCache.ScanAssembly (0ms)
			BuildScriptInfoCaches (158ms)
			ResolveRequiredComponents (11ms)
	FinalizeReload (677ms)
		ReleaseScriptCaches (0ms)
		RebuildScriptCaches (0ms)
		SetupLoadedEditorAssemblies (497ms)
			LogAssemblyErrors (0ms)
			InitializePlatformSupportModulesInManaged (10ms)
			SetLoadedEditorAssemblies (5ms)
			BeforeProcessingInitializeOnLoad (103ms)
			ProcessInitializeOnLoadAttributes (324ms)
			ProcessInitializeOnLoadMethodAttributes (50ms)
			AfterProcessingInitializeOnLoad (5ms)
			EditorAssembliesLoaded (0ms)
		ExecutionOrderSort2 (0ms)
		AwakeInstancesAfterBackupRestoration (9ms)
Refreshing native plugins compatible for Editor in 1.54 ms, found 4 plugins.
Preloading 0 native plugins for Editor in 0.00 ms.
Unloading 13 Unused Serialized files (Serialized files now loaded: 0)
Unloading 6806 unused Assets / (4.4 MB). Loaded Objects now: 7576.
Memory consumption went from 158.7 MB to 154.3 MB.
Total: 7.055900 ms (FindLiveObjects: 0.638200 ms CreateObjectMapping: 0.552100 ms MarkObjects: 3.753000 ms  DeleteObjects: 2.111800 ms)

Prepare: number of updated asset objects reloaded= 0
========================================================================
Received Prepare
Begin MonoManager ReloadAssembly
- Loaded All Assemblies, in  0.613 seconds
Refreshing native plugins compatible for Editor in 1.81 ms, found 4 plugins.
Native extension for Android target not found
Native extension for WindowsStandalone target not found
Mono: successfully reloaded assembly
- Finished resetting the current domain, in  0.643 seconds
Domain Reload Profiling: 1255ms
	BeginReloadAssembly (171ms)
		ExecutionOrderSort (0ms)
		DisableScriptedObjects (17ms)
		BackupInstance (0ms)
		ReleaseScriptingObjects (0ms)
		CreateAndSetChildDomain (36ms)
	RebuildCommonClasses (31ms)
	RebuildNativeTypeToScriptingClass (11ms)
	initialDomainReloadingComplete (27ms)
	LoadAllAssembliesAndSetupDomain (372ms)
		LoadAssemblies (295ms)
		RebuildTransferFunctionScriptingTraits (0ms)
		AnalyzeDomain (155ms)
			TypeCache.Refresh (6ms)
				TypeCache.ScanAssembly (0ms)
			BuildScriptInfoCaches (137ms)
			ResolveRequiredComponents (9ms)
	FinalizeReload (644ms)
		ReleaseScriptCaches (0ms)
		RebuildScriptCaches (0ms)
		SetupLoadedEditorAssemblies (465ms)
			LogAssemblyErrors (0ms)
			InitializePlatformSupportModulesInManaged (10ms)
			SetLoadedEditorAssemblies (6ms)
			BeforeProcessingInitializeOnLoad (106ms)
			ProcessInitializeOnLoadAttributes (286ms)
			ProcessInitializeOnLoadMethodAttributes (52ms)
			AfterProcessingInitializeOnLoad (6ms)
			EditorAssembliesLoaded (0ms)
		ExecutionOrderSort2 (0ms)
		AwakeInstancesAfterBackupRestoration (11ms)
Refreshing native plugins compatible for Editor in 1.63 ms, found 4 plugins.
Preloading 0 native plugins for Editor in 0.00 ms.
Unloading 13 Unused Serialized files (Serialized files now loaded: 0)
Unloading 6806 unused Assets / (4.2 MB). Loaded Objects now: 7579.
Memory consumption went from 158.7 MB to 154.5 MB.
Total: 6.431900 ms (FindLiveObjects: 0.575500 ms CreateObjectMapping: 0.522800 ms MarkObjects: 3.500800 ms  DeleteObjects: 1.832100 ms)

Prepare: number of updated asset objects reloaded= 0
========================================================================
Received Prepare
Begin MonoManager ReloadAssembly
- Loaded All Assemblies, in  0.641 seconds
Refreshing native plugins compatible for Editor in 1.91 ms, found 4 plugins.
Native extension for Android target not found
Native extension for WindowsStandalone target not found
Mono: successfully reloaded assembly
- Finished resetting the current domain, in  0.634 seconds
Domain Reload Profiling: 1274ms
	BeginReloadAssembly (164ms)
		ExecutionOrderSort (0ms)
		DisableScriptedObjects (13ms)
		BackupInstance (0ms)
		ReleaseScriptingObjects (0ms)
		CreateAndSetChildDomain (35ms)
	RebuildCommonClasses (31ms)
	RebuildNativeTypeToScriptingClass (11ms)
	initialDomainReloadingComplete (27ms)
	LoadAllAssembliesAndSetupDomain (407ms)
		LoadAssemblies (292ms)
		RebuildTransferFunctionScriptingTraits (0ms)
		AnalyzeDomain (193ms)
			TypeCache.Refresh (7ms)
				TypeCache.ScanAssembly (0ms)
			BuildScriptInfoCaches (171ms)
			ResolveRequiredComponents (10ms)
	FinalizeReload (634ms)
		ReleaseScriptCaches (0ms)
		RebuildScriptCaches (0ms)
		SetupLoadedEditorAssemblies (460ms)
			LogAssemblyErrors (0ms)
			InitializePlatformSupportModulesInManaged (10ms)
			SetLoadedEditorAssemblies (6ms)
			BeforeProcessingInitializeOnLoad (100ms)
			ProcessInitializeOnLoadAttributes (279ms)
			ProcessInitializeOnLoadMethodAttributes (59ms)
			AfterProcessingInitializeOnLoad (5ms)
			EditorAssembliesLoaded (0ms)
		ExecutionOrderSort2 (0ms)
		AwakeInstancesAfterBackupRestoration (10ms)
Refreshing native plugins compatible for Editor in 1.66 ms, found 4 plugins.
Preloading 0 native plugins for Editor in 0.00 ms.
Unloading 13 Unused Serialized files (Serialized files now loaded: 0)
Unloading 6806 unused Assets / (4.5 MB). Loaded Objects now: 7582.
Memory consumption went from 158.7 MB to 154.2 MB.
Total: 7.883700 ms (FindLiveObjects: 0.865200 ms CreateObjectMapping: 0.711000 ms MarkObjects: 3.977600 ms  DeleteObjects: 2.328400 ms)

Prepare: number of updated asset objects reloaded= 0
========================================================================
Received Prepare
Begin MonoManager ReloadAssembly
- Loaded All Assemblies, in  0.628 seconds
Refreshing native plugins compatible for Editor in 1.54 ms, found 4 plugins.
Native extension for Android target not found
Native extension for WindowsStandalone target not found
Mono: successfully reloaded assembly
- Finished resetting the current domain, in  0.659 seconds
Domain Reload Profiling: 1286ms
	BeginReloadAssembly (183ms)
		ExecutionOrderSort (0ms)
		DisableScriptedObjects (12ms)
		BackupInstance (0ms)
		ReleaseScriptingObjects (0ms)
		CreateAndSetChildDomain (46ms)
	RebuildCommonClasses (29ms)
	RebuildNativeTypeToScriptingClass (11ms)
	initialDomainReloadingComplete (29ms)
	LoadAllAssembliesAndSetupDomain (373ms)
		LoadAssemblies (288ms)
		RebuildTransferFunctionScriptingTraits (0ms)
		AnalyzeDomain (168ms)
			TypeCache.Refresh (6ms)
				TypeCache.ScanAssembly (0ms)
			BuildScriptInfoCaches (150ms)
			ResolveRequiredComponents (9ms)
	FinalizeReload (660ms)
		ReleaseScriptCaches (0ms)
		RebuildScriptCaches (0ms)
		SetupLoadedEditorAssemblies (482ms)
			LogAssemblyErrors (0ms)
			InitializePlatformSupportModulesInManaged (9ms)
			SetLoadedEditorAssemblies (6ms)
			BeforeProcessingInitializeOnLoad (113ms)
			ProcessInitializeOnLoadAttributes (298ms)
			ProcessInitializeOnLoadMethodAttributes (52ms)
			AfterProcessingInitializeOnLoad (5ms)
			EditorAssembliesLoaded (0ms)
		ExecutionOrderSort2 (0ms)
		AwakeInstancesAfterBackupRestoration (9ms)
Refreshing native plugins compatible for Editor in 1.48 ms, found 4 plugins.
Preloading 0 native plugins for Editor in 0.00 ms.
Unloading 13 Unused Serialized files (Serialized files now loaded: 0)
Unloading 6806 unused Assets / (4.1 MB). Loaded Objects now: 7585.
Memory consumption went from 158.7 MB to 154.6 MB.
Total: 6.591500 ms (FindLiveObjects: 0.587000 ms CreateObjectMapping: 0.524000 ms MarkObjects: 3.703400 ms  DeleteObjects: 1.776500 ms)

Prepare: number of updated asset objects reloaded= 0
========================================================================
Received Import Request.
  Time since last request: 622.813003 seconds.
  path: Assets/Prefab/Enemies/Boss/Astrael, The Null Sovereign/AstraelBoss.prefab
  artifactKey: Guid(3b281540194403f46a1c0e3de6069786) Importer(815301076,1909f56bfc062723c751e8b465ee728b)
Start importing Assets/Prefab/Enemies/Boss/Astrael, The Null Sovereign/AstraelBoss.prefab using Guid(3b281540194403f46a1c0e3de6069786) Importer(815301076,1909f56bfc062723c751e8b465ee728b) (PreviewImporter) -> (artifact id: '9b1003578000aa08b5f31060a7a5d63a') in 0.5452077 seconds
Number of updated asset objects reloaded before import = 0Number of asset objects unloaded after import = 187

========================================================================
Received Import Request.
  Time since last request: 0.348192 seconds.
  path: Assets/Prefab/Enemies/Boss/Astrael, The Null Sovereign/AstraelBoss.prefab
  artifactKey: Guid(3b281540194403f46a1c0e3de6069786) Importer(815301076,1909f56bfc062723c751e8b465ee728b)
Start importing Assets/Prefab/Enemies/Boss/Astrael, The Null Sovereign/AstraelBoss.prefab using Guid(3b281540194403f46a1c0e3de6069786) Importer(815301076,1909f56bfc062723c751e8b465ee728b) (PreviewImporter) -> (artifact id: '57aec3068b6625f7a51a67944ddea2a5') in 0.1277085 seconds
Number of updated asset objects reloaded before import = 0Number of asset objects unloaded after import = 187

========================================================================
Received Import Request.
  Time since last request: 0.249950 seconds.
  path: Assets/Prefab/Enemies/Boss/Astrael, The Null Sovereign/AstraelBoss.prefab
  artifactKey: Guid(3b281540194403f46a1c0e3de6069786) Importer(815301076,1909f56bfc062723c751e8b465ee728b)
Start importing Assets/Prefab/Enemies/Boss/Astrael, The Null Sovereign/AstraelBoss.prefab using Guid(3b281540194403f46a1c0e3de6069786) Importer(815301076,1909f56bfc062723c751e8b465ee728b) (PreviewImporter) -> (artifact id: '77e5f752890aed370a57a243d909b9d2') in 0.1156749 seconds
Number of updated asset objects reloaded before import = 0Number of asset objects unloaded after import = 187

========================================================================
Received Import Request.
  Time since last request: 0.054588 seconds.
  path: Assets/Prefab/Enemies/Boss/Astrael, The Null Sovereign/AstraelBoss.prefab
  artifactKey: Guid(3b281540194403f46a1c0e3de6069786) Importer(815301076,1909f56bfc062723c751e8b465ee728b)
Start importing Assets/Prefab/Enemies/Boss/Astrael, The Null Sovereign/AstraelBoss.prefab using Guid(3b281540194403f46a1c0e3de6069786) Importer(815301076,1909f56bfc062723c751e8b465ee728b) (PreviewImporter) -> (artifact id: '5d32b52d324c78908f1714d9066c9391') in 0.1180136 seconds
Number of updated asset objects reloaded before import = 0Number of asset objects unloaded after import = 187

========================================================================
Received Import Request.
  Time since last request: 1.865990 seconds.
  path: Assets/Prefab/Enemies/Boss/Astrael, The Null Sovereign/AstraelBoss.prefab
  artifactKey: Guid(3b281540194403f46a1c0e3de6069786) Importer(815301076,1909f56bfc062723c751e8b465ee728b)
Start importing Assets/Prefab/Enemies/Boss/Astrael, The Null Sovereign/AstraelBoss.prefab using Guid(3b281540194403f46a1c0e3de6069786) Importer(815301076,1909f56bfc062723c751e8b465ee728b) (PreviewImporter) -> (artifact id: '00000000000000000000000000000000') in 0.157019 seconds
Import Error Code:(4)
Message: Build asset version error: assets/prefab/enemies/boss/astrael, the null sovereign/astraelboss.prefab in SourceAssetDB has modification time of '2026-02-18T01:21:10.2189754Z' while content on disk has modification time of '2026-02-18T01:21:10.4280819Z'
  ERROR: Build asset version error: assets/prefab/enemies/boss/astrael, the null sovereign/astraelboss.prefab in SourceAssetDB has modification time of '2026-02-18T01:21:10.2189754Z' while content on disk has modification time of '2026-02-18T01:21:10.4280819Z'
Number of updated asset objects reloaded before import = 0Number of asset objects unloaded after import = 173

========================================================================
Received Import Request.
  Time since last request: 0.031232 seconds.
  path: Assets/Prefab/Enemies/Boss/Astrael, The Null Sovereign/AstraelBoss.prefab
  artifactKey: Guid(3b281540194403f46a1c0e3de6069786) Importer(815301076,1909f56bfc062723c751e8b465ee728b)
Start importing Assets/Prefab/Enemies/Boss/Astrael, The Null Sovereign/AstraelBoss.prefab using Guid(3b281540194403f46a1c0e3de6069786) Importer(815301076,1909f56bfc062723c751e8b465ee728b) (PreviewImporter) -> (artifact id: '11590c417024c523d9d51f01c2e66d73') in 0.1120019 seconds
Number of updated asset objects reloaded before import = 0Number of asset objects unloaded after import = 187

========================================================================
Received Import Request.
  Time since last request: 1.063081 seconds.
  path: Assets/Prefab/Enemies/Boss/Astrael, The Null Sovereign/AstraelBoss.prefab
  artifactKey: Guid(3b281540194403f46a1c0e3de6069786) Importer(815301076,1909f56bfc062723c751e8b465ee728b)
Start importing Assets/Prefab/Enemies/Boss/Astrael, The Null Sovereign/AstraelBoss.prefab using Guid(3b281540194403f46a1c0e3de6069786) Importer(815301076,1909f56bfc062723c751e8b465ee728b) (PreviewImporter) -> (artifact id: '681e4e43a0a3ede8387137c6cbf12c71') in 0.1135681 seconds
Number of updated asset objects reloaded before import = 0Number of asset objects unloaded after import = 187

========================================================================
Received Import Request.
  Time since last request: 0.059492 seconds.
  path: Assets/Prefab/Enemies/Boss/Astrael, The Null Sovereign/AstraelBoss.prefab
  artifactKey: Guid(3b281540194403f46a1c0e3de6069786) Importer(815301076,1909f56bfc062723c751e8b465ee728b)
Start importing Assets/Prefab/Enemies/Boss/Astrael, The Null Sovereign/AstraelBoss.prefab using Guid(3b281540194403f46a1c0e3de6069786) Importer(815301076,1909f56bfc062723c751e8b465ee728b) (PreviewImporter) -> (artifact id: 'f89d35ed223c9d1e0b27b447079d3ee6') in 0.1096941 seconds
Number of updated asset objects reloaded before import = 0Number of asset objects unloaded after import = 187

========================================================================
Received Import Request.
  Time since last request: 0.067415 seconds.
  path: Assets/Prefab/Enemies/Boss/Astrael, The Null Sovereign/AstraelBoss.prefab
  artifactKey: Guid(3b281540194403f46a1c0e3de6069786) Importer(815301076,1909f56bfc062723c751e8b465ee728b)
Start importing Assets/Prefab/Enemies/Boss/Astrael, The Null Sovereign/AstraelBoss.prefab using Guid(3b281540194403f46a1c0e3de6069786) Importer(815301076,1909f56bfc062723c751e8b465ee728b) (PreviewImporter) -> (artifact id: 'f072c3d44154e8ab2bd6be2d1836a7a7') in 0.1170218 seconds
Number of updated asset objects reloaded before import = 0Number of asset objects unloaded after import = 187

========================================================================
Received Prepare
Begin MonoManager ReloadAssembly
- Loaded All Assemblies, in  0.627 seconds
Refreshing native plugins compatible for Editor in 1.52 ms, found 4 plugins.
Native extension for Android target not found
Native extension for WindowsStandalone target not found
Mono: successfully reloaded assembly
- Finished resetting the current domain, in  0.664 seconds
Domain Reload Profiling: 1290ms
	BeginReloadAssembly (198ms)
		ExecutionOrderSort (0ms)
		DisableScriptedObjects (25ms)
		BackupInstance (0ms)
		ReleaseScriptingObjects (0ms)
		CreateAndSetChildDomain (55ms)
	RebuildCommonClasses (26ms)
	RebuildNativeTypeToScriptingClass (12ms)
	initialDomainReloadingComplete (24ms)
	LoadAllAssembliesAndSetupDomain (365ms)
		LoadAssemblies (268ms)
		RebuildTransferFunctionScriptingTraits (0ms)
		AnalyzeDomain (174ms)
			TypeCache.Refresh (7ms)
				TypeCache.ScanAssembly (0ms)
			BuildScriptInfoCaches (154ms)
			ResolveRequiredComponents (9ms)
	FinalizeReload (664ms)
		ReleaseScriptCaches (0ms)
		RebuildScriptCaches (0ms)
		SetupLoadedEditorAssemblies (481ms)
			LogAssemblyErrors (0ms)
			InitializePlatformSupportModulesInManaged (10ms)
			SetLoadedEditorAssemblies (6ms)
			BeforeProcessingInitializeOnLoad (112ms)
			ProcessInitializeOnLoadAttributes (294ms)
			ProcessInitializeOnLoadMethodAttributes (53ms)
			AfterProcessingInitializeOnLoad (5ms)
			EditorAssembliesLoaded (0ms)
		ExecutionOrderSort2 (0ms)
		AwakeInstancesAfterBackupRestoration (12ms)
Refreshing native plugins compatible for Editor in 1.39 ms, found 4 plugins.
Preloading 0 native plugins for Editor in 0.00 ms.
Unloading 13 Unused Serialized files (Serialized files now loaded: 0)
Unloading 6806 unused Assets / (4.1 MB). Loaded Objects now: 7610.
Memory consumption went from 160.4 MB to 156.3 MB.
Total: 6.803500 ms (FindLiveObjects: 0.558300 ms CreateObjectMapping: 0.500700 ms MarkObjects: 3.769900 ms  DeleteObjects: 1.973300 ms)

Prepare: number of updated asset objects reloaded= 0
========================================================================
Received Prepare
Begin MonoManager ReloadAssembly
- Loaded All Assemblies, in  0.630 seconds
Refreshing native plugins compatible for Editor in 1.57 ms, found 4 plugins.
Native extension for Android target not found
Native extension for WindowsStandalone target not found
Mono: successfully reloaded assembly
- Finished resetting the current domain, in  0.683 seconds
Domain Reload Profiling: 1312ms
	BeginReloadAssembly (168ms)
		ExecutionOrderSort (0ms)
		DisableScriptedObjects (12ms)
		BackupInstance (0ms)
		ReleaseScriptingObjects (0ms)
		CreateAndSetChildDomain (40ms)
	RebuildCommonClasses (28ms)
	RebuildNativeTypeToScriptingClass (11ms)
	initialDomainReloadingComplete (25ms)
	LoadAllAssembliesAndSetupDomain (396ms)
		LoadAssemblies (294ms)
		RebuildTransferFunctionScriptingTraits (0ms)
		AnalyzeDomain (179ms)
			TypeCache.Refresh (8ms)
				TypeCache.ScanAssembly (0ms)
			BuildScriptInfoCaches (159ms)
			ResolveRequiredComponents (9ms)
	FinalizeReload (684ms)
		ReleaseScriptCaches (0ms)
		RebuildScriptCaches (0ms)
		SetupLoadedEditorAssemblies (488ms)
			LogAssemblyErrors (0ms)
			InitializePlatformSupportModulesInManaged (11ms)
			SetLoadedEditorAssemblies (6ms)
			BeforeProcessingInitializeOnLoad (110ms)
			ProcessInitializeOnLoadAttributes (302ms)
			ProcessInitializeOnLoadMethodAttributes (53ms)
			AfterProcessingInitializeOnLoad (6ms)
			EditorAssembliesLoaded (0ms)
		ExecutionOrderSort2 (0ms)
		AwakeInstancesAfterBackupRestoration (13ms)
Refreshing native plugins compatible for Editor in 1.38 ms, found 4 plugins.
Preloading 0 native plugins for Editor in 0.00 ms.
Unloading 13 Unused Serialized files (Serialized files now loaded: 0)
Unloading 6806 unused Assets / (4.0 MB). Loaded Objects now: 7613.
Memory consumption went from 160.3 MB to 156.2 MB.
Total: 6.143500 ms (FindLiveObjects: 0.567600 ms CreateObjectMapping: 0.501100 ms MarkObjects: 3.479000 ms  DeleteObjects: 1.594900 ms)

Prepare: number of updated asset objects reloaded= 0
========================================================================
Received Import Request.
  Time since last request: 1195.838566 seconds.
  path: Assets/Scripts/Enemies/Enemy.cs
  artifactKey: Guid(b169a1293b4c02c48b67e1539191d7ee) Importer(815301076,1909f56bfc062723c751e8b465ee728b)
Start importing Assets/Scripts/Enemies/Enemy.cs using Guid(b169a1293b4c02c48b67e1539191d7ee) Importer(815301076,1909f56bfc062723c751e8b465ee728b) (PreviewImporter) -> (artifact id: 'd96ced98caba1c8bea272e0b3950fae1') in 0.01135 seconds
Number of updated asset objects reloaded before import = 0Number of asset objects unloaded after import = 0

========================================================================
Received Prepare
Begin MonoManager ReloadAssembly
- Loaded All Assemblies, in  0.656 seconds
Refreshing native plugins compatible for Editor in 1.43 ms, found 4 plugins.
Native extension for Android target not found
Native extension for WindowsStandalone target not found
Mono: successfully reloaded assembly
- Finished resetting the current domain, in  0.607 seconds
Domain Reload Profiling: 1262ms
	BeginReloadAssembly (173ms)
		ExecutionOrderSort (0ms)
		DisableScriptedObjects (14ms)
		BackupInstance (0ms)
		ReleaseScriptingObjects (0ms)
		CreateAndSetChildDomain (45ms)
	RebuildCommonClasses (27ms)
	RebuildNativeTypeToScriptingClass (10ms)
	initialDomainReloadingComplete (28ms)
	LoadAllAssembliesAndSetupDomain (417ms)
		LoadAssemblies (293ms)
		RebuildTransferFunctionScriptingTraits (0ms)
		AnalyzeDomain (199ms)
			TypeCache.Refresh (11ms)
				TypeCache.ScanAssembly (1ms)
			BuildScriptInfoCaches (174ms)
			ResolveRequiredComponents (10ms)
	FinalizeReload (607ms)
		ReleaseScriptCaches (0ms)
		RebuildScriptCaches (0ms)
		SetupLoadedEditorAssemblies (443ms)
			LogAssemblyErrors (0ms)
			InitializePlatformSupportModulesInManaged (9ms)
			SetLoadedEditorAssemblies (5ms)
			BeforeProcessingInitializeOnLoad (96ms)
			ProcessInitializeOnLoadAttributes (280ms)
			ProcessInitializeOnLoadMethodAttributes (49ms)
			AfterProcessingInitializeOnLoad (4ms)
			EditorAssembliesLoaded (0ms)
		ExecutionOrderSort2 (0ms)
		AwakeInstancesAfterBackupRestoration (9ms)
Refreshing native plugins compatible for Editor in 1.43 ms, found 4 plugins.
Preloading 0 native plugins for Editor in 0.00 ms.
Unloading 13 Unused Serialized files (Serialized files now loaded: 0)
Unloading 6806 unused Assets / (4.4 MB). Loaded Objects now: 7616.
Memory consumption went from 160.3 MB to 155.9 MB.
Total: 7.382800 ms (FindLiveObjects: 0.619100 ms CreateObjectMapping: 0.568100 ms MarkObjects: 4.028300 ms  DeleteObjects: 2.166100 ms)

Prepare: number of updated asset objects reloaded= 0
========================================================================
Received Import Request.
  Time since last request: 37.277308 seconds.
  path: Assets/Scripts/Enemies/Enemy.cs
  artifactKey: Guid(b169a1293b4c02c48b67e1539191d7ee) Importer(815301076,1909f56bfc062723c751e8b465ee728b)
Start importing Assets/Scripts/Enemies/Enemy.cs using Guid(b169a1293b4c02c48b67e1539191d7ee) Importer(815301076,1909f56bfc062723c751e8b465ee728b) (PreviewImporter) -> (artifact id: 'f312a3098d0b5ab9bca8e11ba1493153') in 0.0056456 seconds
Number of updated asset objects reloaded before import = 0Number of asset objects unloaded after import = 0

