Using pre-set license
Built from '6000.0/staging' branch; Version is '6000.0.41f1 (46e447368a18) revision 4645959'; Using compiler version '193933523'; Build Type 'Release'
OS: 'Windows 11  (10.0.26200) 64bit Professional' Language: 'es' Physical Memory: 16221 MB
BatchMode: 1, IsHumanControllingUs: 0, StartBugReporterOnCrash: 0, Is64bit: 1, IsPro: 1

COMMAND LINE ARGUMENTS:
C:\Program Files\Unity\Hub\Editor\6000.0.41f1\Editor\Unity.exe
-adb2
-batchMode
-noUpm
-name
AssetImportWorker25
-projectPath
C:/Users/Nitropc/Documents/GitHub/Totemtro/Totemtro
-logFile
Logs/AssetImportWorker25.log
-srvPort
54094
-job-worker-count
7
-background-job-worker-count
8
-gc-helper-count
1
Successfully changed project path to: C:/Users/Nitropc/Documents/GitHub/Totemtro/Totemtro
C:/Users/Nitropc/Documents/GitHub/Totemtro/Totemtro
[UnityMemory] Configuration Parameters - Can be set up in boot.config
    "memorysetup-bucket-allocator-granularity=16"
    "memorysetup-bucket-allocator-bucket-count=8"
    "memorysetup-bucket-allocator-block-size=33554432"
    "memorysetup-bucket-allocator-block-count=8"
    "memorysetup-main-allocator-block-size=16777216"
    "memorysetup-thread-allocator-block-size=16777216"
    "memorysetup-gfx-main-allocator-block-size=16777216"
    "memorysetup-gfx-thread-allocator-block-size=16777216"
    "memorysetup-cache-allocator-block-size=4194304"
    "memorysetup-typetree-allocator-block-size=2097152"
    "memorysetup-profiler-bucket-allocator-granularity=16"
    "memorysetup-profiler-bucket-allocator-bucket-count=8"
    "memorysetup-profiler-bucket-allocator-block-size=33554432"
    "memorysetup-profiler-bucket-allocator-block-count=8"
    "memorysetup-profiler-allocator-block-size=16777216"
    "memorysetup-profiler-editor-allocator-block-size=1048576"
    "memorysetup-temp-allocator-size-main=16777216"
    "memorysetup-job-temp-allocator-block-size=2097152"
    "memorysetup-job-temp-allocator-block-size-background=1048576"
    "memorysetup-job-temp-allocator-reduction-small-platforms=262144"
    "memorysetup-allocator-temp-initial-block-size-main=262144"
    "memorysetup-allocator-temp-initial-block-size-worker=262144"
    "memorysetup-temp-allocator-size-background-worker=32768"
    "memorysetup-temp-allocator-size-job-worker=262144"
    "memorysetup-temp-allocator-size-preload-manager=33554432"
    "memorysetup-temp-allocator-size-nav-mesh-worker=65536"
    "memorysetup-temp-allocator-size-audio-worker=65536"
    "memorysetup-temp-allocator-size-cloud-worker=32768"
    "memorysetup-temp-allocator-size-gi-baking-worker=262144"
    "memorysetup-temp-allocator-size-gi-baking-worker=262144"
    "memorysetup-temp-allocator-size-gi-baking-worker=262144"
    "memorysetup-temp-allocator-size-gi-baking-worker=262144"
    "memorysetup-temp-allocator-size-gi-baking-worker=262144"
    "memorysetup-temp-allocator-size-gfx=262144"
Player connection [21848]  Target information:

Player connection [21848]  * "[IP] 192.168.1.17 [Port] 0 [Flags] 2 [Guid] 3175942009 [EditorId] 3175942009 [Version] 1048832 [Id] WindowsEditor(7,DZka1) [Debug] 1 [PackageName] WindowsEditor [ProjectName] Editor" 

Player connection [21848] Host joined multi-casting on [225.0.0.222:54997]...
Player connection [21848] Host joined alternative multi-casting on [225.0.0.222:34997]...
JobSystem: Creating JobQueue using job-worker-count value 7
Input System module state changed to: Initialized.
[Physics::Module] Initialized fallback backend.
[Physics::Module] Id: 0xdecafbad
Library Redirect Path: Library/
[Physics::Module] Selected backend.
[Physics::Module] Name: PhysX
[Physics::Module] Id: 0xf2b8ea05
[Physics::Module] SDK Version: 4.1.2
[Physics::Module] Integration Version: 1.0.0
[Physics::Module] Threading Mode: Multi-Threaded
Refreshing native plugins compatible for Editor in 3.33 ms, found 4 plugins.
Preloading 0 native plugins for Editor in 0.00 ms.
Initialize engine version: 6000.0.41f1 (46e447368a18)
[Subsystems] Discovering subsystems at path C:/Program Files/Unity/Hub/Editor/6000.0.41f1/Editor/Data/Resources/UnitySubsystems
[Subsystems] Discovering subsystems at path C:/Users/Nitropc/Documents/GitHub/Totemtro/Totemtro/Assets
GfxDevice: creating device client; kGfxThreadingModeNonThreaded
Direct3D:
    Version:  Direct3D 11.0 [level 11.1]
    Renderer: NVIDIA GeForce RTX 2060 (ID=0x1f08)
    Vendor:   NVIDIA
    VRAM:     5955 MB
    Driver:   32.0.15.9159
Initialize mono
Mono path[0] = 'C:/Program Files/Unity/Hub/Editor/6000.0.41f1/Editor/Data/Managed'
Mono path[1] = 'C:/Program Files/Unity/Hub/Editor/6000.0.41f1/Editor/Data/MonoBleedingEdge/lib/mono/unityjit-win32'
Mono config path = 'C:/Program Files/Unity/Hub/Editor/6000.0.41f1/Editor/Data/MonoBleedingEdge/etc'
Using monoOptions --debugger-agent=transport=dt_socket,embedding=1,server=y,suspend=n,address=127.0.0.1:56424
Begin MonoManager ReloadAssembly
Registering precompiled unity dll's ...
Register platform support module: C:/Program Files/Unity/Hub/Editor/6000.0.41f1/Editor/Data/PlaybackEngines/WindowsStandaloneSupport/UnityEditor.WindowsStandalone.Extensions.dll
Register platform support module: C:/Program Files/Unity/Hub/Editor/6000.0.41f1/Editor/Data/PlaybackEngines/AndroidPlayer/UnityEditor.Android.Extensions.dll
Registered in 0.004939 seconds.
- Loaded All Assemblies, in  0.367 seconds
Native extension for Android target not found
Android Extension - Scanning For ADB Devices 186 ms
Native extension for WindowsStandalone target not found
Mono: successfully reloaded assembly
- Finished resetting the current domain, in  0.500 seconds
Domain Reload Profiling: 864ms
	BeginReloadAssembly (117ms)
		ExecutionOrderSort (0ms)
		DisableScriptedObjects (0ms)
		BackupInstance (0ms)
		ReleaseScriptingObjects (0ms)
		CreateAndSetChildDomain (1ms)
	RebuildCommonClasses (31ms)
	RebuildNativeTypeToScriptingClass (10ms)
	initialDomainReloadingComplete (54ms)
	LoadAllAssembliesAndSetupDomain (152ms)
		LoadAssemblies (114ms)
		RebuildTransferFunctionScriptingTraits (0ms)
		AnalyzeDomain (148ms)
			TypeCache.Refresh (146ms)
				TypeCache.ScanAssembly (134ms)
			BuildScriptInfoCaches (0ms)
			ResolveRequiredComponents (0ms)
	FinalizeReload (500ms)
		ReleaseScriptCaches (0ms)
		RebuildScriptCaches (0ms)
		SetupLoadedEditorAssemblies (462ms)
			LogAssemblyErrors (0ms)
			InitializePlatformSupportModulesInManaged (272ms)
			SetLoadedEditorAssemblies (3ms)
			BeforeProcessingInitializeOnLoad (43ms)
			ProcessInitializeOnLoadAttributes (95ms)
			ProcessInitializeOnLoadMethodAttributes (49ms)
			AfterProcessingInitializeOnLoad (0ms)
			EditorAssembliesLoaded (0ms)
		ExecutionOrderSort2 (0ms)
		AwakeInstancesAfterBackupRestoration (0ms)
========================================================================
Worker process is ready to serve import requests
Import Worker Mode flag is 0x00
Begin MonoManager ReloadAssembly
- Loaded All Assemblies, in  0.729 seconds
Refreshing native plugins compatible for Editor in 1.78 ms, found 4 plugins.
Native extension for Android target not found
Native extension for WindowsStandalone target not found
Mono: successfully reloaded assembly
- Finished resetting the current domain, in  0.711 seconds
Domain Reload Profiling: 1435ms
	BeginReloadAssembly (157ms)
		ExecutionOrderSort (0ms)
		DisableScriptedObjects (5ms)
		BackupInstance (0ms)
		ReleaseScriptingObjects (0ms)
		CreateAndSetChildDomain (29ms)
	RebuildCommonClasses (34ms)
	RebuildNativeTypeToScriptingClass (11ms)
	initialDomainReloadingComplete (38ms)
	LoadAllAssembliesAndSetupDomain (483ms)
		LoadAssemblies (330ms)
		RebuildTransferFunctionScriptingTraits (0ms)
		AnalyzeDomain (244ms)
			TypeCache.Refresh (182ms)
				TypeCache.ScanAssembly (166ms)
			BuildScriptInfoCaches (50ms)
			ResolveRequiredComponents (10ms)
	FinalizeReload (712ms)
		ReleaseScriptCaches (0ms)
		RebuildScriptCaches (0ms)
		SetupLoadedEditorAssemblies (574ms)
			LogAssemblyErrors (0ms)
			InitializePlatformSupportModulesInManaged (10ms)
			SetLoadedEditorAssemblies (5ms)
			BeforeProcessingInitializeOnLoad (110ms)
			ProcessInitializeOnLoadAttributes (340ms)
			ProcessInitializeOnLoadMethodAttributes (105ms)
			AfterProcessingInitializeOnLoad (5ms)
			EditorAssembliesLoaded (0ms)
		ExecutionOrderSort2 (0ms)
		AwakeInstancesAfterBackupRestoration (4ms)
Launched and connected shader compiler UnityShaderCompiler.exe after 0.01 seconds
Refreshing native plugins compatible for Editor in 1.42 ms, found 4 plugins.
Preloading 0 native plugins for Editor in 0.00 ms.
Unloading 220 Unused Serialized files (Serialized files now loaded: 0)
Unloading 6780 unused Assets / (4.6 MB). Loaded Objects now: 7498.
Memory consumption went from 179.5 MB to 174.9 MB.
Total: 7.188500 ms (FindLiveObjects: 0.557700 ms CreateObjectMapping: 0.557600 ms MarkObjects: 3.586000 ms  DeleteObjects: 2.486100 ms)

========================================================================
Received Import Request.
  Time since last request: 32196.426777 seconds.
  path: Assets/Sprites/Enemies/Stalker/IconoStalker.png
  artifactKey: Guid(769c1e18a58e66942bfa9b56ac88e10b) Importer(815301076,1909f56bfc062723c751e8b465ee728b)
Start importing Assets/Sprites/Enemies/Stalker/IconoStalker.png using Guid(769c1e18a58e66942bfa9b56ac88e10b) Importer(815301076,1909f56bfc062723c751e8b465ee728b) (PreviewImporter) -> (artifact id: '6c6a24a45062526d1cd0cd52a499d7e5') in 0.1175339 seconds
Number of updated asset objects reloaded before import = 0Number of asset objects unloaded after import = 3

========================================================================
Received Import Request.
  Time since last request: 13.369027 seconds.
  path: Assets/Sprites/Enemies/Stalker/FrontLeftView.png
  artifactKey: Guid(c86ef8e924196b4419db04299c3d8f92) Importer(815301076,1909f56bfc062723c751e8b465ee728b)
Start importing Assets/Sprites/Enemies/Stalker/FrontLeftView.png using Guid(c86ef8e924196b4419db04299c3d8f92) Importer(815301076,1909f56bfc062723c751e8b465ee728b) (PreviewImporter) -> (artifact id: 'd43a7e90020830ed92ab674a2dc403c1') in 0.0417666 seconds
Number of updated asset objects reloaded before import = 0Number of asset objects unloaded after import = 3

========================================================================
Received Import Request.
  Time since last request: 0.000018 seconds.
  path: Assets/Sprites/Enemies/Stalker/BackView.png
  artifactKey: Guid(4aa2a302990a5214f87b2633a266fbb6) Importer(815301076,1909f56bfc062723c751e8b465ee728b)
Start importing Assets/Sprites/Enemies/Stalker/BackView.png using Guid(4aa2a302990a5214f87b2633a266fbb6) Importer(815301076,1909f56bfc062723c751e8b465ee728b) (PreviewImporter) -> (artifact id: 'af556b38331099d6c2bcdee6773c0e78') in 0.0264167 seconds
Number of updated asset objects reloaded before import = 0Number of asset objects unloaded after import = 3

========================================================================
Received Import Request.
  Time since last request: 0.000025 seconds.
  path: Assets/Sprites/Enemies/Stalker/RightView.png
  artifactKey: Guid(b471168a6885a5341adc735197173de6) Importer(815301076,1909f56bfc062723c751e8b465ee728b)
Start importing Assets/Sprites/Enemies/Stalker/RightView.png using Guid(b471168a6885a5341adc735197173de6) Importer(815301076,1909f56bfc062723c751e8b465ee728b) (PreviewImporter) -> (artifact id: 'f7de0828376b2a592f65c8f5f3c99ce2') in 0.0287146 seconds
Number of updated asset objects reloaded before import = 0Number of asset objects unloaded after import = 3

========================================================================
Received Import Request.
  Time since last request: 0.000028 seconds.
  path: Assets/Sprites/Enemies/Stalker/BackRightView.png
  artifactKey: Guid(cb4a57f7e5240f84eb232a455b60509e) Importer(815301076,1909f56bfc062723c751e8b465ee728b)
Start importing Assets/Sprites/Enemies/Stalker/BackRightView.png using Guid(cb4a57f7e5240f84eb232a455b60509e) Importer(815301076,1909f56bfc062723c751e8b465ee728b) (PreviewImporter) -> (artifact id: 'ceb400be610ed9ee21533ecf56c7ec31') in 0.0547891 seconds
Number of updated asset objects reloaded before import = 0Number of asset objects unloaded after import = 3

========================================================================
Received Import Request.
  Time since last request: 0.000030 seconds.
  path: Assets/Sprites/Enemies/Stalker/LeftView.png
  artifactKey: Guid(2223fec72f5f0f54c9dfdf3e24b56dd9) Importer(815301076,1909f56bfc062723c751e8b465ee728b)
Start importing Assets/Sprites/Enemies/Stalker/LeftView.png using Guid(2223fec72f5f0f54c9dfdf3e24b56dd9) Importer(815301076,1909f56bfc062723c751e8b465ee728b) (PreviewImporter) -> (artifact id: 'cb5f5ac1a2a0b137232375d527a7d985') in 0.0275873 seconds
Number of updated asset objects reloaded before import = 0Number of asset objects unloaded after import = 3

========================================================================
Received Import Request.
  Time since last request: 0.000024 seconds.
  path: Assets/Sprites/Enemies/Stalker/FrontView.png
  artifactKey: Guid(e53131d12a039b6439a66b37041e4da8) Importer(815301076,1909f56bfc062723c751e8b465ee728b)
Start importing Assets/Sprites/Enemies/Stalker/FrontView.png using Guid(e53131d12a039b6439a66b37041e4da8) Importer(815301076,1909f56bfc062723c751e8b465ee728b) (PreviewImporter) -> (artifact id: '6a026e899907d6ead41847f2fb783958') in 0.019972 seconds
Number of updated asset objects reloaded before import = 0Number of asset objects unloaded after import = 3

========================================================================
Received Import Request.
  Time since last request: 11.927228 seconds.
  path: Assets/Sprites/Enemies/Stalker/BackLeftView.png
  artifactKey: Guid(909cff9ef7005db4e9f2ff963c4eafe9) Importer(815301076,1909f56bfc062723c751e8b465ee728b)
Start importing Assets/Sprites/Enemies/Stalker/BackLeftView.png using Guid(909cff9ef7005db4e9f2ff963c4eafe9) Importer(815301076,1909f56bfc062723c751e8b465ee728b) (PreviewImporter) -> (artifact id: '6ee99fa82b38997e65193a695332f007') in 0.0276916 seconds
Number of updated asset objects reloaded before import = 0Number of asset objects unloaded after import = 3

========================================================================
Received Import Request.
  Time since last request: 6.949342 seconds.
  path: Assets/Sprites/Enemies/Stalker/BackRightView.png
  artifactKey: Guid(cb4a57f7e5240f84eb232a455b60509e) Importer(815301076,1909f56bfc062723c751e8b465ee728b)
Start importing Assets/Sprites/Enemies/Stalker/BackRightView.png using Guid(cb4a57f7e5240f84eb232a455b60509e) Importer(815301076,1909f56bfc062723c751e8b465ee728b) (PreviewImporter) -> (artifact id: 'c3524b91e662ddf861dc5363df154e90') in 0.0328726 seconds
Number of updated asset objects reloaded before import = 0Number of asset objects unloaded after import = 3

========================================================================
Received Import Request.
  Time since last request: 16.087795 seconds.
  path: Assets/Sprites/Enemies/Stalker/BackView.png
  artifactKey: Guid(4aa2a302990a5214f87b2633a266fbb6) Importer(815301076,1909f56bfc062723c751e8b465ee728b)
Start importing Assets/Sprites/Enemies/Stalker/BackView.png using Guid(4aa2a302990a5214f87b2633a266fbb6) Importer(815301076,1909f56bfc062723c751e8b465ee728b) (PreviewImporter) -> (artifact id: '6a6e570e21195b221c657817d860604e') in 0.0230909 seconds
Number of updated asset objects reloaded before import = 0Number of asset objects unloaded after import = 3

========================================================================
Received Import Request.
  Time since last request: 9.016406 seconds.
  path: Assets/Sprites/Enemies/Stalker/FrontLeftView.png
  artifactKey: Guid(c86ef8e924196b4419db04299c3d8f92) Importer(815301076,1909f56bfc062723c751e8b465ee728b)
Start importing Assets/Sprites/Enemies/Stalker/FrontLeftView.png using Guid(c86ef8e924196b4419db04299c3d8f92) Importer(815301076,1909f56bfc062723c751e8b465ee728b) (PreviewImporter) -> (artifact id: '20be0a48caf925c27aa2d2bcf48e644e') in 0.031986 seconds
Number of updated asset objects reloaded before import = 0Number of asset objects unloaded after import = 3

========================================================================
Received Import Request.
  Time since last request: 7.293930 seconds.
  path: Assets/Sprites/Enemies/Stalker/FrontRightView.png
  artifactKey: Guid(7324eaaec89a00c42b9cbeb5e89888ca) Importer(815301076,1909f56bfc062723c751e8b465ee728b)
Start importing Assets/Sprites/Enemies/Stalker/FrontRightView.png using Guid(7324eaaec89a00c42b9cbeb5e89888ca) Importer(815301076,1909f56bfc062723c751e8b465ee728b) (PreviewImporter) -> (artifact id: '5eb92f0b06869d1aa5b7a5a946b7181f') in 0.0254022 seconds
Number of updated asset objects reloaded before import = 0Number of asset objects unloaded after import = 3

========================================================================
Received Import Request.
  Time since last request: 14.535867 seconds.
  path: Assets/Sprites/Enemies/Stalker/FrontView.png
  artifactKey: Guid(e53131d12a039b6439a66b37041e4da8) Importer(815301076,1909f56bfc062723c751e8b465ee728b)
Start importing Assets/Sprites/Enemies/Stalker/FrontView.png using Guid(e53131d12a039b6439a66b37041e4da8) Importer(815301076,1909f56bfc062723c751e8b465ee728b) (PreviewImporter) -> (artifact id: 'afc8e4a4f934205e3f3f7e9c6ef9768c') in 0.0297369 seconds
Number of updated asset objects reloaded before import = 0Number of asset objects unloaded after import = 3

========================================================================
Received Import Request.
  Time since last request: 7.343598 seconds.
  path: Assets/Sprites/Enemies/Stalker/LeftView.png
  artifactKey: Guid(2223fec72f5f0f54c9dfdf3e24b56dd9) Importer(815301076,1909f56bfc062723c751e8b465ee728b)
Start importing Assets/Sprites/Enemies/Stalker/LeftView.png using Guid(2223fec72f5f0f54c9dfdf3e24b56dd9) Importer(815301076,1909f56bfc062723c751e8b465ee728b) (PreviewImporter) -> (artifact id: '59cae4a55a4d09d41e9f0b15a876351f') in 0.0258094 seconds
Number of updated asset objects reloaded before import = 0Number of asset objects unloaded after import = 3

========================================================================
Received Import Request.
  Time since last request: 7.644197 seconds.
  path: Assets/Sprites/Enemies/Stalker/RightView.png
  artifactKey: Guid(b471168a6885a5341adc735197173de6) Importer(815301076,1909f56bfc062723c751e8b465ee728b)
Start importing Assets/Sprites/Enemies/Stalker/RightView.png using Guid(b471168a6885a5341adc735197173de6) Importer(815301076,1909f56bfc062723c751e8b465ee728b) (PreviewImporter) -> (artifact id: 'a11bb1cf74141f13d330e07c048f189e') in 0.0295213 seconds
Number of updated asset objects reloaded before import = 0Number of asset objects unloaded after import = 3

========================================================================
Received Prepare
Begin MonoManager ReloadAssembly
- Loaded All Assemblies, in  0.640 seconds
Refreshing native plugins compatible for Editor in 1.41 ms, found 4 plugins.
Native extension for Android target not found
Native extension for WindowsStandalone target not found
Mono: successfully reloaded assembly
- Finished resetting the current domain, in  0.652 seconds
Domain Reload Profiling: 1289ms
	BeginReloadAssembly (178ms)
		ExecutionOrderSort (0ms)
		DisableScriptedObjects (11ms)
		BackupInstance (0ms)
		ReleaseScriptingObjects (0ms)
		CreateAndSetChildDomain (43ms)
	RebuildCommonClasses (33ms)
	RebuildNativeTypeToScriptingClass (11ms)
	initialDomainReloadingComplete (27ms)
	LoadAllAssembliesAndSetupDomain (387ms)
		LoadAssemblies (294ms)
		RebuildTransferFunctionScriptingTraits (0ms)
		AnalyzeDomain (179ms)
			TypeCache.Refresh (7ms)
				TypeCache.ScanAssembly (0ms)
			BuildScriptInfoCaches (158ms)
			ResolveRequiredComponents (10ms)
	FinalizeReload (653ms)
		ReleaseScriptCaches (0ms)
		RebuildScriptCaches (0ms)
		SetupLoadedEditorAssemblies (465ms)
			LogAssemblyErrors (0ms)
			InitializePlatformSupportModulesInManaged (10ms)
			SetLoadedEditorAssemblies (4ms)
			BeforeProcessingInitializeOnLoad (99ms)
			ProcessInitializeOnLoadAttributes (292ms)
			ProcessInitializeOnLoadMethodAttributes (55ms)
			AfterProcessingInitializeOnLoad (4ms)
			EditorAssembliesLoaded (0ms)
		ExecutionOrderSort2 (0ms)
		AwakeInstancesAfterBackupRestoration (10ms)
Refreshing native plugins compatible for Editor in 1.61 ms, found 4 plugins.
Preloading 0 native plugins for Editor in 0.00 ms.
Unloading 13 Unused Serialized files (Serialized files now loaded: 0)
Unloading 6778 unused Assets / (4.4 MB). Loaded Objects now: 7514.
Memory consumption went from 151.7 MB to 147.2 MB.
Total: 8.201200 ms (FindLiveObjects: 0.748700 ms CreateObjectMapping: 0.752800 ms MarkObjects: 4.012600 ms  DeleteObjects: 2.686300 ms)

Prepare: number of updated asset objects reloaded= 0
========================================================================
Received Import Request.
  Time since last request: 129.247851 seconds.
  path: Assets/Prefab/Enemies/Stalker.prefab
  artifactKey: Guid(63065fca1ba6aca44a378d5294d2dce2) Importer(815301076,1909f56bfc062723c751e8b465ee728b)
Start importing Assets/Prefab/Enemies/Stalker.prefab using Guid(63065fca1ba6aca44a378d5294d2dce2) Importer(815301076,1909f56bfc062723c751e8b465ee728b) (PreviewImporter) -> (artifact id: '565473a422331f6d54613f3dafa59290') in 0.4829293 seconds
Number of updated asset objects reloaded before import = 0Number of asset objects unloaded after import = 84

========================================================================
Received Import Request.
  Time since last request: 35.786442 seconds.
  path: Assets/Prefab/Enemies/Summoner.prefab
  artifactKey: Guid(5236b3442b8bf6a4681b9dd9c8a284ed) Importer(815301076,1909f56bfc062723c751e8b465ee728b)
Start importing Assets/Prefab/Enemies/Summoner.prefab using Guid(5236b3442b8bf6a4681b9dd9c8a284ed) Importer(815301076,1909f56bfc062723c751e8b465ee728b) (PreviewImporter) -> (artifact id: 'd04fb37817021c544a6fc2d4b3615e41') in 0.1420046 seconds
Number of updated asset objects reloaded before import = 0Number of asset objects unloaded after import = 135

========================================================================
Received Import Request.
  Time since last request: 9.197158 seconds.
  path: Assets/Prefab/Enemies/Summoner.prefab
  artifactKey: Guid(5236b3442b8bf6a4681b9dd9c8a284ed) Importer(815301076,1909f56bfc062723c751e8b465ee728b)
Start importing Assets/Prefab/Enemies/Summoner.prefab using Guid(5236b3442b8bf6a4681b9dd9c8a284ed) Importer(815301076,1909f56bfc062723c751e8b465ee728b) (PreviewImporter) -> (artifact id: '3386af5af0db4a945bb74cd9b5ea3659') in 0.1976166 seconds
Number of updated asset objects reloaded before import = 0Number of asset objects unloaded after import = 135

========================================================================
Received Import Request.
  Time since last request: 26.926535 seconds.
  path: Assets/Prefab/Enemies/Summoner.prefab
  artifactKey: Guid(5236b3442b8bf6a4681b9dd9c8a284ed) Importer(815301076,1909f56bfc062723c751e8b465ee728b)
Start importing Assets/Prefab/Enemies/Summoner.prefab using Guid(5236b3442b8bf6a4681b9dd9c8a284ed) Importer(815301076,1909f56bfc062723c751e8b465ee728b) (PreviewImporter) -> (artifact id: 'bed91438b5c7981364d0eed750149965') in 0.1661749 seconds
Number of updated asset objects reloaded before import = 0Number of asset objects unloaded after import = 135

========================================================================
Received Import Request.
  Time since last request: 2.832734 seconds.
  path: Assets/Prefab/Enemies/Summoner.prefab
  artifactKey: Guid(5236b3442b8bf6a4681b9dd9c8a284ed) Importer(815301076,1909f56bfc062723c751e8b465ee728b)
Start importing Assets/Prefab/Enemies/Summoner.prefab using Guid(5236b3442b8bf6a4681b9dd9c8a284ed) Importer(815301076,1909f56bfc062723c751e8b465ee728b) (PreviewImporter) -> (artifact id: '3161b329a6cd008d49f3b6583bc8f5e3') in 0.1584094 seconds
Number of updated asset objects reloaded before import = 0Number of asset objects unloaded after import = 135

========================================================================
Received Import Request.
  Time since last request: 6.814269 seconds.
  path: Assets/Prefab/Enemies/Stalker.prefab
  artifactKey: Guid(63065fca1ba6aca44a378d5294d2dce2) Importer(815301076,1909f56bfc062723c751e8b465ee728b)
Start importing Assets/Prefab/Enemies/Stalker.prefab using Guid(63065fca1ba6aca44a378d5294d2dce2) Importer(815301076,1909f56bfc062723c751e8b465ee728b) (PreviewImporter) -> (artifact id: 'd9a8467f0866c2b41a399c6d03e54c6c') in 0.1126981 seconds
Number of updated asset objects reloaded before import = 0Number of asset objects unloaded after import = 84

========================================================================
Received Import Request.
  Time since last request: 1.453895 seconds.
  path: Assets/Prefab/Enemies/Stalker.prefab
  artifactKey: Guid(63065fca1ba6aca44a378d5294d2dce2) Importer(815301076,1909f56bfc062723c751e8b465ee728b)
Start importing Assets/Prefab/Enemies/Stalker.prefab using Guid(63065fca1ba6aca44a378d5294d2dce2) Importer(815301076,1909f56bfc062723c751e8b465ee728b) (PreviewImporter) -> (artifact id: '954794605944c4b5619d4e9d7ec0d7ae') in 0.0740353 seconds
Number of updated asset objects reloaded before import = 0Number of asset objects unloaded after import = 84

========================================================================
Received Import Request.
  Time since last request: 0.301735 seconds.
  path: Assets/Prefab/Enemies/Stalker.prefab
  artifactKey: Guid(63065fca1ba6aca44a378d5294d2dce2) Importer(815301076,1909f56bfc062723c751e8b465ee728b)
Start importing Assets/Prefab/Enemies/Stalker.prefab using Guid(63065fca1ba6aca44a378d5294d2dce2) Importer(815301076,1909f56bfc062723c751e8b465ee728b) (PreviewImporter) -> (artifact id: '06406c8837d571aeaf74598eb62310b1') in 0.0738115 seconds
Number of updated asset objects reloaded before import = 0Number of asset objects unloaded after import = 84

========================================================================
Received Import Request.
  Time since last request: 1.708448 seconds.
  path: Assets/Prefab/Enemies/Stalker.prefab
  artifactKey: Guid(63065fca1ba6aca44a378d5294d2dce2) Importer(815301076,1909f56bfc062723c751e8b465ee728b)
Start importing Assets/Prefab/Enemies/Stalker.prefab using Guid(63065fca1ba6aca44a378d5294d2dce2) Importer(815301076,1909f56bfc062723c751e8b465ee728b) (PreviewImporter) -> (artifact id: '046a44b5c23f547b02ad02c6f876cf1e') in 0.0704162 seconds
Number of updated asset objects reloaded before import = 0Number of asset objects unloaded after import = 84

========================================================================
Received Import Request.
  Time since last request: 2.735623 seconds.
  path: Assets/Prefab/Enemies/Stalker.prefab
  artifactKey: Guid(63065fca1ba6aca44a378d5294d2dce2) Importer(815301076,1909f56bfc062723c751e8b465ee728b)
Start importing Assets/Prefab/Enemies/Stalker.prefab using Guid(63065fca1ba6aca44a378d5294d2dce2) Importer(815301076,1909f56bfc062723c751e8b465ee728b) (PreviewImporter) -> (artifact id: '7d3f96a7d29f7926f4586ddcd5e0d254') in 0.0788559 seconds
Number of updated asset objects reloaded before import = 0Number of asset objects unloaded after import = 84

========================================================================
Received Import Request.
  Time since last request: 0.476241 seconds.
  path: Assets/Prefab/Enemies/Stalker.prefab
  artifactKey: Guid(63065fca1ba6aca44a378d5294d2dce2) Importer(815301076,1909f56bfc062723c751e8b465ee728b)
Start importing Assets/Prefab/Enemies/Stalker.prefab using Guid(63065fca1ba6aca44a378d5294d2dce2) Importer(815301076,1909f56bfc062723c751e8b465ee728b) (PreviewImporter) -> (artifact id: '81b7d24a849d3e2cdf94ca7c6e6911df') in 0.070556 seconds
Number of updated asset objects reloaded before import = 0Number of asset objects unloaded after import = 84

========================================================================
Received Import Request.
  Time since last request: 7.560900 seconds.
  path: Assets/Prefab/Enemies/Stalker.prefab
  artifactKey: Guid(63065fca1ba6aca44a378d5294d2dce2) Importer(815301076,1909f56bfc062723c751e8b465ee728b)
Start importing Assets/Prefab/Enemies/Stalker.prefab using Guid(63065fca1ba6aca44a378d5294d2dce2) Importer(815301076,1909f56bfc062723c751e8b465ee728b) (PreviewImporter) -> (artifact id: 'e60c91ee9b2454015494acb95554c8a9') in 0.060465 seconds
Number of updated asset objects reloaded before import = 0Number of asset objects unloaded after import = 84

========================================================================
Received Import Request.
  Time since last request: 1.935590 seconds.
  path: Assets/Prefab/Enemies/Stalker.prefab
  artifactKey: Guid(63065fca1ba6aca44a378d5294d2dce2) Importer(815301076,1909f56bfc062723c751e8b465ee728b)
Start importing Assets/Prefab/Enemies/Stalker.prefab using Guid(63065fca1ba6aca44a378d5294d2dce2) Importer(815301076,1909f56bfc062723c751e8b465ee728b) (PreviewImporter) -> (artifact id: '3b484f9cc5cd96a8d9ad31460d1766f1') in 0.0932842 seconds
Number of updated asset objects reloaded before import = 0Number of asset objects unloaded after import = 84

========================================================================
Received Import Request.
  Time since last request: 0.687770 seconds.
  path: Assets/Prefab/Enemies/Stalker.prefab
  artifactKey: Guid(63065fca1ba6aca44a378d5294d2dce2) Importer(815301076,1909f56bfc062723c751e8b465ee728b)
Start importing Assets/Prefab/Enemies/Stalker.prefab using Guid(63065fca1ba6aca44a378d5294d2dce2) Importer(815301076,1909f56bfc062723c751e8b465ee728b) (PreviewImporter) -> (artifact id: '8b9a968febe34c990743c4b3acbf989d') in 0.0829012 seconds
Number of updated asset objects reloaded before import = 0Number of asset objects unloaded after import = 84

========================================================================
Received Import Request.
  Time since last request: 12.530844 seconds.
  path: Assets/Prefab/Enemies/Summoner.prefab
  artifactKey: Guid(5236b3442b8bf6a4681b9dd9c8a284ed) Importer(815301076,1909f56bfc062723c751e8b465ee728b)
Start importing Assets/Prefab/Enemies/Summoner.prefab using Guid(5236b3442b8bf6a4681b9dd9c8a284ed) Importer(815301076,1909f56bfc062723c751e8b465ee728b) (PreviewImporter) -> (artifact id: '76be68f6310c2613198efc6996e1b659') in 0.147468 seconds
Number of updated asset objects reloaded before import = 0Number of asset objects unloaded after import = 135

========================================================================
Received Import Request.
  Time since last request: 26.189974 seconds.
  path: Assets/Prefab/Enemies/Summoner.prefab
  artifactKey: Guid(5236b3442b8bf6a4681b9dd9c8a284ed) Importer(815301076,1909f56bfc062723c751e8b465ee728b)
Start importing Assets/Prefab/Enemies/Summoner.prefab using Guid(5236b3442b8bf6a4681b9dd9c8a284ed) Importer(815301076,1909f56bfc062723c751e8b465ee728b) (PreviewImporter) -> (artifact id: '13aa01b3cb09a9616b0a549ca356450c') in 0.1781843 seconds
Number of updated asset objects reloaded before import = 0Number of asset objects unloaded after import = 135

========================================================================
Received Import Request.
  Time since last request: 15.280604 seconds.
  path: Assets/Prefab/Enemies/Brute.prefab
  artifactKey: Guid(a094c1c0e2f149a408578cfec8e976c7) Importer(815301076,1909f56bfc062723c751e8b465ee728b)
Start importing Assets/Prefab/Enemies/Brute.prefab using Guid(a094c1c0e2f149a408578cfec8e976c7) Importer(815301076,1909f56bfc062723c751e8b465ee728b) (PreviewImporter) -> (artifact id: '58c862773daa530d944316a925623f2e') in 0.1355739 seconds
Number of updated asset objects reloaded before import = 0Number of asset objects unloaded after import = 81

========================================================================
Received Import Request.
  Time since last request: 9.076906 seconds.
  path: Assets/Prefab/Enemies/Brute.prefab
  artifactKey: Guid(a094c1c0e2f149a408578cfec8e976c7) Importer(815301076,1909f56bfc062723c751e8b465ee728b)
Start importing Assets/Prefab/Enemies/Brute.prefab using Guid(a094c1c0e2f149a408578cfec8e976c7) Importer(815301076,1909f56bfc062723c751e8b465ee728b) (PreviewImporter) -> (artifact id: 'cdb3ac75e86988a2179a545d033bd584') in 0.0819792 seconds
Number of updated asset objects reloaded before import = 0Number of asset objects unloaded after import = 82

========================================================================
Received Import Request.
  Time since last request: 1.910699 seconds.
  path: Assets/Prefab/Enemies/Brute.prefab
  artifactKey: Guid(a094c1c0e2f149a408578cfec8e976c7) Importer(815301076,1909f56bfc062723c751e8b465ee728b)
Start importing Assets/Prefab/Enemies/Brute.prefab using Guid(a094c1c0e2f149a408578cfec8e976c7) Importer(815301076,1909f56bfc062723c751e8b465ee728b) (PreviewImporter) -> (artifact id: 'e7ee3956687dff21e0d04cd000aea2d3') in 0.0518034 seconds
Number of updated asset objects reloaded before import = 0Number of asset objects unloaded after import = 82

========================================================================
Received Import Request.
  Time since last request: 0.741174 seconds.
  path: Assets/Prefab/Enemies/Brute.prefab
  artifactKey: Guid(a094c1c0e2f149a408578cfec8e976c7) Importer(815301076,1909f56bfc062723c751e8b465ee728b)
Start importing Assets/Prefab/Enemies/Brute.prefab using Guid(a094c1c0e2f149a408578cfec8e976c7) Importer(815301076,1909f56bfc062723c751e8b465ee728b) (PreviewImporter) -> (artifact id: 'b1b55cc156638b433b0c8f5f6861d781') in 0.0523333 seconds
Number of updated asset objects reloaded before import = 0Number of asset objects unloaded after import = 82

========================================================================
Received Import Request.
  Time since last request: 1.735009 seconds.
  path: Assets/Prefab/Enemies/Brute.prefab
  artifactKey: Guid(a094c1c0e2f149a408578cfec8e976c7) Importer(815301076,1909f56bfc062723c751e8b465ee728b)
Start importing Assets/Prefab/Enemies/Brute.prefab using Guid(a094c1c0e2f149a408578cfec8e976c7) Importer(815301076,1909f56bfc062723c751e8b465ee728b) (PreviewImporter) -> (artifact id: '0ab5db1e33aff406ecadd9043a82fd37') in 0.0756866 seconds
Number of updated asset objects reloaded before import = 0Number of asset objects unloaded after import = 82

========================================================================
Received Import Request.
  Time since last request: 1.507973 seconds.
  path: Assets/Prefab/Enemies/Brute.prefab
  artifactKey: Guid(a094c1c0e2f149a408578cfec8e976c7) Importer(815301076,1909f56bfc062723c751e8b465ee728b)
Start importing Assets/Prefab/Enemies/Brute.prefab using Guid(a094c1c0e2f149a408578cfec8e976c7) Importer(815301076,1909f56bfc062723c751e8b465ee728b) (PreviewImporter) -> (artifact id: 'a9a6d1a16228d8c28fed347455a2d0fc') in 0.0702937 seconds
Number of updated asset objects reloaded before import = 0Number of asset objects unloaded after import = 82

========================================================================
Received Import Request.
  Time since last request: 1.717796 seconds.
  path: Assets/Prefab/Enemies/Brute.prefab
  artifactKey: Guid(a094c1c0e2f149a408578cfec8e976c7) Importer(815301076,1909f56bfc062723c751e8b465ee728b)
Start importing Assets/Prefab/Enemies/Brute.prefab using Guid(a094c1c0e2f149a408578cfec8e976c7) Importer(815301076,1909f56bfc062723c751e8b465ee728b) (PreviewImporter) -> (artifact id: '9656511231ccae04cfe650c83f7701c4') in 0.0710978 seconds
Number of updated asset objects reloaded before import = 0Number of asset objects unloaded after import = 82

========================================================================
Received Import Request.
  Time since last request: 2.729504 seconds.
  path: Assets/Prefab/Enemies/Brute.prefab
  artifactKey: Guid(a094c1c0e2f149a408578cfec8e976c7) Importer(815301076,1909f56bfc062723c751e8b465ee728b)
Start importing Assets/Prefab/Enemies/Brute.prefab using Guid(a094c1c0e2f149a408578cfec8e976c7) Importer(815301076,1909f56bfc062723c751e8b465ee728b) (PreviewImporter) -> (artifact id: '7474859341a295505df003d521a5b8ce') in 0.0955475 seconds
Number of updated asset objects reloaded before import = 0Number of asset objects unloaded after import = 82

========================================================================
Received Import Request.
  Time since last request: 0.686934 seconds.
  path: Assets/Prefab/Enemies/Brute.prefab
  artifactKey: Guid(a094c1c0e2f149a408578cfec8e976c7) Importer(815301076,1909f56bfc062723c751e8b465ee728b)
Start importing Assets/Prefab/Enemies/Brute.prefab using Guid(a094c1c0e2f149a408578cfec8e976c7) Importer(815301076,1909f56bfc062723c751e8b465ee728b) (PreviewImporter) -> (artifact id: 'ffef7720d2bfc9bfbb4b65fd3d2da62f') in 0.074176 seconds
Number of updated asset objects reloaded before import = 0Number of asset objects unloaded after import = 82

========================================================================
Received Import Request.
  Time since last request: 48.001031 seconds.
  path: Assets/Prefab/Enemies/Brute.prefab
  artifactKey: Guid(a094c1c0e2f149a408578cfec8e976c7) Importer(815301076,1909f56bfc062723c751e8b465ee728b)
Start importing Assets/Prefab/Enemies/Brute.prefab using Guid(a094c1c0e2f149a408578cfec8e976c7) Importer(815301076,1909f56bfc062723c751e8b465ee728b) (PreviewImporter) -> (artifact id: '1c8cd48e460edbdf3280cf88e38e2e3c') in 0.0785134 seconds
Number of updated asset objects reloaded before import = 0Number of asset objects unloaded after import = 82

========================================================================
Received Import Request.
  Time since last request: 0.000027 seconds.
  path: Assets/Prefab/Enemies/Thrall.prefab
  artifactKey: Guid(65490c32e7b591b49a7c287b4da854b1) Importer(815301076,1909f56bfc062723c751e8b465ee728b)
Start importing Assets/Prefab/Enemies/Thrall.prefab using Guid(65490c32e7b591b49a7c287b4da854b1) Importer(815301076,1909f56bfc062723c751e8b465ee728b) (PreviewImporter) -> (artifact id: '466499244603a5de3febe669a6e04019') in 0.061223 seconds
Number of updated asset objects reloaded before import = 0Number of asset objects unloaded after import = 82

========================================================================
Received Import Request.
  Time since last request: 0.000062 seconds.
  path: Assets/Prefab/Enemies/Stalker.prefab
  artifactKey: Guid(63065fca1ba6aca44a378d5294d2dce2) Importer(815301076,1909f56bfc062723c751e8b465ee728b)
Start importing Assets/Prefab/Enemies/Stalker.prefab using Guid(63065fca1ba6aca44a378d5294d2dce2) Importer(815301076,1909f56bfc062723c751e8b465ee728b) (PreviewImporter) -> (artifact id: '6cd34d3630389a174a7986ff543cff2b') in 0.09065 seconds
Number of updated asset objects reloaded before import = 0Number of asset objects unloaded after import = 84

========================================================================
Received Prepare
Begin MonoManager ReloadAssembly
- Loaded All Assemblies, in  0.713 seconds
Refreshing native plugins compatible for Editor in 2.16 ms, found 4 plugins.
Native extension for Android target not found
Native extension for WindowsStandalone target not found
Mono: successfully reloaded assembly
- Finished resetting the current domain, in  0.730 seconds
Domain Reload Profiling: 1443ms
	BeginReloadAssembly (198ms)
		ExecutionOrderSort (0ms)
		DisableScriptedObjects (21ms)
		BackupInstance (0ms)
		ReleaseScriptingObjects (0ms)
		CreateAndSetChildDomain (51ms)
	RebuildCommonClasses (34ms)
	RebuildNativeTypeToScriptingClass (10ms)
	initialDomainReloadingComplete (28ms)
	LoadAllAssembliesAndSetupDomain (442ms)
		LoadAssemblies (316ms)
		RebuildTransferFunctionScriptingTraits (0ms)
		AnalyzeDomain (208ms)
			TypeCache.Refresh (7ms)
				TypeCache.ScanAssembly (0ms)
			BuildScriptInfoCaches (186ms)
			ResolveRequiredComponents (11ms)
	FinalizeReload (731ms)
		ReleaseScriptCaches (0ms)
		RebuildScriptCaches (0ms)
		SetupLoadedEditorAssemblies (529ms)
			LogAssemblyErrors (0ms)
			InitializePlatformSupportModulesInManaged (11ms)
			SetLoadedEditorAssemblies (5ms)
			BeforeProcessingInitializeOnLoad (107ms)
			ProcessInitializeOnLoadAttributes (336ms)
			ProcessInitializeOnLoadMethodAttributes (63ms)
			AfterProcessingInitializeOnLoad (6ms)
			EditorAssembliesLoaded (0ms)
		ExecutionOrderSort2 (0ms)
		AwakeInstancesAfterBackupRestoration (13ms)
Refreshing native plugins compatible for Editor in 1.55 ms, found 4 plugins.
Preloading 0 native plugins for Editor in 0.00 ms.
Unloading 13 Unused Serialized files (Serialized files now loaded: 0)
Unloading 6778 unused Assets / (4.3 MB). Loaded Objects now: 7546.
Memory consumption went from 154.6 MB to 150.3 MB.
Total: 6.831000 ms (FindLiveObjects: 0.552500 ms CreateObjectMapping: 0.524700 ms MarkObjects: 3.749300 ms  DeleteObjects: 2.003700 ms)

Prepare: number of updated asset objects reloaded= 0
========================================================================
Received Import Request.
  Time since last request: 70.529887 seconds.
  path: Assets/Prefab/Enemies/Brute.prefab
  artifactKey: Guid(a094c1c0e2f149a408578cfec8e976c7) Importer(815301076,1909f56bfc062723c751e8b465ee728b)
Start importing Assets/Prefab/Enemies/Brute.prefab using Guid(a094c1c0e2f149a408578cfec8e976c7) Importer(815301076,1909f56bfc062723c751e8b465ee728b) (PreviewImporter) -> (artifact id: '5dd6fd70bb957f20740c97b400918756') in 0.4571581 seconds
Number of updated asset objects reloaded before import = 0Number of asset objects unloaded after import = 81

========================================================================
Received Import Request.
  Time since last request: 3.554952 seconds.
  path: Assets/Prefab/Enemies/Brute.prefab
  artifactKey: Guid(a094c1c0e2f149a408578cfec8e976c7) Importer(815301076,1909f56bfc062723c751e8b465ee728b)
Start importing Assets/Prefab/Enemies/Brute.prefab using Guid(a094c1c0e2f149a408578cfec8e976c7) Importer(815301076,1909f56bfc062723c751e8b465ee728b) (PreviewImporter) -> (artifact id: '31009475cada5abd6fd02c3a5e5a519c') in 0.0773538 seconds
Number of updated asset objects reloaded before import = 0Number of asset objects unloaded after import = 82

========================================================================
Received Prepare
Begin MonoManager ReloadAssembly
- Loaded All Assemblies, in  0.656 seconds
Refreshing native plugins compatible for Editor in 1.37 ms, found 4 plugins.
Native extension for Android target not found
Native extension for WindowsStandalone target not found
Mono: successfully reloaded assembly
- Finished resetting the current domain, in  0.650 seconds
Domain Reload Profiling: 1305ms
	BeginReloadAssembly (186ms)
		ExecutionOrderSort (0ms)
		DisableScriptedObjects (21ms)
		BackupInstance (0ms)
		ReleaseScriptingObjects (0ms)
		CreateAndSetChildDomain (48ms)
	RebuildCommonClasses (36ms)
	RebuildNativeTypeToScriptingClass (13ms)
	initialDomainReloadingComplete (31ms)
	LoadAllAssembliesAndSetupDomain (390ms)
		LoadAssemblies (283ms)
		RebuildTransferFunctionScriptingTraits (0ms)
		AnalyzeDomain (186ms)
			TypeCache.Refresh (6ms)
				TypeCache.ScanAssembly (0ms)
			BuildScriptInfoCaches (167ms)
			ResolveRequiredComponents (10ms)
	FinalizeReload (650ms)
		ReleaseScriptCaches (0ms)
		RebuildScriptCaches (0ms)
		SetupLoadedEditorAssemblies (460ms)
			LogAssemblyErrors (0ms)
			InitializePlatformSupportModulesInManaged (9ms)
			SetLoadedEditorAssemblies (5ms)
			BeforeProcessingInitializeOnLoad (98ms)
			ProcessInitializeOnLoadAttributes (293ms)
			ProcessInitializeOnLoadMethodAttributes (51ms)
			AfterProcessingInitializeOnLoad (5ms)
			EditorAssembliesLoaded (0ms)
		ExecutionOrderSort2 (0ms)
		AwakeInstancesAfterBackupRestoration (13ms)
Refreshing native plugins compatible for Editor in 1.46 ms, found 4 plugins.
Preloading 0 native plugins for Editor in 0.00 ms.
Unloading 13 Unused Serialized files (Serialized files now loaded: 0)
Unloading 6778 unused Assets / (4.2 MB). Loaded Objects now: 7571.
Memory consumption went from 158.1 MB to 153.9 MB.
Total: 6.790100 ms (FindLiveObjects: 0.578700 ms CreateObjectMapping: 0.588900 ms MarkObjects: 3.828800 ms  DeleteObjects: 1.792900 ms)

Prepare: number of updated asset objects reloaded= 0
========================================================================
Received Prepare
Begin MonoManager ReloadAssembly
- Loaded All Assemblies, in  0.663 seconds
Refreshing native plugins compatible for Editor in 2.03 ms, found 4 plugins.
Native extension for Android target not found
Native extension for WindowsStandalone target not found
Mono: successfully reloaded assembly
- Finished resetting the current domain, in  0.671 seconds
Domain Reload Profiling: 1332ms
	BeginReloadAssembly (176ms)
		ExecutionOrderSort (0ms)
		DisableScriptedObjects (13ms)
		BackupInstance (0ms)
		ReleaseScriptingObjects (0ms)
		CreateAndSetChildDomain (43ms)
	RebuildCommonClasses (33ms)
	RebuildNativeTypeToScriptingClass (10ms)
	initialDomainReloadingComplete (25ms)
	LoadAllAssembliesAndSetupDomain (415ms)
		LoadAssemblies (299ms)
		RebuildTransferFunctionScriptingTraits (0ms)
		AnalyzeDomain (194ms)
			TypeCache.Refresh (10ms)
				TypeCache.ScanAssembly (1ms)
			BuildScriptInfoCaches (171ms)
			ResolveRequiredComponents (9ms)
	FinalizeReload (671ms)
		ReleaseScriptCaches (0ms)
		RebuildScriptCaches (0ms)
		SetupLoadedEditorAssemblies (486ms)
			LogAssemblyErrors (0ms)
			InitializePlatformSupportModulesInManaged (11ms)
			SetLoadedEditorAssemblies (6ms)
			BeforeProcessingInitializeOnLoad (114ms)
			ProcessInitializeOnLoadAttributes (301ms)
			ProcessInitializeOnLoadMethodAttributes (50ms)
			AfterProcessingInitializeOnLoad (5ms)
			EditorAssembliesLoaded (0ms)
		ExecutionOrderSort2 (0ms)
		AwakeInstancesAfterBackupRestoration (11ms)
Refreshing native plugins compatible for Editor in 1.39 ms, found 4 plugins.
Preloading 0 native plugins for Editor in 0.00 ms.
Unloading 13 Unused Serialized files (Serialized files now loaded: 0)
Unloading 6778 unused Assets / (4.3 MB). Loaded Objects now: 7574.
Memory consumption went from 158.0 MB to 153.7 MB.
Total: 6.770900 ms (FindLiveObjects: 0.559300 ms CreateObjectMapping: 0.473200 ms MarkObjects: 3.758200 ms  DeleteObjects: 1.979000 ms)

Prepare: number of updated asset objects reloaded= 0
========================================================================
Received Import Request.
  Time since last request: 888.960384 seconds.
  path: Assets/Prefab/Enemies/Stalker.prefab
  artifactKey: Guid(63065fca1ba6aca44a378d5294d2dce2) Importer(815301076,1909f56bfc062723c751e8b465ee728b)
Start importing Assets/Prefab/Enemies/Stalker.prefab using Guid(63065fca1ba6aca44a378d5294d2dce2) Importer(815301076,1909f56bfc062723c751e8b465ee728b) (PreviewImporter) -> (artifact id: '54b47d861d4f6bec91394c107d769cd7') in 0.4718525 seconds
Number of updated asset objects reloaded before import = 0Number of asset objects unloaded after import = 84

========================================================================
Received Import Request.
  Time since last request: 4.322187 seconds.
  path: Assets/Prefab/Enemies/Summoner.prefab
  artifactKey: Guid(5236b3442b8bf6a4681b9dd9c8a284ed) Importer(815301076,1909f56bfc062723c751e8b465ee728b)
Start importing Assets/Prefab/Enemies/Summoner.prefab using Guid(5236b3442b8bf6a4681b9dd9c8a284ed) Importer(815301076,1909f56bfc062723c751e8b465ee728b) (PreviewImporter) -> (artifact id: '168808b536ca8be7433d764b43a39e50') in 0.1354779 seconds
Number of updated asset objects reloaded before import = 0Number of asset objects unloaded after import = 135

========================================================================
Received Import Request.
  Time since last request: 10.486142 seconds.
  path: Assets/Prefab/Enemies/Summoner.prefab
  artifactKey: Guid(5236b3442b8bf6a4681b9dd9c8a284ed) Importer(815301076,1909f56bfc062723c751e8b465ee728b)
Start importing Assets/Prefab/Enemies/Summoner.prefab using Guid(5236b3442b8bf6a4681b9dd9c8a284ed) Importer(815301076,1909f56bfc062723c751e8b465ee728b) (PreviewImporter) -> (artifact id: '8b6c6b0eba594caa5f89d712a8eb14d1') in 0.1423387 seconds
Number of updated asset objects reloaded before import = 0Number of asset objects unloaded after import = 135

========================================================================
Received Import Request.
  Time since last request: 4.741603 seconds.
  path: Assets/Prefab/Enemies/Summoner.prefab
  artifactKey: Guid(5236b3442b8bf6a4681b9dd9c8a284ed) Importer(815301076,1909f56bfc062723c751e8b465ee728b)
Start importing Assets/Prefab/Enemies/Summoner.prefab using Guid(5236b3442b8bf6a4681b9dd9c8a284ed) Importer(815301076,1909f56bfc062723c751e8b465ee728b) (PreviewImporter) -> (artifact id: '898a7fdaf9fa1eaf3642130657227061') in 0.2275858 seconds
Number of updated asset objects reloaded before import = 0Number of asset objects unloaded after import = 135

========================================================================
Received Import Request.
  Time since last request: 6.141081 seconds.
  path: Assets/Prefab/Enemies/Stalker.prefab
  artifactKey: Guid(63065fca1ba6aca44a378d5294d2dce2) Importer(815301076,1909f56bfc062723c751e8b465ee728b)
Start importing Assets/Prefab/Enemies/Stalker.prefab using Guid(63065fca1ba6aca44a378d5294d2dce2) Importer(815301076,1909f56bfc062723c751e8b465ee728b) (PreviewImporter) -> (artifact id: 'dc6e8e2afb81c0cde9eec99cb198576b') in 0.0967783 seconds
Number of updated asset objects reloaded before import = 0Number of asset objects unloaded after import = 84

========================================================================
Received Import Request.
  Time since last request: 3.971040 seconds.
  path: Assets/Prefab/Enemies/Stalker.prefab
  artifactKey: Guid(63065fca1ba6aca44a378d5294d2dce2) Importer(815301076,1909f56bfc062723c751e8b465ee728b)
Start importing Assets/Prefab/Enemies/Stalker.prefab using Guid(63065fca1ba6aca44a378d5294d2dce2) Importer(815301076,1909f56bfc062723c751e8b465ee728b) (PreviewImporter) -> (artifact id: '170f60f5bda47a6d599ced1d9a5b6cd6') in 0.0959807 seconds
Number of updated asset objects reloaded before import = 0Number of asset objects unloaded after import = 84

========================================================================
Received Import Request.
  Time since last request: 5.947121 seconds.
  path: Assets/Prefab/Enemies/Stalker.prefab
  artifactKey: Guid(63065fca1ba6aca44a378d5294d2dce2) Importer(815301076,1909f56bfc062723c751e8b465ee728b)
Start importing Assets/Prefab/Enemies/Stalker.prefab using Guid(63065fca1ba6aca44a378d5294d2dce2) Importer(815301076,1909f56bfc062723c751e8b465ee728b) (PreviewImporter) -> (artifact id: '6b3f9c97240562dfebbc198aba7e1988') in 0.0759682 seconds
Number of updated asset objects reloaded before import = 0Number of asset objects unloaded after import = 84

========================================================================
Received Import Request.
  Time since last request: 6.648701 seconds.
  path: Assets/Prefab/Enemies/Stalker.prefab
  artifactKey: Guid(63065fca1ba6aca44a378d5294d2dce2) Importer(815301076,1909f56bfc062723c751e8b465ee728b)
Start importing Assets/Prefab/Enemies/Stalker.prefab using Guid(63065fca1ba6aca44a378d5294d2dce2) Importer(815301076,1909f56bfc062723c751e8b465ee728b) (PreviewImporter) -> (artifact id: '81bc42e9b7e8738b86655b43b87e40da') in 0.0827074 seconds
Number of updated asset objects reloaded before import = 0Number of asset objects unloaded after import = 84

========================================================================
Received Import Request.
  Time since last request: 3.510838 seconds.
  path: Assets/Prefab/Enemies/Stalker.prefab
  artifactKey: Guid(63065fca1ba6aca44a378d5294d2dce2) Importer(815301076,1909f56bfc062723c751e8b465ee728b)
Start importing Assets/Prefab/Enemies/Stalker.prefab using Guid(63065fca1ba6aca44a378d5294d2dce2) Importer(815301076,1909f56bfc062723c751e8b465ee728b) (PreviewImporter) -> (artifact id: '83ad8cc4b23f645cbc2bfc7be7d51af5') in 0.0838831 seconds
Number of updated asset objects reloaded before import = 0Number of asset objects unloaded after import = 84

========================================================================
Received Import Request.
  Time since last request: 9.017634 seconds.
  path: Assets/Prefab/Enemies/Brute.prefab
  artifactKey: Guid(a094c1c0e2f149a408578cfec8e976c7) Importer(815301076,1909f56bfc062723c751e8b465ee728b)
Start importing Assets/Prefab/Enemies/Brute.prefab using Guid(a094c1c0e2f149a408578cfec8e976c7) Importer(815301076,1909f56bfc062723c751e8b465ee728b) (PreviewImporter) -> (artifact id: 'f61747737803fb82be3440cb3ef3bedb') in 0.109983 seconds
Number of updated asset objects reloaded before import = 0Number of asset objects unloaded after import = 82

========================================================================
Received Import Request.
  Time since last request: 9.558405 seconds.
  path: Assets/Prefab/Enemies/Summoner.prefab
  artifactKey: Guid(5236b3442b8bf6a4681b9dd9c8a284ed) Importer(815301076,1909f56bfc062723c751e8b465ee728b)
Start importing Assets/Prefab/Enemies/Summoner.prefab using Guid(5236b3442b8bf6a4681b9dd9c8a284ed) Importer(815301076,1909f56bfc062723c751e8b465ee728b) (PreviewImporter) -> (artifact id: '554496b0c6a7388e94d8c778071319b6') in 0.1130685 seconds
Number of updated asset objects reloaded before import = 0Number of asset objects unloaded after import = 135

========================================================================
Received Import Request.
  Time since last request: 3.406575 seconds.
  path: Assets/Prefab/Enemies/Summoner.prefab
  artifactKey: Guid(5236b3442b8bf6a4681b9dd9c8a284ed) Importer(815301076,1909f56bfc062723c751e8b465ee728b)
Start importing Assets/Prefab/Enemies/Summoner.prefab using Guid(5236b3442b8bf6a4681b9dd9c8a284ed) Importer(815301076,1909f56bfc062723c751e8b465ee728b) (PreviewImporter) -> (artifact id: 'adcb76419661cfada28eac8e20b5ac9e') in 0.1769756 seconds
Number of updated asset objects reloaded before import = 0Number of asset objects unloaded after import = 135

========================================================================
Received Import Request.
  Time since last request: 7.433454 seconds.
  path: Assets/Prefab/Enemies/Spritter.prefab
  artifactKey: Guid(56df52b54032ed14790a1ac8655583fc) Importer(815301076,1909f56bfc062723c751e8b465ee728b)
Start importing Assets/Prefab/Enemies/Spritter.prefab using Guid(56df52b54032ed14790a1ac8655583fc) Importer(815301076,1909f56bfc062723c751e8b465ee728b) (PreviewImporter) -> (artifact id: '8d41623cbfaf5b64c3dd448ea8f27b6e') in 0.160711 seconds
Number of updated asset objects reloaded before import = 0Number of asset objects unloaded after import = 106

========================================================================
Received Prepare
Begin MonoManager ReloadAssembly
- Loaded All Assemblies, in  0.677 seconds
Refreshing native plugins compatible for Editor in 1.42 ms, found 4 plugins.
Native extension for Android target not found
Native extension for WindowsStandalone target not found
Mono: successfully reloaded assembly
- Finished resetting the current domain, in  0.680 seconds
Domain Reload Profiling: 1355ms
	BeginReloadAssembly (189ms)
		ExecutionOrderSort (0ms)
		DisableScriptedObjects (25ms)
		BackupInstance (0ms)
		ReleaseScriptingObjects (0ms)
		CreateAndSetChildDomain (48ms)
	RebuildCommonClasses (31ms)
	RebuildNativeTypeToScriptingClass (11ms)
	initialDomainReloadingComplete (32ms)
	LoadAllAssembliesAndSetupDomain (412ms)
		LoadAssemblies (310ms)
		RebuildTransferFunctionScriptingTraits (0ms)
		AnalyzeDomain (182ms)
			TypeCache.Refresh (7ms)
				TypeCache.ScanAssembly (0ms)
			BuildScriptInfoCaches (162ms)
			ResolveRequiredComponents (10ms)
	FinalizeReload (680ms)
		ReleaseScriptCaches (0ms)
		RebuildScriptCaches (0ms)
		SetupLoadedEditorAssemblies (496ms)
			LogAssemblyErrors (0ms)
			InitializePlatformSupportModulesInManaged (9ms)
			SetLoadedEditorAssemblies (4ms)
			BeforeProcessingInitializeOnLoad (105ms)
			ProcessInitializeOnLoadAttributes (310ms)
			ProcessInitializeOnLoadMethodAttributes (62ms)
			AfterProcessingInitializeOnLoad (6ms)
			EditorAssembliesLoaded (0ms)
		ExecutionOrderSort2 (0ms)
		AwakeInstancesAfterBackupRestoration (15ms)
Refreshing native plugins compatible for Editor in 1.88 ms, found 4 plugins.
Preloading 0 native plugins for Editor in 0.00 ms.
Unloading 13 Unused Serialized files (Serialized files now loaded: 0)
Unloading 6778 unused Assets / (4.9 MB). Loaded Objects now: 7599.
Memory consumption went from 159.7 MB to 154.8 MB.
Total: 9.203600 ms (FindLiveObjects: 0.668500 ms CreateObjectMapping: 0.702400 ms MarkObjects: 4.563300 ms  DeleteObjects: 3.268400 ms)

Prepare: number of updated asset objects reloaded= 0
========================================================================
Received Import Request.
  Time since last request: 83.343476 seconds.
  path: Assets/Prefab/Enemies/Thrall.prefab
  artifactKey: Guid(65490c32e7b591b49a7c287b4da854b1) Importer(815301076,1909f56bfc062723c751e8b465ee728b)
Start importing Assets/Prefab/Enemies/Thrall.prefab using Guid(65490c32e7b591b49a7c287b4da854b1) Importer(815301076,1909f56bfc062723c751e8b465ee728b) (PreviewImporter) -> (artifact id: '89b2ad39adf9987c1988a3a2cad3d29a') in 0.4851417 seconds
Number of updated asset objects reloaded before import = 0Number of asset objects unloaded after import = 81

========================================================================
Received Import Request.
  Time since last request: 2.158780 seconds.
  path: Assets/Prefab/Enemies/Summoner.prefab
  artifactKey: Guid(5236b3442b8bf6a4681b9dd9c8a284ed) Importer(815301076,1909f56bfc062723c751e8b465ee728b)
Start importing Assets/Prefab/Enemies/Summoner.prefab using Guid(5236b3442b8bf6a4681b9dd9c8a284ed) Importer(815301076,1909f56bfc062723c751e8b465ee728b) (PreviewImporter) -> (artifact id: '551806c0107d23b2e722417bddac3d91') in 0.1509182 seconds
Number of updated asset objects reloaded before import = 0Number of asset objects unloaded after import = 135

========================================================================
Received Import Request.
  Time since last request: 6.554307 seconds.
  path: Assets/Prefab/Enemies/Summoner.prefab
  artifactKey: Guid(5236b3442b8bf6a4681b9dd9c8a284ed) Importer(815301076,1909f56bfc062723c751e8b465ee728b)
Start importing Assets/Prefab/Enemies/Summoner.prefab using Guid(5236b3442b8bf6a4681b9dd9c8a284ed) Importer(815301076,1909f56bfc062723c751e8b465ee728b) (PreviewImporter) -> (artifact id: '0410b968c5c5ede5d93632f3eaaff61e') in 0.2368594 seconds
Number of updated asset objects reloaded before import = 0Number of asset objects unloaded after import = 135

========================================================================
Received Import Request.
  Time since last request: 4.853056 seconds.
  path: Assets/Prefab/Enemies/Stalker.prefab
  artifactKey: Guid(63065fca1ba6aca44a378d5294d2dce2) Importer(815301076,1909f56bfc062723c751e8b465ee728b)
Start importing Assets/Prefab/Enemies/Stalker.prefab using Guid(63065fca1ba6aca44a378d5294d2dce2) Importer(815301076,1909f56bfc062723c751e8b465ee728b) (PreviewImporter) -> (artifact id: '246200c256730569a8a9be913f688c35') in 0.1480384 seconds
Number of updated asset objects reloaded before import = 0Number of asset objects unloaded after import = 84

========================================================================
Received Prepare
Begin MonoManager ReloadAssembly
- Loaded All Assemblies, in  0.652 seconds
Refreshing native plugins compatible for Editor in 1.68 ms, found 4 plugins.
Native extension for Android target not found
Native extension for WindowsStandalone target not found
Mono: successfully reloaded assembly
- Finished resetting the current domain, in  0.680 seconds
Domain Reload Profiling: 1330ms
	BeginReloadAssembly (196ms)
		ExecutionOrderSort (0ms)
		DisableScriptedObjects (30ms)
		BackupInstance (0ms)
		ReleaseScriptingObjects (0ms)
		CreateAndSetChildDomain (47ms)
	RebuildCommonClasses (31ms)
	RebuildNativeTypeToScriptingClass (11ms)
	initialDomainReloadingComplete (30ms)
	LoadAllAssembliesAndSetupDomain (382ms)
		LoadAssemblies (291ms)
		RebuildTransferFunctionScriptingTraits (0ms)
		AnalyzeDomain (171ms)
			TypeCache.Refresh (7ms)
				TypeCache.ScanAssembly (0ms)
			BuildScriptInfoCaches (151ms)
			ResolveRequiredComponents (10ms)
	FinalizeReload (681ms)
		ReleaseScriptCaches (0ms)
		RebuildScriptCaches (0ms)
		SetupLoadedEditorAssemblies (507ms)
			LogAssemblyErrors (0ms)
			InitializePlatformSupportModulesInManaged (10ms)
			SetLoadedEditorAssemblies (5ms)
			BeforeProcessingInitializeOnLoad (106ms)
			ProcessInitializeOnLoadAttributes (324ms)
			ProcessInitializeOnLoadMethodAttributes (58ms)
			AfterProcessingInitializeOnLoad (5ms)
			EditorAssembliesLoaded (0ms)
		ExecutionOrderSort2 (0ms)
		AwakeInstancesAfterBackupRestoration (13ms)
Refreshing native plugins compatible for Editor in 1.54 ms, found 4 plugins.
Preloading 0 native plugins for Editor in 0.00 ms.
Unloading 13 Unused Serialized files (Serialized files now loaded: 0)
Unloading 6778 unused Assets / (4.3 MB). Loaded Objects now: 7624.
Memory consumption went from 161.3 MB to 157.0 MB.
Total: 7.698200 ms (FindLiveObjects: 0.852100 ms CreateObjectMapping: 0.573800 ms MarkObjects: 4.095800 ms  DeleteObjects: 2.175800 ms)

Prepare: number of updated asset objects reloaded= 0
========================================================================
Received Import Request.
  Time since last request: 27.639604 seconds.
  path: Assets/Prefab/Enemies/Stalker.prefab
  artifactKey: Guid(63065fca1ba6aca44a378d5294d2dce2) Importer(815301076,1909f56bfc062723c751e8b465ee728b)
Start importing Assets/Prefab/Enemies/Stalker.prefab using Guid(63065fca1ba6aca44a378d5294d2dce2) Importer(815301076,1909f56bfc062723c751e8b465ee728b) (PreviewImporter) -> (artifact id: 'f8c74209a50181e556393b2bbd44c680') in 0.4617556 seconds
Number of updated asset objects reloaded before import = 0Number of asset objects unloaded after import = 83

========================================================================
Received Import Request.
  Time since last request: 2.892301 seconds.
  path: Assets/Prefab/Enemies/Stalker.prefab
  artifactKey: Guid(63065fca1ba6aca44a378d5294d2dce2) Importer(815301076,1909f56bfc062723c751e8b465ee728b)
Start importing Assets/Prefab/Enemies/Stalker.prefab using Guid(63065fca1ba6aca44a378d5294d2dce2) Importer(815301076,1909f56bfc062723c751e8b465ee728b) (PreviewImporter) -> (artifact id: '7d37c19f72c3e27625962e3748e3b822') in 0.0950554 seconds
Number of updated asset objects reloaded before import = 0Number of asset objects unloaded after import = 84

========================================================================
Received Import Request.
  Time since last request: 7.982536 seconds.
  path: Assets/Prefab/Enemies/Summoner.prefab
  artifactKey: Guid(5236b3442b8bf6a4681b9dd9c8a284ed) Importer(815301076,1909f56bfc062723c751e8b465ee728b)
Start importing Assets/Prefab/Enemies/Summoner.prefab using Guid(5236b3442b8bf6a4681b9dd9c8a284ed) Importer(815301076,1909f56bfc062723c751e8b465ee728b) (PreviewImporter) -> (artifact id: 'c6dbd855f9af8d8352755949393f08a8') in 0.1531106 seconds
Number of updated asset objects reloaded before import = 0Number of asset objects unloaded after import = 135

========================================================================
Received Import Request.
  Time since last request: 4.549415 seconds.
  path: Assets/Prefab/Enemies/Summoner.prefab
  artifactKey: Guid(5236b3442b8bf6a4681b9dd9c8a284ed) Importer(815301076,1909f56bfc062723c751e8b465ee728b)
Start importing Assets/Prefab/Enemies/Summoner.prefab using Guid(5236b3442b8bf6a4681b9dd9c8a284ed) Importer(815301076,1909f56bfc062723c751e8b465ee728b) (PreviewImporter) -> (artifact id: '2f7d0cc8c8d71f82779d6fb96f501414') in 0.0968169 seconds
Number of updated asset objects reloaded before import = 0Number of asset objects unloaded after import = 135

========================================================================
Received Prepare
Begin MonoManager ReloadAssembly
- Loaded All Assemblies, in  0.670 seconds
Refreshing native plugins compatible for Editor in 1.86 ms, found 4 plugins.
Native extension for Android target not found
Native extension for WindowsStandalone target not found
Mono: successfully reloaded assembly
- Finished resetting the current domain, in  0.644 seconds
Domain Reload Profiling: 1313ms
	BeginReloadAssembly (187ms)
		ExecutionOrderSort (0ms)
		DisableScriptedObjects (20ms)
		BackupInstance (0ms)
		ReleaseScriptingObjects (0ms)
		CreateAndSetChildDomain (49ms)
	RebuildCommonClasses (28ms)
	RebuildNativeTypeToScriptingClass (14ms)
	initialDomainReloadingComplete (24ms)
	LoadAllAssembliesAndSetupDomain (416ms)
		LoadAssemblies (303ms)
		RebuildTransferFunctionScriptingTraits (0ms)
		AnalyzeDomain (193ms)
			TypeCache.Refresh (9ms)
				TypeCache.ScanAssembly (0ms)
			BuildScriptInfoCaches (170ms)
			ResolveRequiredComponents (10ms)
	FinalizeReload (644ms)
		ReleaseScriptCaches (0ms)
		RebuildScriptCaches (0ms)
		SetupLoadedEditorAssemblies (474ms)
			LogAssemblyErrors (0ms)
			InitializePlatformSupportModulesInManaged (8ms)
			SetLoadedEditorAssemblies (5ms)
			BeforeProcessingInitializeOnLoad (102ms)
			ProcessInitializeOnLoadAttributes (301ms)
			ProcessInitializeOnLoadMethodAttributes (53ms)
			AfterProcessingInitializeOnLoad (4ms)
			EditorAssembliesLoaded (0ms)
		ExecutionOrderSort2 (0ms)
		AwakeInstancesAfterBackupRestoration (10ms)
Refreshing native plugins compatible for Editor in 1.45 ms, found 4 plugins.
Preloading 0 native plugins for Editor in 0.00 ms.
Unloading 13 Unused Serialized files (Serialized files now loaded: 0)
Unloading 6778 unused Assets / (4.3 MB). Loaded Objects now: 7649.
Memory consumption went from 162.8 MB to 158.6 MB.
Total: 7.420700 ms (FindLiveObjects: 0.609400 ms CreateObjectMapping: 0.577200 ms MarkObjects: 4.127300 ms  DeleteObjects: 2.105900 ms)

Prepare: number of updated asset objects reloaded= 0
========================================================================
Received Import Request.
  Time since last request: 1719.376168 seconds.
  path: Assets/Scripts/Enemies/Boss
  artifactKey: Guid(6bb8160c49c766f408f65df6da673ee1) Importer(815301076,1909f56bfc062723c751e8b465ee728b)
Start importing Assets/Scripts/Enemies/Boss using Guid(6bb8160c49c766f408f65df6da673ee1) Importer(815301076,1909f56bfc062723c751e8b465ee728b) (PreviewImporter) -> (artifact id: '5ce45d9e250e048e66c1fae95c45dfaf') in 0.0065695 seconds
Number of updated asset objects reloaded before import = 0Number of asset objects unloaded after import = 0

========================================================================
Received Prepare
Refreshing native plugins compatible for Editor in 1.69 ms, found 4 plugins.
Preloading 0 native plugins for Editor in 0.00 ms.
Unloading 13 Unused Serialized files (Serialized files now loaded: 0)
Unloading 6768 unused Assets / (3.5 MB). Loaded Objects now: 7650.
Memory consumption went from 162.8 MB to 159.4 MB.
Total: 17.308400 ms (FindLiveObjects: 0.617300 ms CreateObjectMapping: 0.542400 ms MarkObjects: 5.747800 ms  DeleteObjects: 10.399700 ms)

Prepare: number of updated asset objects reloaded= 0
========================================================================
Received Import Request.
  Time since last request: 4.405385 seconds.
  path: Assets/Scripts/Enemies/Boss/AstraelBoss.cs
  artifactKey: Guid(d95287b12d6bd0a45b5ccf9ad0d65bda) Importer(815301076,1909f56bfc062723c751e8b465ee728b)
Start importing Assets/Scripts/Enemies/Boss/AstraelBoss.cs using Guid(d95287b12d6bd0a45b5ccf9ad0d65bda) Importer(815301076,1909f56bfc062723c751e8b465ee728b) (PreviewImporter) -> (artifact id: '6fd956960f1fb119b4e6febfdd5e76e7') in 0.0057246 seconds
Number of updated asset objects reloaded before import = 0Number of asset objects unloaded after import = 0

========================================================================
Received Prepare
Begin MonoManager ReloadAssembly
- Loaded All Assemblies, in  0.846 seconds
Refreshing native plugins compatible for Editor in 1.36 ms, found 4 plugins.
Native extension for Android target not found
Native extension for WindowsStandalone target not found
Mono: successfully reloaded assembly
- Finished resetting the current domain, in  0.855 seconds
Domain Reload Profiling: 1699ms
	BeginReloadAssembly (229ms)
		ExecutionOrderSort (0ms)
		DisableScriptedObjects (17ms)
		BackupInstance (0ms)
		ReleaseScriptingObjects (0ms)
		CreateAndSetChildDomain (56ms)
	RebuildCommonClasses (39ms)
	RebuildNativeTypeToScriptingClass (12ms)
	initialDomainReloadingComplete (31ms)
	LoadAllAssembliesAndSetupDomain (533ms)
		LoadAssemblies (384ms)
		RebuildTransferFunctionScriptingTraits (0ms)
		AnalyzeDomain (259ms)
			TypeCache.Refresh (13ms)
				TypeCache.ScanAssembly (1ms)
			BuildScriptInfoCaches (225ms)
			ResolveRequiredComponents (15ms)
	FinalizeReload (856ms)
		ReleaseScriptCaches (0ms)
		RebuildScriptCaches (0ms)
		SetupLoadedEditorAssemblies (610ms)
			LogAssemblyErrors (0ms)
			InitializePlatformSupportModulesInManaged (14ms)
			SetLoadedEditorAssemblies (7ms)
			BeforeProcessingInitializeOnLoad (126ms)
			ProcessInitializeOnLoadAttributes (382ms)
			ProcessInitializeOnLoadMethodAttributes (73ms)
			AfterProcessingInitializeOnLoad (7ms)
			EditorAssembliesLoaded (0ms)
		ExecutionOrderSort2 (0ms)
		AwakeInstancesAfterBackupRestoration (15ms)
Refreshing native plugins compatible for Editor in 2.15 ms, found 4 plugins.
Preloading 0 native plugins for Editor in 0.00 ms.
Unloading 13 Unused Serialized files (Serialized files now loaded: 0)
Unloading 6779 unused Assets / (5.0 MB). Loaded Objects now: 7653.
Memory consumption went from 162.7 MB to 157.7 MB.
Total: 10.410600 ms (FindLiveObjects: 0.757000 ms CreateObjectMapping: 1.045700 ms MarkObjects: 4.610100 ms  DeleteObjects: 3.996700 ms)

Prepare: number of updated asset objects reloaded= 0
========================================================================
Received Prepare
Refreshing native plugins compatible for Editor in 2.04 ms, found 4 plugins.
Preloading 0 native plugins for Editor in 0.00 ms.
Unloading 13 Unused Serialized files (Serialized files now loaded: 0)
Unloading 6768 unused Assets / (4.1 MB). Loaded Objects now: 7653.
Memory consumption went from 162.9 MB to 158.7 MB.
Total: 8.712600 ms (FindLiveObjects: 0.710300 ms CreateObjectMapping: 0.734900 ms MarkObjects: 4.756600 ms  DeleteObjects: 2.510000 ms)

Prepare: number of updated asset objects reloaded= 0
========================================================================
Received Import Request.
  Time since last request: 20.259789 seconds.
  path: Assets/Scripts/Enemies/Boss/AstraelBoss.cs
  artifactKey: Guid(d95287b12d6bd0a45b5ccf9ad0d65bda) Importer(815301076,1909f56bfc062723c751e8b465ee728b)
Start importing Assets/Scripts/Enemies/Boss/AstraelBoss.cs using Guid(d95287b12d6bd0a45b5ccf9ad0d65bda) Importer(815301076,1909f56bfc062723c751e8b465ee728b) (PreviewImporter) -> (artifact id: '4ef393f404c4aa35cc5aa4daf3563f1e') in 0.0116688 seconds
Number of updated asset objects reloaded before import = 0Number of asset objects unloaded after import = 0

========================================================================
Received Prepare
Refreshing native plugins compatible for Editor in 1.66 ms, found 4 plugins.
Preloading 0 native plugins for Editor in 0.00 ms.
Unloading 13 Unused Serialized files (Serialized files now loaded: 0)
Unloading 6769 unused Assets / (4.2 MB). Loaded Objects now: 7654.
Memory consumption went from 162.9 MB to 158.7 MB.
Total: 7.835100 ms (FindLiveObjects: 0.654000 ms CreateObjectMapping: 0.601100 ms MarkObjects: 4.407900 ms  DeleteObjects: 2.170900 ms)

Prepare: number of updated asset objects reloaded= 0
========================================================================
Received Import Request.
  Time since last request: 2.335570 seconds.
  path: Assets/Scripts/Enemies/Boss/NullSphere.cs
  artifactKey: Guid(def68e9bb2e81b64c95595e2d3867475) Importer(815301076,1909f56bfc062723c751e8b465ee728b)
Start importing Assets/Scripts/Enemies/Boss/NullSphere.cs using Guid(def68e9bb2e81b64c95595e2d3867475) Importer(815301076,1909f56bfc062723c751e8b465ee728b) (PreviewImporter) -> (artifact id: '3a9572939f3d69b67a45e1f271623f10') in 0.0089034 seconds
Number of updated asset objects reloaded before import = 0Number of asset objects unloaded after import = 0

========================================================================
Received Prepare
Refreshing native plugins compatible for Editor in 1.52 ms, found 4 plugins.
Preloading 0 native plugins for Editor in 0.00 ms.
Unloading 13 Unused Serialized files (Serialized files now loaded: 0)
Unloading 6769 unused Assets / (4.2 MB). Loaded Objects now: 7654.
Memory consumption went from 162.9 MB to 158.6 MB.
Total: 7.687000 ms (FindLiveObjects: 0.584400 ms CreateObjectMapping: 0.525700 ms MarkObjects: 4.666300 ms  DeleteObjects: 1.909600 ms)

Prepare: number of updated asset objects reloaded= 0
========================================================================
Received Import Request.
  Time since last request: 15.339847 seconds.
  path: Assets/Scripts/Enemies/Boss/NullSphere.cs
  artifactKey: Guid(def68e9bb2e81b64c95595e2d3867475) Importer(815301076,1909f56bfc062723c751e8b465ee728b)
Start importing Assets/Scripts/Enemies/Boss/NullSphere.cs using Guid(def68e9bb2e81b64c95595e2d3867475) Importer(815301076,1909f56bfc062723c751e8b465ee728b) (PreviewImporter) -> (artifact id: 'c8d349dc7688a6aa86e4f1e319716a80') in 0.0043752 seconds
Number of updated asset objects reloaded before import = 0Number of asset objects unloaded after import = 0

========================================================================
Received Prepare
Refreshing native plugins compatible for Editor in 2.03 ms, found 4 plugins.
Preloading 0 native plugins for Editor in 0.00 ms.
Unloading 13 Unused Serialized files (Serialized files now loaded: 0)
Unloading 6770 unused Assets / (4.0 MB). Loaded Objects now: 7655.
Memory consumption went from 162.9 MB to 158.8 MB.
Total: 7.224800 ms (FindLiveObjects: 0.855000 ms CreateObjectMapping: 0.607900 ms MarkObjects: 3.826800 ms  DeleteObjects: 1.933200 ms)

Prepare: number of updated asset objects reloaded= 0
========================================================================
Received Import Request.
  Time since last request: 2.251860 seconds.
  path: Assets/Scripts/Enemies/Boss/NullGuardian.cs
  artifactKey: Guid(486123831e6e3a44ab0eacec4e04ac06) Importer(815301076,1909f56bfc062723c751e8b465ee728b)
Start importing Assets/Scripts/Enemies/Boss/NullGuardian.cs using Guid(486123831e6e3a44ab0eacec4e04ac06) Importer(815301076,1909f56bfc062723c751e8b465ee728b) (PreviewImporter) -> (artifact id: 'ac86b45516e5d3090f616365c7e96f2b') in 0.0046155 seconds
Number of updated asset objects reloaded before import = 0Number of asset objects unloaded after import = 0

========================================================================
Received Prepare
Begin MonoManager ReloadAssembly
- Loaded All Assemblies, in  0.779 seconds
Refreshing native plugins compatible for Editor in 1.80 ms, found 4 plugins.
Native extension for Android target not found
Native extension for WindowsStandalone target not found
Mono: successfully reloaded assembly
- Finished resetting the current domain, in  0.864 seconds
Domain Reload Profiling: 1644ms
	BeginReloadAssembly (206ms)
		ExecutionOrderSort (0ms)
		DisableScriptedObjects (18ms)
		BackupInstance (0ms)
		ReleaseScriptingObjects (0ms)
		CreateAndSetChildDomain (47ms)
	RebuildCommonClasses (45ms)
	RebuildNativeTypeToScriptingClass (17ms)
	initialDomainReloadingComplete (36ms)
	LoadAllAssembliesAndSetupDomain (474ms)
		LoadAssemblies (336ms)
		RebuildTransferFunctionScriptingTraits (0ms)
		AnalyzeDomain (231ms)
			TypeCache.Refresh (12ms)
				TypeCache.ScanAssembly (1ms)
			BuildScriptInfoCaches (198ms)
			ResolveRequiredComponents (15ms)
	FinalizeReload (865ms)
		ReleaseScriptCaches (0ms)
		RebuildScriptCaches (0ms)
		SetupLoadedEditorAssemblies (627ms)
			LogAssemblyErrors (0ms)
			InitializePlatformSupportModulesInManaged (14ms)
			SetLoadedEditorAssemblies (6ms)
			BeforeProcessingInitializeOnLoad (147ms)
			ProcessInitializeOnLoadAttributes (386ms)
			ProcessInitializeOnLoadMethodAttributes (68ms)
			AfterProcessingInitializeOnLoad (5ms)
			EditorAssembliesLoaded (0ms)
		ExecutionOrderSort2 (0ms)
		AwakeInstancesAfterBackupRestoration (12ms)
Refreshing native plugins compatible for Editor in 2.06 ms, found 4 plugins.
Preloading 0 native plugins for Editor in 0.00 ms.
Unloading 13 Unused Serialized files (Serialized files now loaded: 0)
Unloading 6781 unused Assets / (4.2 MB). Loaded Objects now: 7658.
Memory consumption went from 162.7 MB to 158.5 MB.
Total: 12.355100 ms (FindLiveObjects: 0.933700 ms CreateObjectMapping: 1.708500 ms MarkObjects: 5.695700 ms  DeleteObjects: 4.015600 ms)

Prepare: number of updated asset objects reloaded= 0
========================================================================
Received Import Request.
  Time since last request: 23.041749 seconds.
  path: Assets/Scripts/Enemies/Boss/NullGuardian.cs
  artifactKey: Guid(486123831e6e3a44ab0eacec4e04ac06) Importer(815301076,1909f56bfc062723c751e8b465ee728b)
Start importing Assets/Scripts/Enemies/Boss/NullGuardian.cs using Guid(486123831e6e3a44ab0eacec4e04ac06) Importer(815301076,1909f56bfc062723c751e8b465ee728b) (PreviewImporter) -> (artifact id: '102a067de8a673a2f574993d8509602d') in 0.0093362 seconds
Number of updated asset objects reloaded before import = 0Number of asset objects unloaded after import = 0

========================================================================
Received Import Request.
  Time since last request: 27.656882 seconds.
  path: Assets/Sprites/Enemies/a
  artifactKey: Guid(56323afcb85df6a4c99a2860b2d44bad) Importer(815301076,1909f56bfc062723c751e8b465ee728b)
Start importing Assets/Sprites/Enemies/a using Guid(56323afcb85df6a4c99a2860b2d44bad) Importer(815301076,1909f56bfc062723c751e8b465ee728b) (PreviewImporter) -> (artifact id: 'b4de3e3eda91857adccf61cb3cdfe1cf') in 0.0009851 seconds
Number of updated asset objects reloaded before import = 0Number of asset objects unloaded after import = 0

========================================================================
Received Import Request.
  Time since last request: 13.565822 seconds.
  path: Assets/Sprites/Enemies/Astrael, The Null Sovereign
  artifactKey: Guid(56323afcb85df6a4c99a2860b2d44bad) Importer(815301076,1909f56bfc062723c751e8b465ee728b)
Start importing Assets/Sprites/Enemies/Astrael, The Null Sovereign using Guid(56323afcb85df6a4c99a2860b2d44bad) Importer(815301076,1909f56bfc062723c751e8b465ee728b) (PreviewImporter) -> (artifact id: '25d923843128c8b716a4a60a1281f24b') in 0.0007405 seconds
Number of updated asset objects reloaded before import = 0Number of asset objects unloaded after import = 0

========================================================================
Received Import Request.
  Time since last request: 416.884856 seconds.
  path: Assets/Sprites/Canvas/Materials
  artifactKey: Guid(cdc7879b4cd4e7e41a34dbd07f917e64) Importer(815301076,1909f56bfc062723c751e8b465ee728b)
Start importing Assets/Sprites/Canvas/Materials using Guid(cdc7879b4cd4e7e41a34dbd07f917e64) Importer(815301076,1909f56bfc062723c751e8b465ee728b) (PreviewImporter) -> (artifact id: 'd981addde19388e6f01d0dc645378fdf') in 0.0008756 seconds
Number of updated asset objects reloaded before import = 0Number of asset objects unloaded after import = 0

========================================================================
Received Import Request.
  Time since last request: 0.012888 seconds.
  path: Assets/Sprites/Canvas/Materials/FondoLegendary.mat
  artifactKey: Guid(338d857edb5aae74988a507c2d5ddc32) Importer(815301076,1909f56bfc062723c751e8b465ee728b)
Start importing Assets/Sprites/Canvas/Materials/FondoLegendary.mat using Guid(338d857edb5aae74988a507c2d5ddc32) Importer(815301076,1909f56bfc062723c751e8b465ee728b) (PreviewImporter) -> (artifact id: '3762e330ec0c70340604dd43f22e316d') in 0.4488045 seconds
Number of updated asset objects reloaded before import = 0Number of asset objects unloaded after import = 1

========================================================================
Received Import Request.
  Time since last request: 69.473525 seconds.
  path: Assets/Fonts/static/Cinzel-Bold SDF.asset
  artifactKey: Guid(b45182c79812f754ba82358ad696e331) Importer(815301076,1909f56bfc062723c751e8b465ee728b)
Start importing Assets/Fonts/static/Cinzel-Bold SDF.asset using Guid(b45182c79812f754ba82358ad696e331) Importer(815301076,1909f56bfc062723c751e8b465ee728b) (PreviewImporter) -> (artifact id: '9a4eaad76724d97c266765574dd2922e') in 0.111428 seconds
Number of updated asset objects reloaded before import = 0Number of asset objects unloaded after import = 6

========================================================================
Received Import Request.
  Time since last request: 0.000038 seconds.
  path: Assets/TextMesh Pro/Resources/Fonts & Materials/LiberationSans SDF - Fallback.asset
  artifactKey: Guid(2e498d1c8094910479dc3e1b768306a4) Importer(815301076,1909f56bfc062723c751e8b465ee728b)
Start importing Assets/TextMesh Pro/Resources/Fonts & Materials/LiberationSans SDF - Fallback.asset using Guid(2e498d1c8094910479dc3e1b768306a4) Importer(815301076,1909f56bfc062723c751e8b465ee728b) (PreviewImporter) -> (artifact id: '5685055afe0c714a970d372a4e04b192') in 0.0367477 seconds
Number of updated asset objects reloaded before import = 0Number of asset objects unloaded after import = 6

========================================================================
Received Import Request.
  Time since last request: 0.000034 seconds.
  path: Assets/TextMesh Pro/Resources/Fonts & Materials/LiberationSans SDF.asset
  artifactKey: Guid(8f586378b4e144a9851e7b34d9b748ee) Importer(815301076,1909f56bfc062723c751e8b465ee728b)
Start importing Assets/TextMesh Pro/Resources/Fonts & Materials/LiberationSans SDF.asset using Guid(8f586378b4e144a9851e7b34d9b748ee) Importer(815301076,1909f56bfc062723c751e8b465ee728b) (PreviewImporter) -> (artifact id: '2934ef025a164459eb34d9d36ebbff99') in 0.0442312 seconds
Number of updated asset objects reloaded before import = 0Number of asset objects unloaded after import = 9

========================================================================
Received Prepare
Refreshing native plugins compatible for Editor in 1.61 ms, found 4 plugins.
Preloading 0 native plugins for Editor in 0.00 ms.
Unloading 13 Unused Serialized files (Serialized files now loaded: 0)
Unloading 6771 unused Assets / (4.2 MB). Loaded Objects now: 7819.
Memory consumption went from 168.4 MB to 164.2 MB.
Total: 16.873800 ms (FindLiveObjects: 0.656700 ms CreateObjectMapping: 0.604500 ms MarkObjects: 7.218600 ms  DeleteObjects: 8.392100 ms)

Prepare: number of updated asset objects reloaded= 0
========================================================================
Received Import Request.
  Time since last request: 258.188733 seconds.
  path: Assets/Scripts/Enemies/Boss/BossHealthUI.cs
  artifactKey: Guid(fdef924264120414dae5d9e685575ee1) Importer(815301076,1909f56bfc062723c751e8b465ee728b)
Start importing Assets/Scripts/Enemies/Boss/BossHealthUI.cs using Guid(fdef924264120414dae5d9e685575ee1) Importer(815301076,1909f56bfc062723c751e8b465ee728b) (PreviewImporter) -> (artifact id: '85dcfe46d7c38fc54056ad0aeb651417') in 0.0067027 seconds
Number of updated asset objects reloaded before import = 0Number of asset objects unloaded after import = 0

========================================================================
Received Prepare
Begin MonoManager ReloadAssembly
- Loaded All Assemblies, in  0.758 seconds
Refreshing native plugins compatible for Editor in 1.56 ms, found 4 plugins.
Native extension for Android target not found
Native extension for WindowsStandalone target not found
Mono: successfully reloaded assembly
- Finished resetting the current domain, in  0.802 seconds
Domain Reload Profiling: 1560ms
	BeginReloadAssembly (230ms)
		ExecutionOrderSort (0ms)
		DisableScriptedObjects (24ms)
		BackupInstance (0ms)
		ReleaseScriptingObjects (0ms)
		CreateAndSetChildDomain (64ms)
	RebuildCommonClasses (29ms)
	RebuildNativeTypeToScriptingClass (11ms)
	initialDomainReloadingComplete (27ms)
	LoadAllAssembliesAndSetupDomain (460ms)
		LoadAssemblies (368ms)
		RebuildTransferFunctionScriptingTraits (0ms)
		AnalyzeDomain (187ms)
			TypeCache.Refresh (9ms)
				TypeCache.ScanAssembly (1ms)
			BuildScriptInfoCaches (163ms)
			ResolveRequiredComponents (10ms)
	FinalizeReload (802ms)
		ReleaseScriptCaches (0ms)
		RebuildScriptCaches (0ms)
		SetupLoadedEditorAssemblies (602ms)
			LogAssemblyErrors (0ms)
			InitializePlatformSupportModulesInManaged (13ms)
			SetLoadedEditorAssemblies (6ms)
			BeforeProcessingInitializeOnLoad (143ms)
			ProcessInitializeOnLoadAttributes (373ms)
			ProcessInitializeOnLoadMethodAttributes (60ms)
			AfterProcessingInitializeOnLoad (6ms)
			EditorAssembliesLoaded (0ms)
		ExecutionOrderSort2 (0ms)
		AwakeInstancesAfterBackupRestoration (12ms)
Refreshing native plugins compatible for Editor in 1.60 ms, found 4 plugins.
Preloading 0 native plugins for Editor in 0.00 ms.
Unloading 13 Unused Serialized files (Serialized files now loaded: 0)
Unloading 6782 unused Assets / (3.8 MB). Loaded Objects now: 7720.
Memory consumption went from 164.7 MB to 160.9 MB.
Total: 6.825000 ms (FindLiveObjects: 0.562200 ms CreateObjectMapping: 0.468400 ms MarkObjects: 3.638100 ms  DeleteObjects: 2.155500 ms)

Prepare: number of updated asset objects reloaded= 0
========================================================================
Received Import Request.
  Time since last request: 9.206527 seconds.
  path: Assets/Scripts/Enemies/Boss/New Folder
  artifactKey: Guid(73195a100972c9242a87e15dfe517a62) Importer(815301076,1909f56bfc062723c751e8b465ee728b)
Start importing Assets/Scripts/Enemies/Boss/New Folder using Guid(73195a100972c9242a87e15dfe517a62) Importer(815301076,1909f56bfc062723c751e8b465ee728b) (PreviewImporter) -> (artifact id: '4173f790a773e1ec2b359e809e91fc6f') in 0.0046651 seconds
Number of updated asset objects reloaded before import = 0Number of asset objects unloaded after import = 0

========================================================================
Received Import Request.
  Time since last request: 1.856849 seconds.
  path: Assets/Scripts/Enemies/Boss/Astrael, The Null Sovereign
  artifactKey: Guid(73195a100972c9242a87e15dfe517a62) Importer(815301076,1909f56bfc062723c751e8b465ee728b)
Start importing Assets/Scripts/Enemies/Boss/Astrael, The Null Sovereign using Guid(73195a100972c9242a87e15dfe517a62) Importer(815301076,1909f56bfc062723c751e8b465ee728b) (PreviewImporter) -> (artifact id: '1fabe96da0aaa499d6e40939f761bbf9') in 0.0005173 seconds
Number of updated asset objects reloaded before import = 0Number of asset objects unloaded after import = 0

========================================================================
Received Prepare
Refreshing native plugins compatible for Editor in 1.46 ms, found 4 plugins.
Preloading 0 native plugins for Editor in 0.00 ms.
Unloading 13 Unused Serialized files (Serialized files now loaded: 0)
Unloading 6771 unused Assets / (4.2 MB). Loaded Objects now: 7720.
Memory consumption went from 164.7 MB to 160.5 MB.
Total: 6.911100 ms (FindLiveObjects: 0.611900 ms CreateObjectMapping: 0.567300 ms MarkObjects: 3.840500 ms  DeleteObjects: 1.889800 ms)

Prepare: number of updated asset objects reloaded= 0
========================================================================
Received Prepare
Begin MonoManager ReloadAssembly
- Loaded All Assemblies, in  0.692 seconds
Refreshing native plugins compatible for Editor in 1.62 ms, found 4 plugins.
Native extension for Android target not found
Native extension for WindowsStandalone target not found
Mono: successfully reloaded assembly
- Finished resetting the current domain, in  0.682 seconds
Domain Reload Profiling: 1375ms
	BeginReloadAssembly (190ms)
		ExecutionOrderSort (0ms)
		DisableScriptedObjects (13ms)
		BackupInstance (0ms)
		ReleaseScriptingObjects (0ms)
		CreateAndSetChildDomain (43ms)
	RebuildCommonClasses (34ms)
	RebuildNativeTypeToScriptingClass (12ms)
	initialDomainReloadingComplete (27ms)
	LoadAllAssembliesAndSetupDomain (430ms)
		LoadAssemblies (306ms)
		RebuildTransferFunctionScriptingTraits (0ms)
		AnalyzeDomain (216ms)
			TypeCache.Refresh (10ms)
				TypeCache.ScanAssembly (1ms)
			BuildScriptInfoCaches (190ms)
			ResolveRequiredComponents (11ms)
	FinalizeReload (682ms)
		ReleaseScriptCaches (0ms)
		RebuildScriptCaches (0ms)
		SetupLoadedEditorAssemblies (488ms)
			LogAssemblyErrors (0ms)
			InitializePlatformSupportModulesInManaged (12ms)
			SetLoadedEditorAssemblies (6ms)
			BeforeProcessingInitializeOnLoad (106ms)
			ProcessInitializeOnLoadAttributes (304ms)
			ProcessInitializeOnLoadMethodAttributes (54ms)
			AfterProcessingInitializeOnLoad (5ms)
			EditorAssembliesLoaded (0ms)
		ExecutionOrderSort2 (0ms)
		AwakeInstancesAfterBackupRestoration (12ms)
Refreshing native plugins compatible for Editor in 2.06 ms, found 4 plugins.
Preloading 0 native plugins for Editor in 0.00 ms.
Unloading 13 Unused Serialized files (Serialized files now loaded: 0)
Unloading 6782 unused Assets / (4.3 MB). Loaded Objects now: 7723.
Memory consumption went from 166.5 MB to 162.2 MB.
Total: 7.675400 ms (FindLiveObjects: 0.601000 ms CreateObjectMapping: 0.515500 ms MarkObjects: 4.070700 ms  DeleteObjects: 2.487600 ms)

Prepare: number of updated asset objects reloaded= 0
========================================================================
Received Prepare
Refreshing native plugins compatible for Editor in 1.63 ms, found 4 plugins.
Preloading 0 native plugins for Editor in 0.00 ms.
Unloading 13 Unused Serialized files (Serialized files now loaded: 0)
Unloading 6771 unused Assets / (4.7 MB). Loaded Objects now: 7723.
Memory consumption went from 166.6 MB to 162.0 MB.
Total: 8.404800 ms (FindLiveObjects: 0.676200 ms CreateObjectMapping: 0.602800 ms MarkObjects: 4.439300 ms  DeleteObjects: 2.685400 ms)

Prepare: number of updated asset objects reloaded= 0
========================================================================
Received Import Request.
  Time since last request: 35.738473 seconds.
  path: Assets/Scripts/Enemies/Enemy.cs
  artifactKey: Guid(b169a1293b4c02c48b67e1539191d7ee) Importer(815301076,1909f56bfc062723c751e8b465ee728b)
Start importing Assets/Scripts/Enemies/Enemy.cs using Guid(b169a1293b4c02c48b67e1539191d7ee) Importer(815301076,1909f56bfc062723c751e8b465ee728b) (PreviewImporter) -> (artifact id: '99ec98e3752b7c3bcefc134a69675bdd') in 0.0144992 seconds
Number of updated asset objects reloaded before import = 0Number of asset objects unloaded after import = 0

========================================================================
Received Prepare
Refreshing native plugins compatible for Editor in 1.69 ms, found 4 plugins.
Preloading 0 native plugins for Editor in 0.00 ms.
Unloading 13 Unused Serialized files (Serialized files now loaded: 0)
Unloading 6774 unused Assets / (4.7 MB). Loaded Objects now: 7726.
Memory consumption went from 166.7 MB to 162.0 MB.
Total: 10.558900 ms (FindLiveObjects: 0.749700 ms CreateObjectMapping: 0.732400 ms MarkObjects: 6.087000 ms  DeleteObjects: 2.988500 ms)

Prepare: number of updated asset objects reloaded= 0
========================================================================
Received Prepare
Refreshing native plugins compatible for Editor in 1.71 ms, found 4 plugins.
Preloading 0 native plugins for Editor in 0.00 ms.
Unloading 13 Unused Serialized files (Serialized files now loaded: 0)
Unloading 6774 unused Assets / (4.5 MB). Loaded Objects now: 7726.
Memory consumption went from 166.7 MB to 162.1 MB.
Total: 8.153100 ms (FindLiveObjects: 0.594000 ms CreateObjectMapping: 0.500100 ms MarkObjects: 4.839600 ms  DeleteObjects: 2.218400 ms)

Prepare: number of updated asset objects reloaded= 0
========================================================================
Received Import Request.
  Time since last request: 1214.457347 seconds.
  path: Assets/Scripts/Enemies/Boss/AstraelBoss.cs
  artifactKey: Guid(b8be03509f44f9949b2b61449a3d0e16) Importer(815301076,1909f56bfc062723c751e8b465ee728b)
Start importing Assets/Scripts/Enemies/Boss/AstraelBoss.cs using Guid(b8be03509f44f9949b2b61449a3d0e16) Importer(815301076,1909f56bfc062723c751e8b465ee728b) (PreviewImporter) -> (artifact id: 'd6f60309fa76f7516de1944987c47d4a') in 0.0106466 seconds
Number of updated asset objects reloaded before import = 0Number of asset objects unloaded after import = 0

========================================================================
Received Prepare
Refreshing native plugins compatible for Editor in 1.67 ms, found 4 plugins.
Preloading 0 native plugins for Editor in 0.00 ms.
Unloading 13 Unused Serialized files (Serialized files now loaded: 0)
Unloading 6773 unused Assets / (4.1 MB). Loaded Objects now: 7725.
Memory consumption went from 166.7 MB to 162.6 MB.
Total: 9.078800 ms (FindLiveObjects: 0.671500 ms CreateObjectMapping: 0.632400 ms MarkObjects: 4.733800 ms  DeleteObjects: 3.039400 ms)

Prepare: number of updated asset objects reloaded= 0
========================================================================
Received Prepare
Refreshing native plugins compatible for Editor in 1.44 ms, found 4 plugins.
Preloading 0 native plugins for Editor in 0.00 ms.
Unloading 13 Unused Serialized files (Serialized files now loaded: 0)
Unloading 6773 unused Assets / (4.4 MB). Loaded Objects now: 7725.
Memory consumption went from 166.7 MB to 162.2 MB.
Total: 6.596100 ms (FindLiveObjects: 0.565700 ms CreateObjectMapping: 0.516400 ms MarkObjects: 3.589200 ms  DeleteObjects: 1.923900 ms)

Prepare: number of updated asset objects reloaded= 0
========================================================================
Received Import Request.
  Time since last request: 16.847964 seconds.
  path: Assets/Scripts/Enemies/Boss/NullGuardian.cs
  artifactKey: Guid(cefba4c96641d9d4e99dfb7f0ab42a23) Importer(815301076,1909f56bfc062723c751e8b465ee728b)
Start importing Assets/Scripts/Enemies/Boss/NullGuardian.cs using Guid(cefba4c96641d9d4e99dfb7f0ab42a23) Importer(815301076,1909f56bfc062723c751e8b465ee728b) (PreviewImporter) -> (artifact id: 'fb4758e80564b0c7272aec54558226a9') in 0.0083402 seconds
Number of updated asset objects reloaded before import = 0Number of asset objects unloaded after import = 0

========================================================================
Received Prepare
Refreshing native plugins compatible for Editor in 1.64 ms, found 4 plugins.
Preloading 0 native plugins for Editor in 0.00 ms.
Unloading 13 Unused Serialized files (Serialized files now loaded: 0)
Unloading 6772 unused Assets / (4.0 MB). Loaded Objects now: 7724.
Memory consumption went from 166.7 MB to 162.6 MB.
Total: 7.631300 ms (FindLiveObjects: 0.633000 ms CreateObjectMapping: 0.563100 ms MarkObjects: 4.133700 ms  DeleteObjects: 2.300100 ms)

Prepare: number of updated asset objects reloaded= 0
========================================================================
Received Prepare
Refreshing native plugins compatible for Editor in 1.64 ms, found 4 plugins.
Preloading 0 native plugins for Editor in 0.00 ms.
Unloading 13 Unused Serialized files (Serialized files now loaded: 0)
Unloading 6772 unused Assets / (4.5 MB). Loaded Objects now: 7724.
Memory consumption went from 166.6 MB to 162.1 MB.
Total: 9.078400 ms (FindLiveObjects: 0.645600 ms CreateObjectMapping: 0.661100 ms MarkObjects: 5.265800 ms  DeleteObjects: 2.504800 ms)

Prepare: number of updated asset objects reloaded= 0
========================================================================
Received Import Request.
  Time since last request: 13.221842 seconds.
  path: Assets/Scripts/Enemies/Boss/NullSphere.cs
  artifactKey: Guid(7c3b1f232f76b564d9664be36f13c7fa) Importer(815301076,1909f56bfc062723c751e8b465ee728b)
Start importing Assets/Scripts/Enemies/Boss/NullSphere.cs using Guid(7c3b1f232f76b564d9664be36f13c7fa) Importer(815301076,1909f56bfc062723c751e8b465ee728b) (PreviewImporter) -> (artifact id: '137f55c0ccf38f7bd32e388329ed5cca') in 0.0081106 seconds
Number of updated asset objects reloaded before import = 0Number of asset objects unloaded after import = 0

========================================================================
Received Prepare
Refreshing native plugins compatible for Editor in 1.46 ms, found 4 plugins.
Preloading 0 native plugins for Editor in 0.00 ms.
Unloading 13 Unused Serialized files (Serialized files now loaded: 0)
Unloading 6771 unused Assets / (5.5 MB). Loaded Objects now: 7723.
Memory consumption went from 166.6 MB to 161.1 MB.
Total: 10.028000 ms (FindLiveObjects: 0.619400 ms CreateObjectMapping: 0.544600 ms MarkObjects: 5.486200 ms  DeleteObjects: 3.376100 ms)

Prepare: number of updated asset objects reloaded= 0
========================================================================
Received Prepare
Begin MonoManager ReloadAssembly
- Loaded All Assemblies, in  0.665 seconds
Refreshing native plugins compatible for Editor in 1.49 ms, found 4 plugins.
Native extension for Android target not found
Native extension for WindowsStandalone target not found
Mono: successfully reloaded assembly
- Finished resetting the current domain, in  0.706 seconds
Domain Reload Profiling: 1371ms
	BeginReloadAssembly (190ms)
		ExecutionOrderSort (0ms)
		DisableScriptedObjects (14ms)
		BackupInstance (0ms)
		ReleaseScriptingObjects (0ms)
		CreateAndSetChildDomain (50ms)
	RebuildCommonClasses (30ms)
	RebuildNativeTypeToScriptingClass (11ms)
	initialDomainReloadingComplete (26ms)
	LoadAllAssembliesAndSetupDomain (409ms)
		LoadAssemblies (308ms)
		RebuildTransferFunctionScriptingTraits (0ms)
		AnalyzeDomain (184ms)
			TypeCache.Refresh (10ms)
				TypeCache.ScanAssembly (1ms)
			BuildScriptInfoCaches (158ms)
			ResolveRequiredComponents (12ms)
	FinalizeReload (706ms)
		ReleaseScriptCaches (0ms)
		RebuildScriptCaches (0ms)
		SetupLoadedEditorAssemblies (501ms)
			LogAssemblyErrors (0ms)
			InitializePlatformSupportModulesInManaged (11ms)
			SetLoadedEditorAssemblies (6ms)
			BeforeProcessingInitializeOnLoad (123ms)
			ProcessInitializeOnLoadAttributes (303ms)
			ProcessInitializeOnLoadMethodAttributes (52ms)
			AfterProcessingInitializeOnLoad (5ms)
			EditorAssembliesLoaded (0ms)
		ExecutionOrderSort2 (0ms)
		AwakeInstancesAfterBackupRestoration (16ms)
Refreshing native plugins compatible for Editor in 1.81 ms, found 4 plugins.
Preloading 0 native plugins for Editor in 0.00 ms.
Unloading 13 Unused Serialized files (Serialized files now loaded: 0)
Unloading 6782 unused Assets / (4.6 MB). Loaded Objects now: 7726.
Memory consumption went from 166.5 MB to 161.8 MB.
Total: 8.941800 ms (FindLiveObjects: 0.660800 ms CreateObjectMapping: 0.704700 ms MarkObjects: 4.557000 ms  DeleteObjects: 3.018100 ms)

Prepare: number of updated asset objects reloaded= 0
========================================================================
Received Import Request.
  Time since last request: 13.168169 seconds.
  path: Assets/Scripts/Enemies/Boss/Astrael, The Null Sovereign/AstraelBoss.cs
  artifactKey: Guid(d95287b12d6bd0a45b5ccf9ad0d65bda) Importer(815301076,1909f56bfc062723c751e8b465ee728b)
Start importing Assets/Scripts/Enemies/Boss/Astrael, The Null Sovereign/AstraelBoss.cs using Guid(d95287b12d6bd0a45b5ccf9ad0d65bda) Importer(815301076,1909f56bfc062723c751e8b465ee728b) (PreviewImporter) -> (artifact id: '09026397a3e53d26c366668fc2b65509') in 0.0086278 seconds
Number of updated asset objects reloaded before import = 0Number of asset objects unloaded after import = 0

========================================================================
Received Import Request.
  Time since last request: 2.438493 seconds.
  path: Assets/Scripts/Enemies/Boss/Astrael, The Null Sovereign/NullSphere.cs
  artifactKey: Guid(def68e9bb2e81b64c95595e2d3867475) Importer(815301076,1909f56bfc062723c751e8b465ee728b)
Start importing Assets/Scripts/Enemies/Boss/Astrael, The Null Sovereign/NullSphere.cs using Guid(def68e9bb2e81b64c95595e2d3867475) Importer(815301076,1909f56bfc062723c751e8b465ee728b) (PreviewImporter) -> (artifact id: '9ce943611f9338af63adbf52eb70f8be') in 0.0008716 seconds
Number of updated asset objects reloaded before import = 0Number of asset objects unloaded after import = 0

========================================================================
Received Prepare
Begin MonoManager ReloadAssembly
- Loaded All Assemblies, in  0.807 seconds
Refreshing native plugins compatible for Editor in 2.07 ms, found 4 plugins.
Native extension for Android target not found
Native extension for WindowsStandalone target not found
Mono: successfully reloaded assembly
- Finished resetting the current domain, in  0.836 seconds
Domain Reload Profiling: 1640ms
	BeginReloadAssembly (234ms)
		ExecutionOrderSort (0ms)
		DisableScriptedObjects (13ms)
		BackupInstance (0ms)
		ReleaseScriptingObjects (0ms)
		CreateAndSetChildDomain (58ms)
	RebuildCommonClasses (39ms)
	RebuildNativeTypeToScriptingClass (13ms)
	initialDomainReloadingComplete (30ms)
	LoadAllAssembliesAndSetupDomain (489ms)
		LoadAssemblies (373ms)
		RebuildTransferFunctionScriptingTraits (0ms)
		AnalyzeDomain (228ms)
			TypeCache.Refresh (11ms)
				TypeCache.ScanAssembly (1ms)
			BuildScriptInfoCaches (197ms)
			ResolveRequiredComponents (15ms)
	FinalizeReload (836ms)
		ReleaseScriptCaches (0ms)
		RebuildScriptCaches (0ms)
		SetupLoadedEditorAssemblies (604ms)
			LogAssemblyErrors (0ms)
			InitializePlatformSupportModulesInManaged (12ms)
			SetLoadedEditorAssemblies (7ms)
			BeforeProcessingInitializeOnLoad (139ms)
			ProcessInitializeOnLoadAttributes (378ms)
			ProcessInitializeOnLoadMethodAttributes (61ms)
			AfterProcessingInitializeOnLoad (6ms)
			EditorAssembliesLoaded (0ms)
		ExecutionOrderSort2 (0ms)
		AwakeInstancesAfterBackupRestoration (15ms)
Refreshing native plugins compatible for Editor in 1.47 ms, found 4 plugins.
Preloading 0 native plugins for Editor in 0.00 ms.
Unloading 13 Unused Serialized files (Serialized files now loaded: 0)
Unloading 6782 unused Assets / (3.8 MB). Loaded Objects now: 7729.
Memory consumption went from 166.5 MB to 162.7 MB.
Total: 9.366300 ms (FindLiveObjects: 0.775200 ms CreateObjectMapping: 1.192500 ms MarkObjects: 4.911900 ms  DeleteObjects: 2.485500 ms)

Prepare: number of updated asset objects reloaded= 0
========================================================================
Received Prepare
Refreshing native plugins compatible for Editor in 2.09 ms, found 4 plugins.
Preloading 0 native plugins for Editor in 0.00 ms.
Unloading 13 Unused Serialized files (Serialized files now loaded: 0)
Unloading 6771 unused Assets / (4.2 MB). Loaded Objects now: 7729.
Memory consumption went from 166.6 MB to 162.4 MB.
Total: 10.780000 ms (FindLiveObjects: 0.913700 ms CreateObjectMapping: 1.118800 ms MarkObjects: 6.019800 ms  DeleteObjects: 2.726100 ms)

Prepare: number of updated asset objects reloaded= 0
========================================================================
Received Import Request.
  Time since last request: 405.353786 seconds.
  path: Assets/Prefab/Enemies/Brute.prefab
  artifactKey: Guid(a094c1c0e2f149a408578cfec8e976c7) Importer(815301076,1909f56bfc062723c751e8b465ee728b)
Start importing Assets/Prefab/Enemies/Brute.prefab using Guid(a094c1c0e2f149a408578cfec8e976c7) Importer(815301076,1909f56bfc062723c751e8b465ee728b) (PreviewImporter) -> (artifact id: '8ea4d5f92de8a81dfdbefaad00aa2164') in 0.5853515 seconds
Number of updated asset objects reloaded before import = 0Number of asset objects unloaded after import = 82

========================================================================
Received Import Request.
  Time since last request: 0.000062 seconds.
  path: Assets/Prefab/Enemies/Thrall.prefab
  artifactKey: Guid(65490c32e7b591b49a7c287b4da854b1) Importer(815301076,1909f56bfc062723c751e8b465ee728b)
Start importing Assets/Prefab/Enemies/Thrall.prefab using Guid(65490c32e7b591b49a7c287b4da854b1) Importer(815301076,1909f56bfc062723c751e8b465ee728b) (PreviewImporter) -> (artifact id: 'c5bf8fdb7efeec0928c8027c5b98082f') in 0.0937084 seconds
Number of updated asset objects reloaded before import = 0Number of asset objects unloaded after import = 82

========================================================================
Received Import Request.
  Time since last request: 0.000036 seconds.
  path: Assets/Prefab/Enemies/Stalker.prefab
  artifactKey: Guid(63065fca1ba6aca44a378d5294d2dce2) Importer(815301076,1909f56bfc062723c751e8b465ee728b)
Start importing Assets/Prefab/Enemies/Stalker.prefab using Guid(63065fca1ba6aca44a378d5294d2dce2) Importer(815301076,1909f56bfc062723c751e8b465ee728b) (PreviewImporter) -> (artifact id: '79cbe9395550ed5c78515f57739e9dd2') in 0.0889077 seconds
Number of updated asset objects reloaded before import = 0Number of asset objects unloaded after import = 84

========================================================================
Received Import Request.
  Time since last request: 106.133228 seconds.
  path: Assets/Sprites/Enemies/Astrael, The Null Sovereign/BackView.png
  artifactKey: Guid(01a6643d80331c6428a47f6dab8cc4d1) Importer(815301076,1909f56bfc062723c751e8b465ee728b)
Start importing Assets/Sprites/Enemies/Astrael, The Null Sovereign/BackView.png using Guid(01a6643d80331c6428a47f6dab8cc4d1) Importer(815301076,1909f56bfc062723c751e8b465ee728b) (PreviewImporter) -> (artifact id: '8e8fdbea9b06c7f00b987f1e15e7b103') in 0.0744628 seconds
Number of updated asset objects reloaded before import = 0Number of asset objects unloaded after import = 3

========================================================================
Received Import Request.
  Time since last request: 0.000039 seconds.
  path: Assets/Sprites/Enemies/Astrael, The Null Sovereign/NullGuardian.png
  artifactKey: Guid(7431ab773a8a8f541a5567fac62a43a0) Importer(815301076,1909f56bfc062723c751e8b465ee728b)
Start importing Assets/Sprites/Enemies/Astrael, The Null Sovereign/NullGuardian.png using Guid(7431ab773a8a8f541a5567fac62a43a0) Importer(815301076,1909f56bfc062723c751e8b465ee728b) (PreviewImporter) -> (artifact id: '37c8a94dccc66ad27fa0f0e08dfcf6f9') in 0.0363595 seconds
Number of updated asset objects reloaded before import = 0Number of asset objects unloaded after import = 7

========================================================================
Received Import Request.
  Time since last request: 0.000038 seconds.
  path: Assets/Sprites/Enemies/Astrael, The Null Sovereign/NullSphere.png
  artifactKey: Guid(8a15d0a0415551c429794f509b869e80) Importer(815301076,1909f56bfc062723c751e8b465ee728b)
Start importing Assets/Sprites/Enemies/Astrael, The Null Sovereign/NullSphere.png using Guid(8a15d0a0415551c429794f509b869e80) Importer(815301076,1909f56bfc062723c751e8b465ee728b) (PreviewImporter) -> (artifact id: '5aeb57d463a7ef5d3ceb48daa175f5c9') in 0.0414004 seconds
Number of updated asset objects reloaded before import = 0Number of asset objects unloaded after import = 5

========================================================================
Received Import Request.
  Time since last request: 12.102063 seconds.
  path: Assets/Sprites/Enemies/Astrael, The Null Sovereign/BackView.png
  artifactKey: Guid(01a6643d80331c6428a47f6dab8cc4d1) Importer(815301076,1909f56bfc062723c751e8b465ee728b)
Start importing Assets/Sprites/Enemies/Astrael, The Null Sovereign/BackView.png using Guid(01a6643d80331c6428a47f6dab8cc4d1) Importer(815301076,1909f56bfc062723c751e8b465ee728b) (PreviewImporter) -> (artifact id: 'adbe76000b00270449b2c28ed9f385e0') in 0.0543455 seconds
Number of updated asset objects reloaded before import = 0Number of asset objects unloaded after import = 3

========================================================================
Received Import Request.
  Time since last request: 0.000021 seconds.
  path: Assets/Sprites/Enemies/Astrael, The Null Sovereign/NullSphere.png
  artifactKey: Guid(8a15d0a0415551c429794f509b869e80) Importer(815301076,1909f56bfc062723c751e8b465ee728b)
Start importing Assets/Sprites/Enemies/Astrael, The Null Sovereign/NullSphere.png using Guid(8a15d0a0415551c429794f509b869e80) Importer(815301076,1909f56bfc062723c751e8b465ee728b) (PreviewImporter) -> (artifact id: '6e1011879198e4b29829d46ee2ba9294') in 0.0501213 seconds
Number of updated asset objects reloaded before import = 0Number of asset objects unloaded after import = 3

Editor requested this worker to shutdown with reason: Scaling down because of idle timeout
AssetImportWorker is now disconnected from the server
Process exiting
Exiting without the bug reporter. Application will terminate with return code 0