Using pre-set license
Built from '6000.0/staging' branch; Version is '6000.0.41f1 (46e447368a18) revision 4645959'; Using compiler version '193933523'; Build Type 'Release'
OS: 'Windows 11  (10.0.26200) 64bit Education' Language: 'es' Physical Memory: 16071 MB
BatchMode: 1, IsHumanControllingUs: 0, StartBugReporterOnCrash: 0, Is64bit: 1, IsPro: 1

COMMAND LINE ARGUMENTS:
C:\Program Files\Unity\Hub\Editor\6000.0.41f1\Editor\Unity.exe
-adb2
-batchMode
-noUpm
-name
AssetImportWorker0
-projectPath
C:/Users/diaz.inigo/OneDrive - Universidad de Deusto/Documentos/GitHub/Totemtro/Totemtro
-logFile
Logs/AssetImportWorker0.log
-srvPort
63501
-job-worker-count
5
-background-job-worker-count
8
-gc-helper-count
1
Successfully changed project path to: C:/Users/diaz.inigo/OneDrive - Universidad de Deusto/Documentos/GitHub/Totemtro/Totemtro
C:/Users/diaz.inigo/OneDrive - Universidad de Deusto/Documentos/GitHub/Totemtro/Totemtro
[UnityMemory] Configuration Parameters - Can be set up in boot.config
    "memorysetup-bucket-allocator-granularity=16"
    "memorysetup-bucket-allocator-bucket-count=8"
    "memorysetup-bucket-allocator-block-size=33554432"
    "memorysetup-bucket-allocator-block-count=8"
    "memorysetup-main-allocator-block-size=16777216"
    "memorysetup-thread-allocator-block-size=16777216"
    "memorysetup-gfx-main-allocator-block-size=16777216"
    "memorysetup-gfx-thread-allocator-block-size=16777216"
    "memorysetup-cache-allocator-block-size=4194304"
    "memorysetup-typetree-allocator-block-size=2097152"
    "memorysetup-profiler-bucket-allocator-granularity=16"
    "memorysetup-profiler-bucket-allocator-bucket-count=8"
    "memorysetup-profiler-bucket-allocator-block-size=33554432"
    "memorysetup-profiler-bucket-allocator-block-count=8"
    "memorysetup-profiler-allocator-block-size=16777216"
    "memorysetup-profiler-editor-allocator-block-size=1048576"
    "memorysetup-temp-allocator-size-main=16777216"
    "memorysetup-job-temp-allocator-block-size=2097152"
    "memorysetup-job-temp-allocator-block-size-background=1048576"
    "memorysetup-job-temp-allocator-reduction-small-platforms=262144"
    "memorysetup-allocator-temp-initial-block-size-main=262144"
    "memorysetup-allocator-temp-initial-block-size-worker=262144"
    "memorysetup-temp-allocator-size-background-worker=32768"
    "memorysetup-temp-allocator-size-job-worker=262144"
    "memorysetup-temp-allocator-size-preload-manager=33554432"
    "memorysetup-temp-allocator-size-nav-mesh-worker=65536"
    "memorysetup-temp-allocator-size-audio-worker=65536"
    "memorysetup-temp-allocator-size-cloud-worker=32768"
    "memorysetup-temp-allocator-size-gi-baking-worker=262144"
    "memorysetup-temp-allocator-size-gi-baking-worker=262144"
    "memorysetup-temp-allocator-size-gi-baking-worker=262144"
    "memorysetup-temp-allocator-size-gi-baking-worker=262144"
    "memorysetup-temp-allocator-size-gi-baking-worker=262144"
    "memorysetup-temp-allocator-size-gfx=262144"
Player connection [16832]  Target information:

Player connection [16832]  * "[IP] 192.168.198.1 [Port] 0 [Flags] 2 [Guid] 3443942183 [EditorId] 3443942183 [Version] 1048832 [Id] WindowsEditor(7,BI23-5008AC7600) [Debug] 1 [PackageName] WindowsEditor [ProjectName] Editor" 

Player connection [16832]  * "[IP] 192.168.65.1 [Port] 0 [Flags] 2 [Guid] 3443942183 [EditorId] 3443942183 [Version] 1048832 [Id] WindowsEditor(7,BI23-5008AC7600) [Debug] 1 [PackageName] WindowsEditor [ProjectName] Editor" 

Player connection [16832]  * "[IP] 192.168.1.17 [Port] 0 [Flags] 2 [Guid] 3443942183 [EditorId] 3443942183 [Version] 1048832 [Id] WindowsEditor(7,BI23-5008AC7600) [Debug] 1 [PackageName] WindowsEditor [ProjectName] Editor" 

Player connection [16832] Host joined multi-casting on [225.0.0.222:54997]...
Player connection [16832] Host joined alternative multi-casting on [225.0.0.222:34997]...
JobSystem: Creating JobQueue using job-worker-count value 5
Input System module state changed to: Initialized.
[Physics::Module] Initialized fallback backend.
[Physics::Module] Id: 0xdecafbad
Library Redirect Path: Library/
[Physics::Module] Selected backend.
[Physics::Module] Name: PhysX
[Physics::Module] Id: 0xf2b8ea05
[Physics::Module] SDK Version: 4.1.2
[Physics::Module] Integration Version: 1.0.0
[Physics::Module] Threading Mode: Multi-Threaded
Refreshing native plugins compatible for Editor in 4.63 ms, found 4 plugins.
Preloading 0 native plugins for Editor in 0.00 ms.
Initialize engine version: 6000.0.41f1 (46e447368a18)
[Subsystems] Discovering subsystems at path C:/Program Files/Unity/Hub/Editor/6000.0.41f1/Editor/Data/Resources/UnitySubsystems
[Subsystems] Discovering subsystems at path C:/Users/diaz.inigo/OneDrive - Universidad de Deusto/Documentos/GitHub/Totemtro/Totemtro/Assets
GfxDevice: creating device client; kGfxThreadingModeNonThreaded
Direct3D:
    Version:  Direct3D 11.0 [level 11.1]
    Renderer: Intel(R) Iris(R) Xe Graphics (ID=0xa7a1)
    Vendor:   Intel
    VRAM:     8035 MB
    Driver:   31.0.101.4032
Initialize mono
Mono path[0] = 'C:/Program Files/Unity/Hub/Editor/6000.0.41f1/Editor/Data/Managed'
Mono path[1] = 'C:/Program Files/Unity/Hub/Editor/6000.0.41f1/Editor/Data/MonoBleedingEdge/lib/mono/unityjit-win32'
Mono config path = 'C:/Program Files/Unity/Hub/Editor/6000.0.41f1/Editor/Data/MonoBleedingEdge/etc'
Using monoOptions --debugger-agent=transport=dt_socket,embedding=1,server=y,suspend=n,address=127.0.0.1:56408
Begin MonoManager ReloadAssembly
Registering precompiled unity dll's ...
Register platform support module: C:/Program Files/Unity/Hub/Editor/6000.0.41f1/Editor/Data/PlaybackEngines/WindowsStandaloneSupport/UnityEditor.WindowsStandalone.Extensions.dll
Registered in 0.002224 seconds.
- Loaded All Assemblies, in  0.351 seconds
Native extension for WindowsStandalone target not found
Mono: successfully reloaded assembly
- Finished resetting the current domain, in  0.302 seconds
Domain Reload Profiling: 652ms
	BeginReloadAssembly (139ms)
		ExecutionOrderSort (0ms)
		DisableScriptedObjects (0ms)
		BackupInstance (0ms)
		ReleaseScriptingObjects (0ms)
		CreateAndSetChildDomain (1ms)
	RebuildCommonClasses (32ms)
	RebuildNativeTypeToScriptingClass (9ms)
	initialDomainReloadingComplete (43ms)
	LoadAllAssembliesAndSetupDomain (127ms)
		LoadAssemblies (136ms)
		RebuildTransferFunctionScriptingTraits (0ms)
		AnalyzeDomain (124ms)
			TypeCache.Refresh (123ms)
				TypeCache.ScanAssembly (113ms)
			BuildScriptInfoCaches (0ms)
			ResolveRequiredComponents (0ms)
	FinalizeReload (303ms)
		ReleaseScriptCaches (0ms)
		RebuildScriptCaches (0ms)
		SetupLoadedEditorAssemblies (264ms)
			LogAssemblyErrors (0ms)
			InitializePlatformSupportModulesInManaged (20ms)
			SetLoadedEditorAssemblies (4ms)
			BeforeProcessingInitializeOnLoad (47ms)
			ProcessInitializeOnLoadAttributes (147ms)
			ProcessInitializeOnLoadMethodAttributes (46ms)
			AfterProcessingInitializeOnLoad (0ms)
			EditorAssembliesLoaded (0ms)
		ExecutionOrderSort2 (0ms)
		AwakeInstancesAfterBackupRestoration (0ms)
========================================================================
Worker process is ready to serve import requests
Import Worker Mode flag is 0x00
Begin MonoManager ReloadAssembly
- Loaded All Assemblies, in  0.683 seconds
Refreshing native plugins compatible for Editor in 1.28 ms, found 4 plugins.
Native extension for WindowsStandalone target not found
Mono: successfully reloaded assembly
- Finished resetting the current domain, in  0.701 seconds
Domain Reload Profiling: 1380ms
	BeginReloadAssembly (136ms)
		ExecutionOrderSort (0ms)
		DisableScriptedObjects (4ms)
		BackupInstance (0ms)
		ReleaseScriptingObjects (0ms)
		CreateAndSetChildDomain (23ms)
	RebuildCommonClasses (30ms)
	RebuildNativeTypeToScriptingClass (11ms)
	initialDomainReloadingComplete (32ms)
	LoadAllAssembliesAndSetupDomain (471ms)
		LoadAssemblies (324ms)
		RebuildTransferFunctionScriptingTraits (0ms)
		AnalyzeDomain (232ms)
			TypeCache.Refresh (163ms)
				TypeCache.ScanAssembly (151ms)
			BuildScriptInfoCaches (56ms)
			ResolveRequiredComponents (10ms)
	FinalizeReload (701ms)
		ReleaseScriptCaches (0ms)
		RebuildScriptCaches (0ms)
		SetupLoadedEditorAssemblies (591ms)
			LogAssemblyErrors (0ms)
			InitializePlatformSupportModulesInManaged (2ms)
			SetLoadedEditorAssemblies (5ms)
			BeforeProcessingInitializeOnLoad (120ms)
			ProcessInitializeOnLoadAttributes (360ms)
			ProcessInitializeOnLoadMethodAttributes (100ms)
			AfterProcessingInitializeOnLoad (4ms)
			EditorAssembliesLoaded (0ms)
		ExecutionOrderSort2 (0ms)
		AwakeInstancesAfterBackupRestoration (5ms)
Launched and connected shader compiler UnityShaderCompiler.exe after 0.01 seconds
Refreshing native plugins compatible for Editor in 1.27 ms, found 4 plugins.
Preloading 0 native plugins for Editor in 0.00 ms.
Unloading 220 Unused Serialized files (Serialized files now loaded: 0)
Unloading 6873 unused Assets / (3.5 MB). Loaded Objects now: 7590.
Memory consumption went from 179.7 MB to 176.2 MB.
Total: 6.304800 ms (FindLiveObjects: 0.426000 ms CreateObjectMapping: 0.303500 ms MarkObjects: 4.060000 ms  DeleteObjects: 1.514000 ms)

========================================================================
Received Import Request.
  Time since last request: 44865.557441 seconds.
  path: Assets/Scripts/HubScene/ShopPanelController.cs
  artifactKey: Guid(e88c227d7602fbf48bf860bfe342ce1f) Importer(815301076,1909f56bfc062723c751e8b465ee728b)
Start importing Assets/Scripts/HubScene/ShopPanelController.cs using Guid(e88c227d7602fbf48bf860bfe342ce1f) Importer(815301076,1909f56bfc062723c751e8b465ee728b) (PreviewImporter) -> (artifact id: 'f36e9853ef441c8a871353ecdb1c61f1') in 0.0042282 seconds
Number of updated asset objects reloaded before import = 0Number of asset objects unloaded after import = 0

========================================================================
Received Prepare
Refreshing native plugins compatible for Editor in 1.73 ms, found 4 plugins.
Preloading 0 native plugins for Editor in 0.00 ms.
Unloading 13 Unused Serialized files (Serialized files now loaded: 0)
Unloading 6848 unused Assets / (3.5 MB). Loaded Objects now: 7580.
Memory consumption went from 144.0 MB to 140.5 MB.
Total: 7.815400 ms (FindLiveObjects: 1.066600 ms CreateObjectMapping: 0.557600 ms MarkObjects: 4.580900 ms  DeleteObjects: 1.608200 ms)

Prepare: number of updated asset objects reloaded= 0
========================================================================
Received Prepare
Begin MonoManager ReloadAssembly
- Loaded All Assemblies, in  0.786 seconds
Refreshing native plugins compatible for Editor in 1.25 ms, found 4 plugins.
Native extension for WindowsStandalone target not found
Mono: successfully reloaded assembly
- Finished resetting the current domain, in  0.638 seconds
Domain Reload Profiling: 1419ms
	BeginReloadAssembly (195ms)
		ExecutionOrderSort (0ms)
		DisableScriptedObjects (12ms)
		BackupInstance (0ms)
		ReleaseScriptingObjects (0ms)
		CreateAndSetChildDomain (42ms)
	RebuildCommonClasses (34ms)
	RebuildNativeTypeToScriptingClass (12ms)
	initialDomainReloadingComplete (25ms)
	LoadAllAssembliesAndSetupDomain (514ms)
		LoadAssemblies (375ms)
		RebuildTransferFunctionScriptingTraits (0ms)
		AnalyzeDomain (237ms)
			TypeCache.Refresh (10ms)
				TypeCache.ScanAssembly (1ms)
			BuildScriptInfoCaches (208ms)
			ResolveRequiredComponents (16ms)
	FinalizeReload (638ms)
		ReleaseScriptCaches (0ms)
		RebuildScriptCaches (0ms)
		SetupLoadedEditorAssemblies (487ms)
			LogAssemblyErrors (0ms)
			InitializePlatformSupportModulesInManaged (2ms)
			SetLoadedEditorAssemblies (5ms)
			BeforeProcessingInitializeOnLoad (114ms)
			ProcessInitializeOnLoadAttributes (308ms)
			ProcessInitializeOnLoadMethodAttributes (55ms)
			AfterProcessingInitializeOnLoad (3ms)
			EditorAssembliesLoaded (0ms)
		ExecutionOrderSort2 (0ms)
		AwakeInstancesAfterBackupRestoration (9ms)
Refreshing native plugins compatible for Editor in 1.23 ms, found 4 plugins.
Preloading 0 native plugins for Editor in 0.00 ms.
Unloading 13 Unused Serialized files (Serialized files now loaded: 0)
Unloading 6859 unused Assets / (4.0 MB). Loaded Objects now: 7584.
Memory consumption went from 147.2 MB to 143.3 MB.
Total: 5.609500 ms (FindLiveObjects: 0.407100 ms CreateObjectMapping: 0.288400 ms MarkObjects: 3.481300 ms  DeleteObjects: 1.431700 ms)

Prepare: number of updated asset objects reloaded= 0
========================================================================
Received Import Request.
  Time since last request: 107.314116 seconds.
  path: Assets/Scripts/HubScene/New Material.mat
  artifactKey: Guid(45413b4c89159df43b88678607eccb59) Importer(815301076,1909f56bfc062723c751e8b465ee728b)
Start importing Assets/Scripts/HubScene/New Material.mat using Guid(45413b4c89159df43b88678607eccb59) Importer(815301076,1909f56bfc062723c751e8b465ee728b) (PreviewImporter) -> (artifact id: 'd14556289c2437a990ec79260dacdcbb') in 0.4535881 seconds
Number of updated asset objects reloaded before import = 0Number of asset objects unloaded after import = 1

========================================================================
Received Prepare
Refreshing native plugins compatible for Editor in 1.44 ms, found 4 plugins.
Preloading 0 native plugins for Editor in 0.00 ms.
Unloading 13 Unused Serialized files (Serialized files now loaded: 0)
Unloading 6849 unused Assets / (3.5 MB). Loaded Objects now: 7752.
Memory consumption went from 158.3 MB to 154.8 MB.
Total: 9.378200 ms (FindLiveObjects: 0.933700 ms CreateObjectMapping: 0.554000 ms MarkObjects: 6.246000 ms  DeleteObjects: 1.642800 ms)

Prepare: number of updated asset objects reloaded= 0
========================================================================
Received Prepare
Begin MonoManager ReloadAssembly
- Loaded All Assemblies, in  1.744 seconds
Refreshing native plugins compatible for Editor in 5.74 ms, found 4 plugins.
Native extension for WindowsStandalone target not found
Mono: successfully reloaded assembly
- Finished resetting the current domain, in  1.674 seconds
Domain Reload Profiling: 3410ms
	BeginReloadAssembly (507ms)
		ExecutionOrderSort (0ms)
		DisableScriptedObjects (62ms)
		BackupInstance (0ms)
		ReleaseScriptingObjects (0ms)
		CreateAndSetChildDomain (108ms)
	RebuildCommonClasses (75ms)
	RebuildNativeTypeToScriptingClass (23ms)
	initialDomainReloadingComplete (65ms)
	LoadAllAssembliesAndSetupDomain (1066ms)
		LoadAssemblies (837ms)
		RebuildTransferFunctionScriptingTraits (0ms)
		AnalyzeDomain (481ms)
			TypeCache.Refresh (22ms)
				TypeCache.ScanAssembly (3ms)
			BuildScriptInfoCaches (425ms)
			ResolveRequiredComponents (24ms)
	FinalizeReload (1674ms)
		ReleaseScriptCaches (0ms)
		RebuildScriptCaches (0ms)
		SetupLoadedEditorAssemblies (1202ms)
			LogAssemblyErrors (0ms)
			InitializePlatformSupportModulesInManaged (4ms)
			SetLoadedEditorAssemblies (11ms)
			BeforeProcessingInitializeOnLoad (253ms)
			ProcessInitializeOnLoadAttributes (767ms)
			ProcessInitializeOnLoadMethodAttributes (149ms)
			AfterProcessingInitializeOnLoad (17ms)
			EditorAssembliesLoaded (0ms)
		ExecutionOrderSort2 (0ms)
		AwakeInstancesAfterBackupRestoration (34ms)
Refreshing native plugins compatible for Editor in 1.43 ms, found 4 plugins.
Preloading 0 native plugins for Editor in 0.00 ms.
Unloading 13 Unused Serialized files (Serialized files now loaded: 0)
Unloading 6860 unused Assets / (4.6 MB). Loaded Objects now: 7653.
Memory consumption went from 154.8 MB to 150.3 MB.
Total: 8.519100 ms (FindLiveObjects: 0.854200 ms CreateObjectMapping: 0.689900 ms MarkObjects: 4.535200 ms  DeleteObjects: 2.438300 ms)

Prepare: number of updated asset objects reloaded= 0
========================================================================
Received Prepare
Refreshing native plugins compatible for Editor in 1.31 ms, found 4 plugins.
Preloading 0 native plugins for Editor in 0.00 ms.
Unloading 13 Unused Serialized files (Serialized files now loaded: 0)
Unloading 6849 unused Assets / (3.4 MB). Loaded Objects now: 7653.
Memory consumption went from 154.8 MB to 151.5 MB.
Total: 5.856200 ms (FindLiveObjects: 0.462100 ms CreateObjectMapping: 0.319100 ms MarkObjects: 3.706500 ms  DeleteObjects: 1.367400 ms)

Prepare: number of updated asset objects reloaded= 0
========================================================================
Received Import Request.
  Time since last request: 30.901094 seconds.
  path: Assets/Scripts/HubScene/HubUIManager.cs
  artifactKey: Guid(68ee07898fcca324b949e8ab31b5758c) Importer(815301076,1909f56bfc062723c751e8b465ee728b)
Start importing Assets/Scripts/HubScene/HubUIManager.cs using Guid(68ee07898fcca324b949e8ab31b5758c) Importer(815301076,1909f56bfc062723c751e8b465ee728b) (PreviewImporter) -> (artifact id: 'e2e72aab7914d989218b1416d2bce891') in 0.0020886 seconds
Number of updated asset objects reloaded before import = 0Number of asset objects unloaded after import = 0

========================================================================
Received Prepare
Refreshing native plugins compatible for Editor in 3.42 ms, found 4 plugins.
Preloading 0 native plugins for Editor in 0.00 ms.
Unloading 13 Unused Serialized files (Serialized files now loaded: 0)
Unloading 6850 unused Assets / (3.7 MB). Loaded Objects now: 7654.
Memory consumption went from 154.8 MB to 151.1 MB.
Total: 19.944300 ms (FindLiveObjects: 1.318500 ms CreateObjectMapping: 1.452900 ms MarkObjects: 13.085200 ms  DeleteObjects: 4.085900 ms)

Prepare: number of updated asset objects reloaded= 0
========================================================================
Received Prepare
Refreshing native plugins compatible for Editor in 1.41 ms, found 4 plugins.
Preloading 0 native plugins for Editor in 0.00 ms.
Unloading 13 Unused Serialized files (Serialized files now loaded: 0)
Unloading 6850 unused Assets / (3.3 MB). Loaded Objects now: 7654.
Memory consumption went from 154.8 MB to 151.5 MB.
Total: 6.391200 ms (FindLiveObjects: 0.485800 ms CreateObjectMapping: 0.303700 ms MarkObjects: 4.155500 ms  DeleteObjects: 1.445400 ms)

Prepare: number of updated asset objects reloaded= 0
========================================================================
Received Import Request.
  Time since last request: 54.100539 seconds.
  path: Assets/Scripts/HubScene/InventoryPanel.cs
  artifactKey: Guid(a7d6226674755534aa616c853aff5fa9) Importer(815301076,1909f56bfc062723c751e8b465ee728b)
Start importing Assets/Scripts/HubScene/InventoryPanel.cs using Guid(a7d6226674755534aa616c853aff5fa9) Importer(815301076,1909f56bfc062723c751e8b465ee728b) (PreviewImporter) -> (artifact id: '94a83c9ff135d1db603839c8683cc6d1') in 0.0009422 seconds
Number of updated asset objects reloaded before import = 0Number of asset objects unloaded after import = 0

========================================================================
Received Prepare
Refreshing native plugins compatible for Editor in 3.61 ms, found 4 plugins.
Preloading 0 native plugins for Editor in 0.00 ms.
Unloading 13 Unused Serialized files (Serialized files now loaded: 0)
Unloading 6851 unused Assets / (3.7 MB). Loaded Objects now: 7655.
Memory consumption went from 154.8 MB to 151.1 MB.
Total: 11.748600 ms (FindLiveObjects: 1.142800 ms CreateObjectMapping: 1.403800 ms MarkObjects: 6.784500 ms  DeleteObjects: 2.415700 ms)

Prepare: number of updated asset objects reloaded= 0
========================================================================
Received Prepare
Refreshing native plugins compatible for Editor in 1.50 ms, found 4 plugins.
Preloading 0 native plugins for Editor in 0.00 ms.
Unloading 13 Unused Serialized files (Serialized files now loaded: 0)
Unloading 6851 unused Assets / (3.5 MB). Loaded Objects now: 7655.
Memory consumption went from 154.8 MB to 151.3 MB.
Total: 6.454800 ms (FindLiveObjects: 0.438600 ms CreateObjectMapping: 0.321600 ms MarkObjects: 4.034300 ms  DeleteObjects: 1.659400 ms)

Prepare: number of updated asset objects reloaded= 0
========================================================================
Received Prepare
Refreshing native plugins compatible for Editor in 17.56 ms, found 4 plugins.
Preloading 0 native plugins for Editor in 0.00 ms.
Unloading 13 Unused Serialized files (Serialized files now loaded: 0)
Unloading 6852 unused Assets / (4.3 MB). Loaded Objects now: 7656.
Memory consumption went from 154.8 MB to 150.6 MB.
Total: 11.187000 ms (FindLiveObjects: 1.375400 ms CreateObjectMapping: 1.081000 ms MarkObjects: 6.037200 ms  DeleteObjects: 2.691400 ms)

Prepare: number of updated asset objects reloaded= 0
========================================================================
Received Import Request.
  Time since last request: 30.523982 seconds.
  path: Assets/Scripts/HubScene/ConfirmRunButton.cs
  artifactKey: Guid(7d7d7aa828540aa47a21d2cc9947e71d) Importer(815301076,1909f56bfc062723c751e8b465ee728b)
Start importing Assets/Scripts/HubScene/ConfirmRunButton.cs using Guid(7d7d7aa828540aa47a21d2cc9947e71d) Importer(815301076,1909f56bfc062723c751e8b465ee728b) (PreviewImporter) -> (artifact id: 'eaf6ac442dd9d9b080e69292af3afbcc') in 0.0010797 seconds
Number of updated asset objects reloaded before import = 0Number of asset objects unloaded after import = 0

========================================================================
Received Prepare
Refreshing native plugins compatible for Editor in 1.57 ms, found 4 plugins.
Preloading 0 native plugins for Editor in 0.00 ms.
Unloading 13 Unused Serialized files (Serialized files now loaded: 0)
Unloading 6852 unused Assets / (3.7 MB). Loaded Objects now: 7656.
Memory consumption went from 154.8 MB to 151.1 MB.
Total: 8.254800 ms (FindLiveObjects: 0.705200 ms CreateObjectMapping: 0.308300 ms MarkObjects: 5.044500 ms  DeleteObjects: 2.194800 ms)

Prepare: number of updated asset objects reloaded= 0
========================================================================
Received Import Request.
  Time since last request: 17.244328 seconds.
  path: Assets/Scripts/HubScene/ConfirmRunButton.cs
  artifactKey: Guid(7d7d7aa828540aa47a21d2cc9947e71d) Importer(815301076,1909f56bfc062723c751e8b465ee728b)
Start importing Assets/Scripts/HubScene/ConfirmRunButton.cs using Guid(7d7d7aa828540aa47a21d2cc9947e71d) Importer(815301076,1909f56bfc062723c751e8b465ee728b) (PreviewImporter) -> (artifact id: '6f859050ce748e992611d87dee4396fa') in 0.0010192 seconds
Number of updated asset objects reloaded before import = 0Number of asset objects unloaded after import = 0

========================================================================
Received Prepare
Refreshing native plugins compatible for Editor in 1.63 ms, found 4 plugins.
Preloading 0 native plugins for Editor in 0.00 ms.
Unloading 13 Unused Serialized files (Serialized files now loaded: 0)
Unloading 6853 unused Assets / (4.6 MB). Loaded Objects now: 7657.
Memory consumption went from 154.8 MB to 150.3 MB.
Total: 13.029100 ms (FindLiveObjects: 0.971900 ms CreateObjectMapping: 0.291500 ms MarkObjects: 7.779100 ms  DeleteObjects: 3.984800 ms)

Prepare: number of updated asset objects reloaded= 0
========================================================================
Received Prepare
Refreshing native plugins compatible for Editor in 2.83 ms, found 4 plugins.
Preloading 0 native plugins for Editor in 0.00 ms.
Unloading 13 Unused Serialized files (Serialized files now loaded: 0)
Unloading 6853 unused Assets / (4.0 MB). Loaded Objects now: 7657.
Memory consumption went from 154.8 MB to 150.8 MB.
Total: 8.839900 ms (FindLiveObjects: 0.673000 ms CreateObjectMapping: 0.299300 ms MarkObjects: 5.036500 ms  DeleteObjects: 2.829400 ms)

Prepare: number of updated asset objects reloaded= 0
========================================================================
Received Import Request.
  Time since last request: 75.110141 seconds.
  path: Assets/Scripts/HubScene/FadePanel.cs
  artifactKey: Guid(9452fe153c8e3c84dbcd85b7b0483427) Importer(815301076,1909f56bfc062723c751e8b465ee728b)
Start importing Assets/Scripts/HubScene/FadePanel.cs using Guid(9452fe153c8e3c84dbcd85b7b0483427) Importer(815301076,1909f56bfc062723c751e8b465ee728b) (PreviewImporter) -> (artifact id: 'fa8360bb0dd3667d3e47980fecc82d5c') in 0.0012014 seconds
Number of updated asset objects reloaded before import = 0Number of asset objects unloaded after import = 0

========================================================================
Received Prepare
Refreshing native plugins compatible for Editor in 2.60 ms, found 4 plugins.
Preloading 0 native plugins for Editor in 0.00 ms.
Unloading 13 Unused Serialized files (Serialized files now loaded: 0)
Unloading 6853 unused Assets / (3.9 MB). Loaded Objects now: 7657.
Memory consumption went from 154.8 MB to 151.0 MB.
Total: 11.813900 ms (FindLiveObjects: 0.720900 ms CreateObjectMapping: 0.441900 ms MarkObjects: 7.510400 ms  DeleteObjects: 3.139200 ms)

Prepare: number of updated asset objects reloaded= 0
========================================================================
Received Import Request.
  Time since last request: 10237.004741 seconds.
  path: Assets/Scripts/CombatScene/Inventory/ActionBar/ActionSlotUI.cs
  artifactKey: Guid(19e3a7bea18f5164e8fd550f66eae57f) Importer(815301076,1909f56bfc062723c751e8b465ee728b)
Start importing Assets/Scripts/CombatScene/Inventory/ActionBar/ActionSlotUI.cs using Guid(19e3a7bea18f5164e8fd550f66eae57f) Importer(815301076,1909f56bfc062723c751e8b465ee728b) (PreviewImporter) -> (artifact id: '927f4db2ab6eda300550aa50161c5a5c') in 0.0020198 seconds
Number of updated asset objects reloaded before import = 0Number of asset objects unloaded after import = 0

========================================================================
Received Prepare
Refreshing native plugins compatible for Editor in 2.37 ms, found 4 plugins.
Preloading 0 native plugins for Editor in 0.00 ms.
Unloading 13 Unused Serialized files (Serialized files now loaded: 0)
Unloading 6854 unused Assets / (4.4 MB). Loaded Objects now: 7658.
Memory consumption went from 154.8 MB to 150.4 MB.
Total: 13.544400 ms (FindLiveObjects: 1.085000 ms CreateObjectMapping: 0.871100 ms MarkObjects: 8.077800 ms  DeleteObjects: 3.508100 ms)

Prepare: number of updated asset objects reloaded= 0
========================================================================
Received Import Request.
  Time since last request: 366.201979 seconds.
  path: Assets/Scripts/HubScene/BaseInventorySlotUI.cs
  artifactKey: Guid(9735878028dac634ebb8a15e9a19a8e8) Importer(815301076,1909f56bfc062723c751e8b465ee728b)
Start importing Assets/Scripts/HubScene/BaseInventorySlotUI.cs using Guid(9735878028dac634ebb8a15e9a19a8e8) Importer(815301076,1909f56bfc062723c751e8b465ee728b) (PreviewImporter) -> (artifact id: '4d69e9b3a6cb43890ca3996ac107f8ac') in 0.001016 seconds
Number of updated asset objects reloaded before import = 0Number of asset objects unloaded after import = 0

========================================================================
Received Prepare
Refreshing native plugins compatible for Editor in 1.32 ms, found 4 plugins.
Preloading 0 native plugins for Editor in 0.00 ms.
Unloading 13 Unused Serialized files (Serialized files now loaded: 0)
Unloading 6854 unused Assets / (3.4 MB). Loaded Objects now: 7658.
Memory consumption went from 154.8 MB to 151.4 MB.
Total: 6.046500 ms (FindLiveObjects: 0.484700 ms CreateObjectMapping: 0.316400 ms MarkObjects: 3.716900 ms  DeleteObjects: 1.527500 ms)

Prepare: number of updated asset objects reloaded= 0
========================================================================
Received Import Request.
  Time since last request: 48.385399 seconds.
  path: Assets/Scripts/HubScene/BaseInventorySlotUI.cs
  artifactKey: Guid(9735878028dac634ebb8a15e9a19a8e8) Importer(815301076,1909f56bfc062723c751e8b465ee728b)
Start importing Assets/Scripts/HubScene/BaseInventorySlotUI.cs using Guid(9735878028dac634ebb8a15e9a19a8e8) Importer(815301076,1909f56bfc062723c751e8b465ee728b) (PreviewImporter) -> (artifact id: '27bd28d9a302e31c360437752ebb359d') in 0.0008627 seconds
Number of updated asset objects reloaded before import = 0Number of asset objects unloaded after import = 0

========================================================================
Received Prepare
Refreshing native plugins compatible for Editor in 1.46 ms, found 4 plugins.
Preloading 0 native plugins for Editor in 0.00 ms.
Unloading 13 Unused Serialized files (Serialized files now loaded: 0)
Unloading 6855 unused Assets / (4.5 MB). Loaded Objects now: 7659.
Memory consumption went from 154.8 MB to 150.4 MB.
Total: 12.631700 ms (FindLiveObjects: 1.214600 ms CreateObjectMapping: 1.147000 ms MarkObjects: 7.026700 ms  DeleteObjects: 3.241700 ms)

Prepare: number of updated asset objects reloaded= 0
========================================================================
Received Import Request.
  Time since last request: 3.246406 seconds.
  path: Assets/Scripts/HubScene/MetaInventorySlotUI.cs
  artifactKey: Guid(fff926d248fab7e4ea76901af5a5388f) Importer(815301076,1909f56bfc062723c751e8b465ee728b)
Start importing Assets/Scripts/HubScene/MetaInventorySlotUI.cs using Guid(fff926d248fab7e4ea76901af5a5388f) Importer(815301076,1909f56bfc062723c751e8b465ee728b) (PreviewImporter) -> (artifact id: '6943ca265a2d4ebf906cfed9f7571ad5') in 0.002371 seconds
Number of updated asset objects reloaded before import = 0Number of asset objects unloaded after import = 0

========================================================================
Received Prepare
Refreshing native plugins compatible for Editor in 2.06 ms, found 4 plugins.
Preloading 0 native plugins for Editor in 0.00 ms.
Unloading 13 Unused Serialized files (Serialized files now loaded: 0)
Unloading 6855 unused Assets / (3.5 MB). Loaded Objects now: 7659.
Memory consumption went from 154.8 MB to 151.4 MB.
Total: 11.613000 ms (FindLiveObjects: 1.131000 ms CreateObjectMapping: 0.897300 ms MarkObjects: 6.974400 ms  DeleteObjects: 2.608300 ms)

Prepare: number of updated asset objects reloaded= 0
========================================================================
Received Import Request.
  Time since last request: 13.533732 seconds.
  path: Assets/Scripts/Meta
  artifactKey: Guid(e48b933c4c2419f47ab85822c30600cd) Importer(815301076,1909f56bfc062723c751e8b465ee728b)
Start importing Assets/Scripts/Meta using Guid(e48b933c4c2419f47ab85822c30600cd) Importer(815301076,1909f56bfc062723c751e8b465ee728b) (PreviewImporter) -> (artifact id: '2b55a6db25d31a859ea99f8bd2a38894') in 0.001468 seconds
Number of updated asset objects reloaded before import = 0Number of asset objects unloaded after import = 0

========================================================================
Received Prepare
Refreshing native plugins compatible for Editor in 4.82 ms, found 4 plugins.
Preloading 0 native plugins for Editor in 0.00 ms.
Unloading 13 Unused Serialized files (Serialized files now loaded: 0)
Unloading 6855 unused Assets / (3.3 MB). Loaded Objects now: 7659.
Memory consumption went from 154.8 MB to 151.6 MB.
Total: 9.891600 ms (FindLiveObjects: 0.893100 ms CreateObjectMapping: 0.345000 ms MarkObjects: 6.423800 ms  DeleteObjects: 2.227900 ms)

Prepare: number of updated asset objects reloaded= 0
========================================================================
Received Prepare
Refreshing native plugins compatible for Editor in 1.57 ms, found 4 plugins.
Preloading 0 native plugins for Editor in 0.00 ms.
Unloading 13 Unused Serialized files (Serialized files now loaded: 0)
Unloading 6855 unused Assets / (3.4 MB). Loaded Objects now: 7659.
Memory consumption went from 154.8 MB to 151.4 MB.
Total: 6.430600 ms (FindLiveObjects: 0.433200 ms CreateObjectMapping: 0.314500 ms MarkObjects: 4.164500 ms  DeleteObjects: 1.517200 ms)

Prepare: number of updated asset objects reloaded= 0
========================================================================
Received Prepare
Refreshing native plugins compatible for Editor in 5.88 ms, found 4 plugins.
Preloading 0 native plugins for Editor in 0.00 ms.
Unloading 13 Unused Serialized files (Serialized files now loaded: 0)
Unloading 6856 unused Assets / (4.0 MB). Loaded Objects now: 7660.
Memory consumption went from 154.8 MB to 150.9 MB.
Total: 11.429800 ms (FindLiveObjects: 0.713600 ms CreateObjectMapping: 0.562600 ms MarkObjects: 6.515900 ms  DeleteObjects: 3.635300 ms)

Prepare: number of updated asset objects reloaded= 0
========================================================================
Received Import Request.
  Time since last request: 24.492343 seconds.
  path: Assets/Scripts/HubScene/LoadoutSlotUI.cs
  artifactKey: Guid(4cc59481aad782a4b982cf63b4c9cc60) Importer(815301076,1909f56bfc062723c751e8b465ee728b)
Start importing Assets/Scripts/HubScene/LoadoutSlotUI.cs using Guid(4cc59481aad782a4b982cf63b4c9cc60) Importer(815301076,1909f56bfc062723c751e8b465ee728b) (PreviewImporter) -> (artifact id: '9b1bfb16e1252e985d5685f05ffd0075') in 0.0017102 seconds
Number of updated asset objects reloaded before import = 0Number of asset objects unloaded after import = 0

========================================================================
Received Prepare
Refreshing native plugins compatible for Editor in 2.19 ms, found 4 plugins.
Preloading 0 native plugins for Editor in 0.00 ms.
Unloading 13 Unused Serialized files (Serialized files now loaded: 0)
Unloading 6856 unused Assets / (3.7 MB). Loaded Objects now: 7660.
Memory consumption went from 154.8 MB to 151.1 MB.
Total: 9.387800 ms (FindLiveObjects: 1.185200 ms CreateObjectMapping: 0.706100 ms MarkObjects: 5.759900 ms  DeleteObjects: 1.734800 ms)

Prepare: number of updated asset objects reloaded= 0
========================================================================
Received Prepare
Refreshing native plugins compatible for Editor in 4.86 ms, found 4 plugins.
Preloading 0 native plugins for Editor in 0.00 ms.
Unloading 13 Unused Serialized files (Serialized files now loaded: 0)
Unloading 6856 unused Assets / (3.8 MB). Loaded Objects now: 7660.
Memory consumption went from 154.8 MB to 151.1 MB.
Total: 11.307900 ms (FindLiveObjects: 0.814900 ms CreateObjectMapping: 0.646400 ms MarkObjects: 7.349500 ms  DeleteObjects: 2.495200 ms)

Prepare: number of updated asset objects reloaded= 0
========================================================================
Received Prepare
Refreshing native plugins compatible for Editor in 1.49 ms, found 4 plugins.
Preloading 0 native plugins for Editor in 0.00 ms.
Unloading 13 Unused Serialized files (Serialized files now loaded: 0)
Unloading 6857 unused Assets / (4.5 MB). Loaded Objects now: 7661.
Memory consumption went from 154.8 MB to 150.3 MB.
Total: 9.178500 ms (FindLiveObjects: 0.902700 ms CreateObjectMapping: 0.407300 ms MarkObjects: 5.581300 ms  DeleteObjects: 2.285200 ms)

Prepare: number of updated asset objects reloaded= 0
========================================================================
Received Prepare
Refreshing native plugins compatible for Editor in 1.47 ms, found 4 plugins.
Preloading 0 native plugins for Editor in 0.00 ms.
Unloading 13 Unused Serialized files (Serialized files now loaded: 0)
Unloading 6857 unused Assets / (4.2 MB). Loaded Objects now: 7661.
Memory consumption went from 154.8 MB to 150.6 MB.
Total: 9.680400 ms (FindLiveObjects: 0.830700 ms CreateObjectMapping: 0.317600 ms MarkObjects: 5.983300 ms  DeleteObjects: 2.547400 ms)

Prepare: number of updated asset objects reloaded= 0
========================================================================
Received Import Request.
  Time since last request: 460.614791 seconds.
  path: Assets/Scripts/CombatScene/ControlScene/Run/RunLoadoutSystem.cs
  artifactKey: Guid(5d3d47b040084424ab9989f3ae1bc7a9) Importer(815301076,1909f56bfc062723c751e8b465ee728b)
Start importing Assets/Scripts/CombatScene/ControlScene/Run/RunLoadoutSystem.cs using Guid(5d3d47b040084424ab9989f3ae1bc7a9) Importer(815301076,1909f56bfc062723c751e8b465ee728b) (PreviewImporter) -> (artifact id: 'a475658a302626d00cb6e5df9f27dd56') in 0.0018109 seconds
Number of updated asset objects reloaded before import = 0Number of asset objects unloaded after import = 0

========================================================================
Received Prepare
Refreshing native plugins compatible for Editor in 2.36 ms, found 4 plugins.
Preloading 0 native plugins for Editor in 0.00 ms.
Unloading 13 Unused Serialized files (Serialized files now loaded: 0)
Unloading 6858 unused Assets / (3.5 MB). Loaded Objects now: 7662.
Memory consumption went from 154.9 MB to 151.4 MB.
Total: 8.732600 ms (FindLiveObjects: 0.665600 ms CreateObjectMapping: 0.517100 ms MarkObjects: 5.530600 ms  DeleteObjects: 2.017800 ms)

Prepare: number of updated asset objects reloaded= 0
========================================================================
Received Prepare
Refreshing native plugins compatible for Editor in 1.37 ms, found 4 plugins.
Preloading 0 native plugins for Editor in 0.00 ms.
Unloading 13 Unused Serialized files (Serialized files now loaded: 0)
Unloading 6856 unused Assets / (3.4 MB). Loaded Objects now: 7660.
Memory consumption went from 154.8 MB to 151.4 MB.
Total: 8.591100 ms (FindLiveObjects: 1.065700 ms CreateObjectMapping: 0.784700 ms MarkObjects: 5.132600 ms  DeleteObjects: 1.606700 ms)

Prepare: number of updated asset objects reloaded= 0
========================================================================
Received Prepare
Refreshing native plugins compatible for Editor in 3.23 ms, found 4 plugins.
Preloading 0 native plugins for Editor in 0.00 ms.
Unloading 13 Unused Serialized files (Serialized files now loaded: 0)
Unloading 6855 unused Assets / (3.8 MB). Loaded Objects now: 7659.
Memory consumption went from 154.8 MB to 151.1 MB.
Total: 10.664800 ms (FindLiveObjects: 0.986600 ms CreateObjectMapping: 0.989800 ms MarkObjects: 6.321000 ms  DeleteObjects: 2.365800 ms)

Prepare: number of updated asset objects reloaded= 0
========================================================================
Received Prepare
Refreshing native plugins compatible for Editor in 1.51 ms, found 4 plugins.
Preloading 0 native plugins for Editor in 0.00 ms.
Unloading 13 Unused Serialized files (Serialized files now loaded: 0)
Unloading 6855 unused Assets / (3.9 MB). Loaded Objects now: 7659.
Memory consumption went from 154.8 MB to 150.9 MB.
Total: 10.409700 ms (FindLiveObjects: 1.195200 ms CreateObjectMapping: 1.119600 ms MarkObjects: 5.311400 ms  DeleteObjects: 2.780600 ms)

Prepare: number of updated asset objects reloaded= 0
========================================================================
Received Import Request.
  Time since last request: 336.023606 seconds.
  path: Assets/Scripts/HubScene/MetaInventorySlotUI.cs
  artifactKey: Guid(8ed4ae84a88ab604ca73a0bf9fb03c35) Importer(815301076,1909f56bfc062723c751e8b465ee728b)
Start importing Assets/Scripts/HubScene/MetaInventorySlotUI.cs using Guid(8ed4ae84a88ab604ca73a0bf9fb03c35) Importer(815301076,1909f56bfc062723c751e8b465ee728b) (PreviewImporter) -> (artifact id: 'f74b31e9ba4ad422f708a98d893cfc05') in 0.0031938 seconds
Number of updated asset objects reloaded before import = 0Number of asset objects unloaded after import = 0

========================================================================
Received Prepare
Refreshing native plugins compatible for Editor in 1.75 ms, found 4 plugins.
Preloading 0 native plugins for Editor in 0.00 ms.
Unloading 13 Unused Serialized files (Serialized files now loaded: 0)
Unloading 6854 unused Assets / (3.5 MB). Loaded Objects now: 7658.
Memory consumption went from 154.8 MB to 151.4 MB.
Total: 6.726900 ms (FindLiveObjects: 0.488000 ms CreateObjectMapping: 0.344700 ms MarkObjects: 4.342000 ms  DeleteObjects: 1.551100 ms)

Prepare: number of updated asset objects reloaded= 0
========================================================================
Received Import Request.
  Time since last request: 14.669505 seconds.
  path: Assets/Scripts/HubScene/BaseInventorySlotUI.cs
  artifactKey: Guid(cf83bcbef36470749b344126bf400424) Importer(815301076,1909f56bfc062723c751e8b465ee728b)
Start importing Assets/Scripts/HubScene/BaseInventorySlotUI.cs using Guid(cf83bcbef36470749b344126bf400424) Importer(815301076,1909f56bfc062723c751e8b465ee728b) (PreviewImporter) -> (artifact id: 'ab21c986d9065238d6cdb8a9113b461b') in 0.0010801 seconds
Number of updated asset objects reloaded before import = 0Number of asset objects unloaded after import = 0

========================================================================
Received Prepare
Refreshing native plugins compatible for Editor in 1.68 ms, found 4 plugins.
Preloading 0 native plugins for Editor in 0.00 ms.
Unloading 13 Unused Serialized files (Serialized files now loaded: 0)
Unloading 6853 unused Assets / (4.4 MB). Loaded Objects now: 7657.
Memory consumption went from 154.8 MB to 150.5 MB.
Total: 10.204800 ms (FindLiveObjects: 0.848400 ms CreateObjectMapping: 0.285900 ms MarkObjects: 4.906400 ms  DeleteObjects: 4.162700 ms)

Prepare: number of updated asset objects reloaded= 0
========================================================================
Received Prepare
Begin MonoManager ReloadAssembly
- Loaded All Assemblies, in  8.006 seconds
Refreshing native plugins compatible for Editor in 5.02 ms, found 4 plugins.
Native extension for WindowsStandalone target not found
Mono: successfully reloaded assembly
- Finished resetting the current domain, in  2.337 seconds
Domain Reload Profiling: 10345ms
	BeginReloadAssembly (1103ms)
		ExecutionOrderSort (0ms)
		DisableScriptedObjects (25ms)
		BackupInstance (0ms)
		ReleaseScriptingObjects (0ms)
		CreateAndSetChildDomain (105ms)
	RebuildCommonClasses (448ms)
	RebuildNativeTypeToScriptingClass (11ms)
	initialDomainReloadingComplete (28ms)
	LoadAllAssembliesAndSetupDomain (6417ms)
		LoadAssemblies (6498ms)
		RebuildTransferFunctionScriptingTraits (0ms)
		AnalyzeDomain (826ms)
			TypeCache.Refresh (28ms)
				TypeCache.ScanAssembly (5ms)
			BuildScriptInfoCaches (749ms)
			ResolveRequiredComponents (34ms)
	FinalizeReload (2338ms)
		ReleaseScriptCaches (0ms)
		RebuildScriptCaches (0ms)
		SetupLoadedEditorAssemblies (1398ms)
			LogAssemblyErrors (0ms)
			InitializePlatformSupportModulesInManaged (8ms)
			SetLoadedEditorAssemblies (10ms)
			BeforeProcessingInitializeOnLoad (304ms)
			ProcessInitializeOnLoadAttributes (885ms)
			ProcessInitializeOnLoadMethodAttributes (166ms)
			AfterProcessingInitializeOnLoad (24ms)
			EditorAssembliesLoaded (1ms)
		ExecutionOrderSort2 (0ms)
		AwakeInstancesAfterBackupRestoration (38ms)
Refreshing native plugins compatible for Editor in 4.80 ms, found 4 plugins.
Preloading 0 native plugins for Editor in 0.00 ms.
Unloading 13 Unused Serialized files (Serialized files now loaded: 0)
Unloading 6864 unused Assets / (4.3 MB). Loaded Objects now: 7660.
Memory consumption went from 154.7 MB to 150.4 MB.
Total: 16.282700 ms (FindLiveObjects: 1.226100 ms CreateObjectMapping: 1.058500 ms MarkObjects: 9.548600 ms  DeleteObjects: 4.447200 ms)

Prepare: number of updated asset objects reloaded= 0
========================================================================
Received Prepare
Begin MonoManager ReloadAssembly
- Loaded All Assemblies, in  0.790 seconds
Refreshing native plugins compatible for Editor in 1.36 ms, found 4 plugins.
Native extension for WindowsStandalone target not found
Mono: successfully reloaded assembly
- Finished resetting the current domain, in  0.716 seconds
Domain Reload Profiling: 1502ms
	BeginReloadAssembly (218ms)
		ExecutionOrderSort (0ms)
		DisableScriptedObjects (17ms)
		BackupInstance (0ms)
		ReleaseScriptingObjects (0ms)
		CreateAndSetChildDomain (48ms)
	RebuildCommonClasses (34ms)
	RebuildNativeTypeToScriptingClass (14ms)
	initialDomainReloadingComplete (28ms)
	LoadAllAssembliesAndSetupDomain (491ms)
		LoadAssemblies (374ms)
		RebuildTransferFunctionScriptingTraits (0ms)
		AnalyzeDomain (222ms)
			TypeCache.Refresh (15ms)
				TypeCache.ScanAssembly (2ms)
			BuildScriptInfoCaches (191ms)
			ResolveRequiredComponents (12ms)
	FinalizeReload (716ms)
		ReleaseScriptCaches (0ms)
		RebuildScriptCaches (0ms)
		SetupLoadedEditorAssemblies (547ms)
			LogAssemblyErrors (0ms)
			InitializePlatformSupportModulesInManaged (2ms)
			SetLoadedEditorAssemblies (6ms)
			BeforeProcessingInitializeOnLoad (117ms)
			ProcessInitializeOnLoadAttributes (344ms)
			ProcessInitializeOnLoadMethodAttributes (71ms)
			AfterProcessingInitializeOnLoad (7ms)
			EditorAssembliesLoaded (0ms)
		ExecutionOrderSort2 (0ms)
		AwakeInstancesAfterBackupRestoration (15ms)
Refreshing native plugins compatible for Editor in 1.97 ms, found 4 plugins.
Preloading 0 native plugins for Editor in 0.00 ms.
Unloading 13 Unused Serialized files (Serialized files now loaded: 0)
Unloading 6864 unused Assets / (3.4 MB). Loaded Objects now: 7663.
Memory consumption went from 154.7 MB to 151.3 MB.
Total: 8.848900 ms (FindLiveObjects: 0.965800 ms CreateObjectMapping: 1.234500 ms MarkObjects: 4.990800 ms  DeleteObjects: 1.656400 ms)

Prepare: number of updated asset objects reloaded= 0
========================================================================
Received Import Request.
  Time since last request: 196.233405 seconds.
  path: Assets/Scripts/HubScene/HubUIManager.cs
  artifactKey: Guid(68ee07898fcca324b949e8ab31b5758c) Importer(815301076,1909f56bfc062723c751e8b465ee728b)
Start importing Assets/Scripts/HubScene/HubUIManager.cs using Guid(68ee07898fcca324b949e8ab31b5758c) Importer(815301076,1909f56bfc062723c751e8b465ee728b) (PreviewImporter) -> (artifact id: '65f31743932e48dafc8da7c90be8dac3') in 0.0024612 seconds
Number of updated asset objects reloaded before import = 0Number of asset objects unloaded after import = 0

========================================================================
Received Import Request.
  Time since last request: 6.270955 seconds.
  path: Assets/Prefab/Characters/HubPlayer.prefab
  artifactKey: Guid(db686753598c94a4a9bde3d04df08ae3) Importer(815301076,1909f56bfc062723c751e8b465ee728b)
Start importing Assets/Prefab/Characters/HubPlayer.prefab using Guid(db686753598c94a4a9bde3d04df08ae3) Importer(815301076,1909f56bfc062723c751e8b465ee728b) (PreviewImporter) -> (artifact id: '49c6dbe8c9cf2138ffc68bc6d4f53a1b') in 0.7411504 seconds
Number of updated asset objects reloaded before import = 0Number of asset objects unloaded after import = 86

========================================================================
Received Prepare
Refreshing native plugins compatible for Editor in 1.40 ms, found 4 plugins.
Preloading 0 native plugins for Editor in 0.00 ms.
Unloading 13 Unused Serialized files (Serialized files now loaded: 0)
Unloading 6855 unused Assets / (4.1 MB). Loaded Objects now: 7788.
Memory consumption went from 160.1 MB to 155.9 MB.
Total: 13.303600 ms (FindLiveObjects: 1.045800 ms CreateObjectMapping: 0.609200 ms MarkObjects: 8.813500 ms  DeleteObjects: 2.833400 ms)

Prepare: number of updated asset objects reloaded= 0
========================================================================
Received Import Request.
  Time since last request: 72.536012 seconds.
  path: Assets/Scripts/HubScene/HubLoadoutSlotUI.cs
  artifactKey: Guid(0e6c96ae7b176f645b2819eb876d017e) Importer(815301076,1909f56bfc062723c751e8b465ee728b)
Start importing Assets/Scripts/HubScene/HubLoadoutSlotUI.cs using Guid(0e6c96ae7b176f645b2819eb876d017e) Importer(815301076,1909f56bfc062723c751e8b465ee728b) (PreviewImporter) -> (artifact id: '7730bed82fce9b246bb388611920bf17') in 0.0008921 seconds
Number of updated asset objects reloaded before import = 0Number of asset objects unloaded after import = 0

========================================================================
Received Prepare
Begin MonoManager ReloadAssembly
- Loaded All Assemblies, in  1.664 seconds
Refreshing native plugins compatible for Editor in 6.74 ms, found 4 plugins.
Native extension for WindowsStandalone target not found
Mono: successfully reloaded assembly
- Finished resetting the current domain, in  1.579 seconds
Domain Reload Profiling: 3234ms
	BeginReloadAssembly (460ms)
		ExecutionOrderSort (0ms)
		DisableScriptedObjects (61ms)
		BackupInstance (0ms)
		ReleaseScriptingObjects (1ms)
		CreateAndSetChildDomain (91ms)
	RebuildCommonClasses (78ms)
	RebuildNativeTypeToScriptingClass (32ms)
	initialDomainReloadingComplete (71ms)
	LoadAllAssembliesAndSetupDomain (1013ms)
		LoadAssemblies (778ms)
		RebuildTransferFunctionScriptingTraits (0ms)
		AnalyzeDomain (423ms)
			TypeCache.Refresh (29ms)
				TypeCache.ScanAssembly (4ms)
			BuildScriptInfoCaches (365ms)
			ResolveRequiredComponents (21ms)
	FinalizeReload (1580ms)
		ReleaseScriptCaches (0ms)
		RebuildScriptCaches (0ms)
		SetupLoadedEditorAssemblies (1146ms)
			LogAssemblyErrors (0ms)
			InitializePlatformSupportModulesInManaged (4ms)
			SetLoadedEditorAssemblies (7ms)
			BeforeProcessingInitializeOnLoad (261ms)
			ProcessInitializeOnLoadAttributes (733ms)
			ProcessInitializeOnLoadMethodAttributes (123ms)
			AfterProcessingInitializeOnLoad (17ms)
			EditorAssembliesLoaded (1ms)
		ExecutionOrderSort2 (0ms)
		AwakeInstancesAfterBackupRestoration (26ms)
Refreshing native plugins compatible for Editor in 4.93 ms, found 4 plugins.
Preloading 0 native plugins for Editor in 0.00 ms.
Unloading 13 Unused Serialized files (Serialized files now loaded: 0)
Unloading 6865 unused Assets / (4.7 MB). Loaded Objects now: 7689.
Memory consumption went from 156.4 MB to 151.7 MB.
Total: 14.036600 ms (FindLiveObjects: 1.203600 ms CreateObjectMapping: 1.008000 ms MarkObjects: 7.990900 ms  DeleteObjects: 3.831300 ms)

Prepare: number of updated asset objects reloaded= 0
========================================================================
Received Import Request.
  Time since last request: 11.170460 seconds.
  path: Assets/Scripts/HubScene/HubLoadoutSlotUI.cs
  artifactKey: Guid(0e6c96ae7b176f645b2819eb876d017e) Importer(815301076,1909f56bfc062723c751e8b465ee728b)
Start importing Assets/Scripts/HubScene/HubLoadoutSlotUI.cs using Guid(0e6c96ae7b176f645b2819eb876d017e) Importer(815301076,1909f56bfc062723c751e8b465ee728b) (PreviewImporter) -> (artifact id: '00000000000000000000000000000000') in 0.0027461 seconds
Import Error Code:(4)
Message: Build asset version error: assets/scripts/hubscene/hubloadoutslotui.cs in SourceAssetDB has modification time of '2026-02-24T13:29:17.0065298Z' while content on disk has modification time of '2026-02-24T13:29:27.8109936Z'
  ERROR: Build asset version error: assets/scripts/hubscene/hubloadoutslotui.cs in SourceAssetDB has modification time of '2026-02-24T13:29:17.0065298Z' while content on disk has modification time of '2026-02-24T13:29:27.8109936Z'
Number of updated asset objects reloaded before import = 0Number of asset objects unloaded after import = 0

========================================================================
Received Import Request.
  Time since last request: 0.000022 seconds.
  path: Assets/Scripts/HubScene/HubLoadoutSlotUI.cs
  artifactKey: Guid(0e6c96ae7b176f645b2819eb876d017e) Importer(815301076,1909f56bfc062723c751e8b465ee728b)
Start importing Assets/Scripts/HubScene/HubLoadoutSlotUI.cs using Guid(0e6c96ae7b176f645b2819eb876d017e) Importer(815301076,1909f56bfc062723c751e8b465ee728b) (PreviewImporter) -> (artifact id: '00000000000000000000000000000000') in 0.0010605 seconds
Import Error Code:(4)
Message: Build asset version error: assets/scripts/hubscene/hubloadoutslotui.cs in SourceAssetDB has modification time of '2026-02-24T13:29:17.0065298Z' while content on disk has modification time of '2026-02-24T13:29:27.8109936Z'
  ERROR: Build asset version error: assets/scripts/hubscene/hubloadoutslotui.cs in SourceAssetDB has modification time of '2026-02-24T13:29:17.0065298Z' while content on disk has modification time of '2026-02-24T13:29:27.8109936Z'
Number of updated asset objects reloaded before import = 0Number of asset objects unloaded after import = 0

========================================================================
Received Import Request.
  Time since last request: 0.000024 seconds.
  path: Assets/Scripts/HubScene/HubLoadoutSlotUI.cs
  artifactKey: Guid(0e6c96ae7b176f645b2819eb876d017e) Importer(815301076,1909f56bfc062723c751e8b465ee728b)
Start importing Assets/Scripts/HubScene/HubLoadoutSlotUI.cs using Guid(0e6c96ae7b176f645b2819eb876d017e) Importer(815301076,1909f56bfc062723c751e8b465ee728b) (PreviewImporter) -> (artifact id: '00000000000000000000000000000000') in 0.0009286 seconds
Import Error Code:(4)
Message: Build asset version error: assets/scripts/hubscene/hubloadoutslotui.cs in SourceAssetDB has modification time of '2026-02-24T13:29:17.0065298Z' while content on disk has modification time of '2026-02-24T13:29:27.8109936Z'
  ERROR: Build asset version error: assets/scripts/hubscene/hubloadoutslotui.cs in SourceAssetDB has modification time of '2026-02-24T13:29:17.0065298Z' while content on disk has modification time of '2026-02-24T13:29:27.8109936Z'
Number of updated asset objects reloaded before import = 0Number of asset objects unloaded after import = 0

========================================================================
Received Import Request.
  Time since last request: 0.000033 seconds.
  path: Assets/Scripts/HubScene/HubLoadoutSlotUI.cs
  artifactKey: Guid(0e6c96ae7b176f645b2819eb876d017e) Importer(815301076,1909f56bfc062723c751e8b465ee728b)
Start importing Assets/Scripts/HubScene/HubLoadoutSlotUI.cs using Guid(0e6c96ae7b176f645b2819eb876d017e) Importer(815301076,1909f56bfc062723c751e8b465ee728b) (PreviewImporter) -> (artifact id: '00000000000000000000000000000000') in 0.0006718 seconds
Import Error Code:(4)
Message: Build asset version error: assets/scripts/hubscene/hubloadoutslotui.cs in SourceAssetDB has modification time of '2026-02-24T13:29:17.0065298Z' while content on disk has modification time of '2026-02-24T13:29:27.8109936Z'
  ERROR: Build asset version error: assets/scripts/hubscene/hubloadoutslotui.cs in SourceAssetDB has modification time of '2026-02-24T13:29:17.0065298Z' while content on disk has modification time of '2026-02-24T13:29:27.8109936Z'
Number of updated asset objects reloaded before import = 0Number of asset objects unloaded after import = 0

========================================================================
Received Import Request.
  Time since last request: 0.000035 seconds.
  path: Assets/Scripts/HubScene/HubLoadoutSlotUI.cs
  artifactKey: Guid(0e6c96ae7b176f645b2819eb876d017e) Importer(815301076,1909f56bfc062723c751e8b465ee728b)
Start importing Assets/Scripts/HubScene/HubLoadoutSlotUI.cs using Guid(0e6c96ae7b176f645b2819eb876d017e) Importer(815301076,1909f56bfc062723c751e8b465ee728b) (PreviewImporter) -> (artifact id: '00000000000000000000000000000000') in 0.0012375 seconds
Import Error Code:(4)
Message: Build asset version error: assets/scripts/hubscene/hubloadoutslotui.cs in SourceAssetDB has modification time of '2026-02-24T13:29:17.0065298Z' while content on disk has modification time of '2026-02-24T13:29:27.8109936Z'
  ERROR: Build asset version error: assets/scripts/hubscene/hubloadoutslotui.cs in SourceAssetDB has modification time of '2026-02-24T13:29:17.0065298Z' while content on disk has modification time of '2026-02-24T13:29:27.8109936Z'
Number of updated asset objects reloaded before import = 0Number of asset objects unloaded after import = 0

========================================================================
Received Import Request.
  Time since last request: 0.000019 seconds.
  path: Assets/Scripts/HubScene/HubLoadoutSlotUI.cs
  artifactKey: Guid(0e6c96ae7b176f645b2819eb876d017e) Importer(815301076,1909f56bfc062723c751e8b465ee728b)
Start importing Assets/Scripts/HubScene/HubLoadoutSlotUI.cs using Guid(0e6c96ae7b176f645b2819eb876d017e) Importer(815301076,1909f56bfc062723c751e8b465ee728b) (PreviewImporter) -> (artifact id: '00000000000000000000000000000000') in 0.0011913 seconds
Import Error Code:(4)
Message: Build asset version error: assets/scripts/hubscene/hubloadoutslotui.cs in SourceAssetDB has modification time of '2026-02-24T13:29:17.0065298Z' while content on disk has modification time of '2026-02-24T13:29:27.8109936Z'
  ERROR: Build asset version error: assets/scripts/hubscene/hubloadoutslotui.cs in SourceAssetDB has modification time of '2026-02-24T13:29:17.0065298Z' while content on disk has modification time of '2026-02-24T13:29:27.8109936Z'
Number of updated asset objects reloaded before import = 0Number of asset objects unloaded after import = 0

========================================================================
Received Import Request.
  Time since last request: 0.000022 seconds.
  path: Assets/Scripts/HubScene/HubLoadoutSlotUI.cs
  artifactKey: Guid(0e6c96ae7b176f645b2819eb876d017e) Importer(815301076,1909f56bfc062723c751e8b465ee728b)
Start importing Assets/Scripts/HubScene/HubLoadoutSlotUI.cs using Guid(0e6c96ae7b176f645b2819eb876d017e) Importer(815301076,1909f56bfc062723c751e8b465ee728b) (PreviewImporter) -> (artifact id: '00000000000000000000000000000000') in 0.0011149 seconds
Import Error Code:(4)
Message: Build asset version error: assets/scripts/hubscene/hubloadoutslotui.cs in SourceAssetDB has modification time of '2026-02-24T13:29:17.0065298Z' while content on disk has modification time of '2026-02-24T13:29:27.8109936Z'
  ERROR: Build asset version error: assets/scripts/hubscene/hubloadoutslotui.cs in SourceAssetDB has modification time of '2026-02-24T13:29:17.0065298Z' while content on disk has modification time of '2026-02-24T13:29:27.8109936Z'
Number of updated asset objects reloaded before import = 0Number of asset objects unloaded after import = 0

========================================================================
Received Import Request.
  Time since last request: 0.000041 seconds.
  path: Assets/Scripts/HubScene/HubLoadoutSlotUI.cs
  artifactKey: Guid(0e6c96ae7b176f645b2819eb876d017e) Importer(815301076,1909f56bfc062723c751e8b465ee728b)
Start importing Assets/Scripts/HubScene/HubLoadoutSlotUI.cs using Guid(0e6c96ae7b176f645b2819eb876d017e) Importer(815301076,1909f56bfc062723c751e8b465ee728b) (PreviewImporter) -> (artifact id: '00000000000000000000000000000000') in 0.0008338 seconds
Import Error Code:(4)
Message: Build asset version error: assets/scripts/hubscene/hubloadoutslotui.cs in SourceAssetDB has modification time of '2026-02-24T13:29:17.0065298Z' while content on disk has modification time of '2026-02-24T13:29:27.8109936Z'
  ERROR: Build asset version error: assets/scripts/hubscene/hubloadoutslotui.cs in SourceAssetDB has modification time of '2026-02-24T13:29:17.0065298Z' while content on disk has modification time of '2026-02-24T13:29:27.8109936Z'
Number of updated asset objects reloaded before import = 0Number of asset objects unloaded after import = 0

========================================================================
Received Import Request.
  Time since last request: 0.000025 seconds.
  path: Assets/Scripts/HubScene/HubLoadoutSlotUI.cs
  artifactKey: Guid(0e6c96ae7b176f645b2819eb876d017e) Importer(815301076,1909f56bfc062723c751e8b465ee728b)
Start importing Assets/Scripts/HubScene/HubLoadoutSlotUI.cs using Guid(0e6c96ae7b176f645b2819eb876d017e) Importer(815301076,1909f56bfc062723c751e8b465ee728b) (PreviewImporter) -> (artifact id: '00000000000000000000000000000000') in 0.0010397 seconds
Import Error Code:(4)
Message: Build asset version error: assets/scripts/hubscene/hubloadoutslotui.cs in SourceAssetDB has modification time of '2026-02-24T13:29:17.0065298Z' while content on disk has modification time of '2026-02-24T13:29:27.8109936Z'
  ERROR: Build asset version error: assets/scripts/hubscene/hubloadoutslotui.cs in SourceAssetDB has modification time of '2026-02-24T13:29:17.0065298Z' while content on disk has modification time of '2026-02-24T13:29:27.8109936Z'
Number of updated asset objects reloaded before import = 0Number of asset objects unloaded after import = 0

========================================================================
Received Import Request.
  Time since last request: 0.000042 seconds.
  path: Assets/Scripts/HubScene/HubLoadoutSlotUI.cs
  artifactKey: Guid(0e6c96ae7b176f645b2819eb876d017e) Importer(815301076,1909f56bfc062723c751e8b465ee728b)
Start importing Assets/Scripts/HubScene/HubLoadoutSlotUI.cs using Guid(0e6c96ae7b176f645b2819eb876d017e) Importer(815301076,1909f56bfc062723c751e8b465ee728b) (PreviewImporter) -> (artifact id: '00000000000000000000000000000000') in 0.0006764 seconds
Import Error Code:(4)
Message: Build asset version error: assets/scripts/hubscene/hubloadoutslotui.cs in SourceAssetDB has modification time of '2026-02-24T13:29:17.0065298Z' while content on disk has modification time of '2026-02-24T13:29:27.8109936Z'
  ERROR: Build asset version error: assets/scripts/hubscene/hubloadoutslotui.cs in SourceAssetDB has modification time of '2026-02-24T13:29:17.0065298Z' while content on disk has modification time of '2026-02-24T13:29:27.8109936Z'
Number of updated asset objects reloaded before import = 0Number of asset objects unloaded after import = 0

========================================================================
Received Import Request.
  Time since last request: 0.000022 seconds.
  path: Assets/Scripts/HubScene/HubLoadoutSlotUI.cs
  artifactKey: Guid(0e6c96ae7b176f645b2819eb876d017e) Importer(815301076,1909f56bfc062723c751e8b465ee728b)
Start importing Assets/Scripts/HubScene/HubLoadoutSlotUI.cs using Guid(0e6c96ae7b176f645b2819eb876d017e) Importer(815301076,1909f56bfc062723c751e8b465ee728b) (PreviewImporter) -> (artifact id: '00000000000000000000000000000000') in 0.0008915 seconds
Import Error Code:(4)
Message: Build asset version error: assets/scripts/hubscene/hubloadoutslotui.cs in SourceAssetDB has modification time of '2026-02-24T13:29:17.0065298Z' while content on disk has modification time of '2026-02-24T13:29:27.8109936Z'
  ERROR: Build asset version error: assets/scripts/hubscene/hubloadoutslotui.cs in SourceAssetDB has modification time of '2026-02-24T13:29:17.0065298Z' while content on disk has modification time of '2026-02-24T13:29:27.8109936Z'
Number of updated asset objects reloaded before import = 0Number of asset objects unloaded after import = 0

========================================================================
Received Import Request.
  Time since last request: 0.000040 seconds.
  path: Assets/Scripts/HubScene/HubLoadoutSlotUI.cs
  artifactKey: Guid(0e6c96ae7b176f645b2819eb876d017e) Importer(815301076,1909f56bfc062723c751e8b465ee728b)
Start importing Assets/Scripts/HubScene/HubLoadoutSlotUI.cs using Guid(0e6c96ae7b176f645b2819eb876d017e) Importer(815301076,1909f56bfc062723c751e8b465ee728b) (PreviewImporter) -> (artifact id: '00000000000000000000000000000000') in 0.0007573 seconds
Import Error Code:(4)
Message: Build asset version error: assets/scripts/hubscene/hubloadoutslotui.cs in SourceAssetDB has modification time of '2026-02-24T13:29:17.0065298Z' while content on disk has modification time of '2026-02-24T13:29:27.8109936Z'
  ERROR: Build asset version error: assets/scripts/hubscene/hubloadoutslotui.cs in SourceAssetDB has modification time of '2026-02-24T13:29:17.0065298Z' while content on disk has modification time of '2026-02-24T13:29:27.8109936Z'
Number of updated asset objects reloaded before import = 0Number of asset objects unloaded after import = 0

========================================================================
Received Import Request.
  Time since last request: 0.000042 seconds.
  path: Assets/Scripts/HubScene/HubLoadoutSlotUI.cs
  artifactKey: Guid(0e6c96ae7b176f645b2819eb876d017e) Importer(815301076,1909f56bfc062723c751e8b465ee728b)
Start importing Assets/Scripts/HubScene/HubLoadoutSlotUI.cs using Guid(0e6c96ae7b176f645b2819eb876d017e) Importer(815301076,1909f56bfc062723c751e8b465ee728b) (PreviewImporter) -> (artifact id: '00000000000000000000000000000000') in 0.0011767 seconds
Import Error Code:(4)
Message: Build asset version error: assets/scripts/hubscene/hubloadoutslotui.cs in SourceAssetDB has modification time of '2026-02-24T13:29:17.0065298Z' while content on disk has modification time of '2026-02-24T13:29:27.8109936Z'
  ERROR: Build asset version error: assets/scripts/hubscene/hubloadoutslotui.cs in SourceAssetDB has modification time of '2026-02-24T13:29:17.0065298Z' while content on disk has modification time of '2026-02-24T13:29:27.8109936Z'
Number of updated asset objects reloaded before import = 0Number of asset objects unloaded after import = 0

========================================================================
Received Import Request.
  Time since last request: 0.000027 seconds.
  path: Assets/Scripts/HubScene/HubLoadoutSlotUI.cs
  artifactKey: Guid(0e6c96ae7b176f645b2819eb876d017e) Importer(815301076,1909f56bfc062723c751e8b465ee728b)
Start importing Assets/Scripts/HubScene/HubLoadoutSlotUI.cs using Guid(0e6c96ae7b176f645b2819eb876d017e) Importer(815301076,1909f56bfc062723c751e8b465ee728b) (PreviewImporter) -> (artifact id: '00000000000000000000000000000000') in 0.0008123 seconds
Import Error Code:(4)
Message: Build asset version error: assets/scripts/hubscene/hubloadoutslotui.cs in SourceAssetDB has modification time of '2026-02-24T13:29:17.0065298Z' while content on disk has modification time of '2026-02-24T13:29:27.8109936Z'
  ERROR: Build asset version error: assets/scripts/hubscene/hubloadoutslotui.cs in SourceAssetDB has modification time of '2026-02-24T13:29:17.0065298Z' while content on disk has modification time of '2026-02-24T13:29:27.8109936Z'
Number of updated asset objects reloaded before import = 0Number of asset objects unloaded after import = 0

========================================================================
Received Import Request.
  Time since last request: 0.000065 seconds.
  path: Assets/Scripts/HubScene/HubLoadoutSlotUI.cs
  artifactKey: Guid(0e6c96ae7b176f645b2819eb876d017e) Importer(815301076,1909f56bfc062723c751e8b465ee728b)
Start importing Assets/Scripts/HubScene/HubLoadoutSlotUI.cs using Guid(0e6c96ae7b176f645b2819eb876d017e) Importer(815301076,1909f56bfc062723c751e8b465ee728b) (PreviewImporter) -> (artifact id: '00000000000000000000000000000000') in 0.0010411 seconds
Import Error Code:(4)
Message: Build asset version error: assets/scripts/hubscene/hubloadoutslotui.cs in SourceAssetDB has modification time of '2026-02-24T13:29:17.0065298Z' while content on disk has modification time of '2026-02-24T13:29:27.8109936Z'
  ERROR: Build asset version error: assets/scripts/hubscene/hubloadoutslotui.cs in SourceAssetDB has modification time of '2026-02-24T13:29:17.0065298Z' while content on disk has modification time of '2026-02-24T13:29:27.8109936Z'
Number of updated asset objects reloaded before import = 0Number of asset objects unloaded after import = 0

========================================================================
Received Import Request.
  Time since last request: 0.000020 seconds.
  path: Assets/Scripts/HubScene/HubLoadoutSlotUI.cs
  artifactKey: Guid(0e6c96ae7b176f645b2819eb876d017e) Importer(815301076,1909f56bfc062723c751e8b465ee728b)
Start importing Assets/Scripts/HubScene/HubLoadoutSlotUI.cs using Guid(0e6c96ae7b176f645b2819eb876d017e) Importer(815301076,1909f56bfc062723c751e8b465ee728b) (PreviewImporter) -> (artifact id: '00000000000000000000000000000000') in 0.0010338 seconds
Import Error Code:(4)
Message: Build asset version error: assets/scripts/hubscene/hubloadoutslotui.cs in SourceAssetDB has modification time of '2026-02-24T13:29:17.0065298Z' while content on disk has modification time of '2026-02-24T13:29:27.8109936Z'
  ERROR: Build asset version error: assets/scripts/hubscene/hubloadoutslotui.cs in SourceAssetDB has modification time of '2026-02-24T13:29:17.0065298Z' while content on disk has modification time of '2026-02-24T13:29:27.8109936Z'
Number of updated asset objects reloaded before import = 0Number of asset objects unloaded after import = 0

========================================================================
Received Import Request.
  Time since last request: 0.000019 seconds.
  path: Assets/Scripts/HubScene/HubLoadoutSlotUI.cs
  artifactKey: Guid(0e6c96ae7b176f645b2819eb876d017e) Importer(815301076,1909f56bfc062723c751e8b465ee728b)
Start importing Assets/Scripts/HubScene/HubLoadoutSlotUI.cs using Guid(0e6c96ae7b176f645b2819eb876d017e) Importer(815301076,1909f56bfc062723c751e8b465ee728b) (PreviewImporter) -> (artifact id: '00000000000000000000000000000000') in 0.0012789 seconds
Import Error Code:(4)
Message: Build asset version error: assets/scripts/hubscene/hubloadoutslotui.cs in SourceAssetDB has modification time of '2026-02-24T13:29:17.0065298Z' while content on disk has modification time of '2026-02-24T13:29:27.8109936Z'
  ERROR: Build asset version error: assets/scripts/hubscene/hubloadoutslotui.cs in SourceAssetDB has modification time of '2026-02-24T13:29:17.0065298Z' while content on disk has modification time of '2026-02-24T13:29:27.8109936Z'
Number of updated asset objects reloaded before import = 0Number of asset objects unloaded after import = 0

========================================================================
Received Import Request.
  Time since last request: 0.000024 seconds.
  path: Assets/Scripts/HubScene/HubLoadoutSlotUI.cs
  artifactKey: Guid(0e6c96ae7b176f645b2819eb876d017e) Importer(815301076,1909f56bfc062723c751e8b465ee728b)
Start importing Assets/Scripts/HubScene/HubLoadoutSlotUI.cs using Guid(0e6c96ae7b176f645b2819eb876d017e) Importer(815301076,1909f56bfc062723c751e8b465ee728b) (PreviewImporter) -> (artifact id: '00000000000000000000000000000000') in 0.0009792 seconds
Import Error Code:(4)
Message: Build asset version error: assets/scripts/hubscene/hubloadoutslotui.cs in SourceAssetDB has modification time of '2026-02-24T13:29:17.0065298Z' while content on disk has modification time of '2026-02-24T13:29:27.8109936Z'
  ERROR: Build asset version error: assets/scripts/hubscene/hubloadoutslotui.cs in SourceAssetDB has modification time of '2026-02-24T13:29:17.0065298Z' while content on disk has modification time of '2026-02-24T13:29:27.8109936Z'
Number of updated asset objects reloaded before import = 0Number of asset objects unloaded after import = 0

========================================================================
Received Import Request.
  Time since last request: 0.000047 seconds.
  path: Assets/Scripts/HubScene/HubLoadoutSlotUI.cs
  artifactKey: Guid(0e6c96ae7b176f645b2819eb876d017e) Importer(815301076,1909f56bfc062723c751e8b465ee728b)
Start importing Assets/Scripts/HubScene/HubLoadoutSlotUI.cs using Guid(0e6c96ae7b176f645b2819eb876d017e) Importer(815301076,1909f56bfc062723c751e8b465ee728b) (PreviewImporter) -> (artifact id: '00000000000000000000000000000000') in 0.0008337 seconds
Import Error Code:(4)
Message: Build asset version error: assets/scripts/hubscene/hubloadoutslotui.cs in SourceAssetDB has modification time of '2026-02-24T13:29:17.0065298Z' while content on disk has modification time of '2026-02-24T13:29:27.8109936Z'
  ERROR: Build asset version error: assets/scripts/hubscene/hubloadoutslotui.cs in SourceAssetDB has modification time of '2026-02-24T13:29:17.0065298Z' while content on disk has modification time of '2026-02-24T13:29:27.8109936Z'
Number of updated asset objects reloaded before import = 0Number of asset objects unloaded after import = 0

========================================================================
Received Import Request.
  Time since last request: 0.000040 seconds.
  path: Assets/Scripts/HubScene/HubLoadoutSlotUI.cs
  artifactKey: Guid(0e6c96ae7b176f645b2819eb876d017e) Importer(815301076,1909f56bfc062723c751e8b465ee728b)
Start importing Assets/Scripts/HubScene/HubLoadoutSlotUI.cs using Guid(0e6c96ae7b176f645b2819eb876d017e) Importer(815301076,1909f56bfc062723c751e8b465ee728b) (PreviewImporter) -> (artifact id: '00000000000000000000000000000000') in 0.0010239 seconds
Import Error Code:(4)
Message: Build asset version error: assets/scripts/hubscene/hubloadoutslotui.cs in SourceAssetDB has modification time of '2026-02-24T13:29:17.0065298Z' while content on disk has modification time of '2026-02-24T13:29:27.8109936Z'
  ERROR: Build asset version error: assets/scripts/hubscene/hubloadoutslotui.cs in SourceAssetDB has modification time of '2026-02-24T13:29:17.0065298Z' while content on disk has modification time of '2026-02-24T13:29:27.8109936Z'
Number of updated asset objects reloaded before import = 0Number of asset objects unloaded after import = 0

========================================================================
Received Import Request.
  Time since last request: 0.000026 seconds.
  path: Assets/Scripts/HubScene/HubLoadoutSlotUI.cs
  artifactKey: Guid(0e6c96ae7b176f645b2819eb876d017e) Importer(815301076,1909f56bfc062723c751e8b465ee728b)
Start importing Assets/Scripts/HubScene/HubLoadoutSlotUI.cs using Guid(0e6c96ae7b176f645b2819eb876d017e) Importer(815301076,1909f56bfc062723c751e8b465ee728b) (PreviewImporter) -> (artifact id: '00000000000000000000000000000000') in 0.0012337 seconds
Import Error Code:(4)
Message: Build asset version error: assets/scripts/hubscene/hubloadoutslotui.cs in SourceAssetDB has modification time of '2026-02-24T13:29:17.0065298Z' while content on disk has modification time of '2026-02-24T13:29:27.8109936Z'
  ERROR: Build asset version error: assets/scripts/hubscene/hubloadoutslotui.cs in SourceAssetDB has modification time of '2026-02-24T13:29:17.0065298Z' while content on disk has modification time of '2026-02-24T13:29:27.8109936Z'
Number of updated asset objects reloaded before import = 0Number of asset objects unloaded after import = 0

========================================================================
Received Import Request.
  Time since last request: 0.000038 seconds.
  path: Assets/Scripts/HubScene/HubLoadoutSlotUI.cs
  artifactKey: Guid(0e6c96ae7b176f645b2819eb876d017e) Importer(815301076,1909f56bfc062723c751e8b465ee728b)
Start importing Assets/Scripts/HubScene/HubLoadoutSlotUI.cs using Guid(0e6c96ae7b176f645b2819eb876d017e) Importer(815301076,1909f56bfc062723c751e8b465ee728b) (PreviewImporter) -> (artifact id: '00000000000000000000000000000000') in 0.0008873 seconds
Import Error Code:(4)
Message: Build asset version error: assets/scripts/hubscene/hubloadoutslotui.cs in SourceAssetDB has modification time of '2026-02-24T13:29:17.0065298Z' while content on disk has modification time of '2026-02-24T13:29:27.8109936Z'
  ERROR: Build asset version error: assets/scripts/hubscene/hubloadoutslotui.cs in SourceAssetDB has modification time of '2026-02-24T13:29:17.0065298Z' while content on disk has modification time of '2026-02-24T13:29:27.8109936Z'
Number of updated asset objects reloaded before import = 0Number of asset objects unloaded after import = 0

========================================================================
Received Import Request.
  Time since last request: 0.000025 seconds.
  path: Assets/Scripts/HubScene/HubLoadoutSlotUI.cs
  artifactKey: Guid(0e6c96ae7b176f645b2819eb876d017e) Importer(815301076,1909f56bfc062723c751e8b465ee728b)
Start importing Assets/Scripts/HubScene/HubLoadoutSlotUI.cs using Guid(0e6c96ae7b176f645b2819eb876d017e) Importer(815301076,1909f56bfc062723c751e8b465ee728b) (PreviewImporter) -> (artifact id: '00000000000000000000000000000000') in 0.0011162 seconds
Import Error Code:(4)
Message: Build asset version error: assets/scripts/hubscene/hubloadoutslotui.cs in SourceAssetDB has modification time of '2026-02-24T13:29:17.0065298Z' while content on disk has modification time of '2026-02-24T13:29:27.8109936Z'
  ERROR: Build asset version error: assets/scripts/hubscene/hubloadoutslotui.cs in SourceAssetDB has modification time of '2026-02-24T13:29:17.0065298Z' while content on disk has modification time of '2026-02-24T13:29:27.8109936Z'
Number of updated asset objects reloaded before import = 0Number of asset objects unloaded after import = 0

========================================================================
Received Import Request.
  Time since last request: 0.000061 seconds.
  path: Assets/Scripts/HubScene/HubLoadoutSlotUI.cs
  artifactKey: Guid(0e6c96ae7b176f645b2819eb876d017e) Importer(815301076,1909f56bfc062723c751e8b465ee728b)
Start importing Assets/Scripts/HubScene/HubLoadoutSlotUI.cs using Guid(0e6c96ae7b176f645b2819eb876d017e) Importer(815301076,1909f56bfc062723c751e8b465ee728b) (PreviewImporter) -> (artifact id: '00000000000000000000000000000000') in 0.0011169 seconds
Import Error Code:(4)
Message: Build asset version error: assets/scripts/hubscene/hubloadoutslotui.cs in SourceAssetDB has modification time of '2026-02-24T13:29:17.0065298Z' while content on disk has modification time of '2026-02-24T13:29:27.8109936Z'
  ERROR: Build asset version error: assets/scripts/hubscene/hubloadoutslotui.cs in SourceAssetDB has modification time of '2026-02-24T13:29:17.0065298Z' while content on disk has modification time of '2026-02-24T13:29:27.8109936Z'
Number of updated asset objects reloaded before import = 0Number of asset objects unloaded after import = 0

========================================================================
Received Import Request.
  Time since last request: 0.000032 seconds.
  path: Assets/Scripts/HubScene/HubLoadoutSlotUI.cs
  artifactKey: Guid(0e6c96ae7b176f645b2819eb876d017e) Importer(815301076,1909f56bfc062723c751e8b465ee728b)
Start importing Assets/Scripts/HubScene/HubLoadoutSlotUI.cs using Guid(0e6c96ae7b176f645b2819eb876d017e) Importer(815301076,1909f56bfc062723c751e8b465ee728b) (PreviewImporter) -> (artifact id: '00000000000000000000000000000000') in 0.0010297 seconds
Import Error Code:(4)
Message: Build asset version error: assets/scripts/hubscene/hubloadoutslotui.cs in SourceAssetDB has modification time of '2026-02-24T13:29:17.0065298Z' while content on disk has modification time of '2026-02-24T13:29:27.8109936Z'
  ERROR: Build asset version error: assets/scripts/hubscene/hubloadoutslotui.cs in SourceAssetDB has modification time of '2026-02-24T13:29:17.0065298Z' while content on disk has modification time of '2026-02-24T13:29:27.8109936Z'
Number of updated asset objects reloaded before import = 0Number of asset objects unloaded after import = 0

========================================================================
Received Import Request.
  Time since last request: 0.000026 seconds.
  path: Assets/Scripts/HubScene/HubLoadoutSlotUI.cs
  artifactKey: Guid(0e6c96ae7b176f645b2819eb876d017e) Importer(815301076,1909f56bfc062723c751e8b465ee728b)
Start importing Assets/Scripts/HubScene/HubLoadoutSlotUI.cs using Guid(0e6c96ae7b176f645b2819eb876d017e) Importer(815301076,1909f56bfc062723c751e8b465ee728b) (PreviewImporter) -> (artifact id: '00000000000000000000000000000000') in 0.0011595 seconds
Import Error Code:(4)
Message: Build asset version error: assets/scripts/hubscene/hubloadoutslotui.cs in SourceAssetDB has modification time of '2026-02-24T13:29:17.0065298Z' while content on disk has modification time of '2026-02-24T13:29:27.8109936Z'
  ERROR: Build asset version error: assets/scripts/hubscene/hubloadoutslotui.cs in SourceAssetDB has modification time of '2026-02-24T13:29:17.0065298Z' while content on disk has modification time of '2026-02-24T13:29:27.8109936Z'
Number of updated asset objects reloaded before import = 0Number of asset objects unloaded after import = 0

========================================================================
Received Import Request.
  Time since last request: 0.000028 seconds.
  path: Assets/Scripts/HubScene/HubLoadoutSlotUI.cs
  artifactKey: Guid(0e6c96ae7b176f645b2819eb876d017e) Importer(815301076,1909f56bfc062723c751e8b465ee728b)
Start importing Assets/Scripts/HubScene/HubLoadoutSlotUI.cs using Guid(0e6c96ae7b176f645b2819eb876d017e) Importer(815301076,1909f56bfc062723c751e8b465ee728b) (PreviewImporter) -> (artifact id: '00000000000000000000000000000000') in 0.0013003 seconds
Import Error Code:(4)
Message: Build asset version error: assets/scripts/hubscene/hubloadoutslotui.cs in SourceAssetDB has modification time of '2026-02-24T13:29:17.0065298Z' while content on disk has modification time of '2026-02-24T13:29:27.8109936Z'
  ERROR: Build asset version error: assets/scripts/hubscene/hubloadoutslotui.cs in SourceAssetDB has modification time of '2026-02-24T13:29:17.0065298Z' while content on disk has modification time of '2026-02-24T13:29:27.8109936Z'
Number of updated asset objects reloaded before import = 0Number of asset objects unloaded after import = 0

========================================================================
Received Import Request.
  Time since last request: 0.000042 seconds.
  path: Assets/Scripts/HubScene/HubLoadoutSlotUI.cs
  artifactKey: Guid(0e6c96ae7b176f645b2819eb876d017e) Importer(815301076,1909f56bfc062723c751e8b465ee728b)
Start importing Assets/Scripts/HubScene/HubLoadoutSlotUI.cs using Guid(0e6c96ae7b176f645b2819eb876d017e) Importer(815301076,1909f56bfc062723c751e8b465ee728b) (PreviewImporter) -> (artifact id: '00000000000000000000000000000000') in 0.0013239 seconds
Import Error Code:(4)
Message: Build asset version error: assets/scripts/hubscene/hubloadoutslotui.cs in SourceAssetDB has modification time of '2026-02-24T13:29:17.0065298Z' while content on disk has modification time of '2026-02-24T13:29:27.8109936Z'
  ERROR: Build asset version error: assets/scripts/hubscene/hubloadoutslotui.cs in SourceAssetDB has modification time of '2026-02-24T13:29:17.0065298Z' while content on disk has modification time of '2026-02-24T13:29:27.8109936Z'
Number of updated asset objects reloaded before import = 0Number of asset objects unloaded after import = 0

========================================================================
Received Import Request.
  Time since last request: 0.000025 seconds.
  path: Assets/Scripts/HubScene/HubLoadoutSlotUI.cs
  artifactKey: Guid(0e6c96ae7b176f645b2819eb876d017e) Importer(815301076,1909f56bfc062723c751e8b465ee728b)
Start importing Assets/Scripts/HubScene/HubLoadoutSlotUI.cs using Guid(0e6c96ae7b176f645b2819eb876d017e) Importer(815301076,1909f56bfc062723c751e8b465ee728b) (PreviewImporter) -> (artifact id: '00000000000000000000000000000000') in 0.0010266 seconds
Import Error Code:(4)
Message: Build asset version error: assets/scripts/hubscene/hubloadoutslotui.cs in SourceAssetDB has modification time of '2026-02-24T13:29:17.0065298Z' while content on disk has modification time of '2026-02-24T13:29:27.8109936Z'
  ERROR: Build asset version error: assets/scripts/hubscene/hubloadoutslotui.cs in SourceAssetDB has modification time of '2026-02-24T13:29:17.0065298Z' while content on disk has modification time of '2026-02-24T13:29:27.8109936Z'
Number of updated asset objects reloaded before import = 0Number of asset objects unloaded after import = 0

========================================================================
Received Import Request.
  Time since last request: 0.000023 seconds.
  path: Assets/Scripts/HubScene/HubLoadoutSlotUI.cs
  artifactKey: Guid(0e6c96ae7b176f645b2819eb876d017e) Importer(815301076,1909f56bfc062723c751e8b465ee728b)
Start importing Assets/Scripts/HubScene/HubLoadoutSlotUI.cs using Guid(0e6c96ae7b176f645b2819eb876d017e) Importer(815301076,1909f56bfc062723c751e8b465ee728b) (PreviewImporter) -> (artifact id: '00000000000000000000000000000000') in 0.0010296 seconds
Import Error Code:(4)
Message: Build asset version error: assets/scripts/hubscene/hubloadoutslotui.cs in SourceAssetDB has modification time of '2026-02-24T13:29:17.0065298Z' while content on disk has modification time of '2026-02-24T13:29:27.8109936Z'
  ERROR: Build asset version error: assets/scripts/hubscene/hubloadoutslotui.cs in SourceAssetDB has modification time of '2026-02-24T13:29:17.0065298Z' while content on disk has modification time of '2026-02-24T13:29:27.8109936Z'
Number of updated asset objects reloaded before import = 0Number of asset objects unloaded after import = 0

========================================================================
Received Import Request.
  Time since last request: 0.000028 seconds.
  path: Assets/Scripts/HubScene/HubLoadoutSlotUI.cs
  artifactKey: Guid(0e6c96ae7b176f645b2819eb876d017e) Importer(815301076,1909f56bfc062723c751e8b465ee728b)
Start importing Assets/Scripts/HubScene/HubLoadoutSlotUI.cs using Guid(0e6c96ae7b176f645b2819eb876d017e) Importer(815301076,1909f56bfc062723c751e8b465ee728b) (PreviewImporter) -> (artifact id: '00000000000000000000000000000000') in 0.0015257 seconds
Import Error Code:(4)
Message: Build asset version error: assets/scripts/hubscene/hubloadoutslotui.cs in SourceAssetDB has modification time of '2026-02-24T13:29:17.0065298Z' while content on disk has modification time of '2026-02-24T13:29:27.8109936Z'
  ERROR: Build asset version error: assets/scripts/hubscene/hubloadoutslotui.cs in SourceAssetDB has modification time of '2026-02-24T13:29:17.0065298Z' while content on disk has modification time of '2026-02-24T13:29:27.8109936Z'
Number of updated asset objects reloaded before import = 0Number of asset objects unloaded after import = 0

========================================================================
Received Import Request.
  Time since last request: 0.000044 seconds.
  path: Assets/Scripts/HubScene/HubLoadoutSlotUI.cs
  artifactKey: Guid(0e6c96ae7b176f645b2819eb876d017e) Importer(815301076,1909f56bfc062723c751e8b465ee728b)
Start importing Assets/Scripts/HubScene/HubLoadoutSlotUI.cs using Guid(0e6c96ae7b176f645b2819eb876d017e) Importer(815301076,1909f56bfc062723c751e8b465ee728b) (PreviewImporter) -> (artifact id: '00000000000000000000000000000000') in 0.001624 seconds
Import Error Code:(4)
Message: Build asset version error: assets/scripts/hubscene/hubloadoutslotui.cs in SourceAssetDB has modification time of '2026-02-24T13:29:17.0065298Z' while content on disk has modification time of '2026-02-24T13:29:27.8109936Z'
  ERROR: Build asset version error: assets/scripts/hubscene/hubloadoutslotui.cs in SourceAssetDB has modification time of '2026-02-24T13:29:17.0065298Z' while content on disk has modification time of '2026-02-24T13:29:27.8109936Z'
Number of updated asset objects reloaded before import = 0Number of asset objects unloaded after import = 0

========================================================================
Received Import Request.
  Time since last request: 0.000023 seconds.
  path: Assets/Scripts/HubScene/HubLoadoutSlotUI.cs
  artifactKey: Guid(0e6c96ae7b176f645b2819eb876d017e) Importer(815301076,1909f56bfc062723c751e8b465ee728b)
Start importing Assets/Scripts/HubScene/HubLoadoutSlotUI.cs using Guid(0e6c96ae7b176f645b2819eb876d017e) Importer(815301076,1909f56bfc062723c751e8b465ee728b) (PreviewImporter) -> (artifact id: '00000000000000000000000000000000') in 0.0013774 seconds
Import Error Code:(4)
Message: Build asset version error: assets/scripts/hubscene/hubloadoutslotui.cs in SourceAssetDB has modification time of '2026-02-24T13:29:17.0065298Z' while content on disk has modification time of '2026-02-24T13:29:27.8109936Z'
  ERROR: Build asset version error: assets/scripts/hubscene/hubloadoutslotui.cs in SourceAssetDB has modification time of '2026-02-24T13:29:17.0065298Z' while content on disk has modification time of '2026-02-24T13:29:27.8109936Z'
Number of updated asset objects reloaded before import = 0Number of asset objects unloaded after import = 0

========================================================================
Received Import Request.
  Time since last request: 0.000023 seconds.
  path: Assets/Scripts/HubScene/HubLoadoutSlotUI.cs
  artifactKey: Guid(0e6c96ae7b176f645b2819eb876d017e) Importer(815301076,1909f56bfc062723c751e8b465ee728b)
Start importing Assets/Scripts/HubScene/HubLoadoutSlotUI.cs using Guid(0e6c96ae7b176f645b2819eb876d017e) Importer(815301076,1909f56bfc062723c751e8b465ee728b) (PreviewImporter) -> (artifact id: '00000000000000000000000000000000') in 0.0011951 seconds
Import Error Code:(4)
Message: Build asset version error: assets/scripts/hubscene/hubloadoutslotui.cs in SourceAssetDB has modification time of '2026-02-24T13:29:17.0065298Z' while content on disk has modification time of '2026-02-24T13:29:27.8109936Z'
  ERROR: Build asset version error: assets/scripts/hubscene/hubloadoutslotui.cs in SourceAssetDB has modification time of '2026-02-24T13:29:17.0065298Z' while content on disk has modification time of '2026-02-24T13:29:27.8109936Z'
Number of updated asset objects reloaded before import = 0Number of asset objects unloaded after import = 0

========================================================================
Received Import Request.
  Time since last request: 0.000031 seconds.
  path: Assets/Scripts/HubScene/HubLoadoutSlotUI.cs
  artifactKey: Guid(0e6c96ae7b176f645b2819eb876d017e) Importer(815301076,1909f56bfc062723c751e8b465ee728b)
Start importing Assets/Scripts/HubScene/HubLoadoutSlotUI.cs using Guid(0e6c96ae7b176f645b2819eb876d017e) Importer(815301076,1909f56bfc062723c751e8b465ee728b) (PreviewImporter) -> (artifact id: '00000000000000000000000000000000') in 0.0008473 seconds
Import Error Code:(4)
Message: Build asset version error: assets/scripts/hubscene/hubloadoutslotui.cs in SourceAssetDB has modification time of '2026-02-24T13:29:17.0065298Z' while content on disk has modification time of '2026-02-24T13:29:27.8109936Z'
  ERROR: Build asset version error: assets/scripts/hubscene/hubloadoutslotui.cs in SourceAssetDB has modification time of '2026-02-24T13:29:17.0065298Z' while content on disk has modification time of '2026-02-24T13:29:27.8109936Z'
Number of updated asset objects reloaded before import = 0Number of asset objects unloaded after import = 0

========================================================================
Received Import Request.
  Time since last request: 0.000038 seconds.
  path: Assets/Scripts/HubScene/HubLoadoutSlotUI.cs
  artifactKey: Guid(0e6c96ae7b176f645b2819eb876d017e) Importer(815301076,1909f56bfc062723c751e8b465ee728b)
Start importing Assets/Scripts/HubScene/HubLoadoutSlotUI.cs using Guid(0e6c96ae7b176f645b2819eb876d017e) Importer(815301076,1909f56bfc062723c751e8b465ee728b) (PreviewImporter) -> (artifact id: '00000000000000000000000000000000') in 0.0011588 seconds
Import Error Code:(4)
Message: Build asset version error: assets/scripts/hubscene/hubloadoutslotui.cs in SourceAssetDB has modification time of '2026-02-24T13:29:17.0065298Z' while content on disk has modification time of '2026-02-24T13:29:27.8109936Z'
  ERROR: Build asset version error: assets/scripts/hubscene/hubloadoutslotui.cs in SourceAssetDB has modification time of '2026-02-24T13:29:17.0065298Z' while content on disk has modification time of '2026-02-24T13:29:27.8109936Z'
Number of updated asset objects reloaded before import = 0Number of asset objects unloaded after import = 0

========================================================================
Received Import Request.
  Time since last request: 0.000022 seconds.
  path: Assets/Scripts/HubScene/HubLoadoutSlotUI.cs
  artifactKey: Guid(0e6c96ae7b176f645b2819eb876d017e) Importer(815301076,1909f56bfc062723c751e8b465ee728b)
Start importing Assets/Scripts/HubScene/HubLoadoutSlotUI.cs using Guid(0e6c96ae7b176f645b2819eb876d017e) Importer(815301076,1909f56bfc062723c751e8b465ee728b) (PreviewImporter) -> (artifact id: '00000000000000000000000000000000') in 0.0013145 seconds
Import Error Code:(4)
Message: Build asset version error: assets/scripts/hubscene/hubloadoutslotui.cs in SourceAssetDB has modification time of '2026-02-24T13:29:17.0065298Z' while content on disk has modification time of '2026-02-24T13:29:27.8109936Z'
  ERROR: Build asset version error: assets/scripts/hubscene/hubloadoutslotui.cs in SourceAssetDB has modification time of '2026-02-24T13:29:17.0065298Z' while content on disk has modification time of '2026-02-24T13:29:27.8109936Z'
Number of updated asset objects reloaded before import = 0Number of asset objects unloaded after import = 0

========================================================================
Received Import Request.
  Time since last request: 0.000023 seconds.
  path: Assets/Scripts/HubScene/HubLoadoutSlotUI.cs
  artifactKey: Guid(0e6c96ae7b176f645b2819eb876d017e) Importer(815301076,1909f56bfc062723c751e8b465ee728b)
Start importing Assets/Scripts/HubScene/HubLoadoutSlotUI.cs using Guid(0e6c96ae7b176f645b2819eb876d017e) Importer(815301076,1909f56bfc062723c751e8b465ee728b) (PreviewImporter) -> (artifact id: '00000000000000000000000000000000') in 0.0010229 seconds
Import Error Code:(4)
Message: Build asset version error: assets/scripts/hubscene/hubloadoutslotui.cs in SourceAssetDB has modification time of '2026-02-24T13:29:17.0065298Z' while content on disk has modification time of '2026-02-24T13:29:27.8109936Z'
  ERROR: Build asset version error: assets/scripts/hubscene/hubloadoutslotui.cs in SourceAssetDB has modification time of '2026-02-24T13:29:17.0065298Z' while content on disk has modification time of '2026-02-24T13:29:27.8109936Z'
Number of updated asset objects reloaded before import = 0Number of asset objects unloaded after import = 0

========================================================================
Received Import Request.
  Time since last request: 0.000040 seconds.
  path: Assets/Scripts/HubScene/HubLoadoutSlotUI.cs
  artifactKey: Guid(0e6c96ae7b176f645b2819eb876d017e) Importer(815301076,1909f56bfc062723c751e8b465ee728b)
Start importing Assets/Scripts/HubScene/HubLoadoutSlotUI.cs using Guid(0e6c96ae7b176f645b2819eb876d017e) Importer(815301076,1909f56bfc062723c751e8b465ee728b) (PreviewImporter) -> (artifact id: '00000000000000000000000000000000') in 0.0013292 seconds
Import Error Code:(4)
Message: Build asset version error: assets/scripts/hubscene/hubloadoutslotui.cs in SourceAssetDB has modification time of '2026-02-24T13:29:17.0065298Z' while content on disk has modification time of '2026-02-24T13:29:27.8109936Z'
  ERROR: Build asset version error: assets/scripts/hubscene/hubloadoutslotui.cs in SourceAssetDB has modification time of '2026-02-24T13:29:17.0065298Z' while content on disk has modification time of '2026-02-24T13:29:27.8109936Z'
Number of updated asset objects reloaded before import = 0Number of asset objects unloaded after import = 0

========================================================================
Received Import Request.
  Time since last request: 0.000067 seconds.
  path: Assets/Scripts/HubScene/HubLoadoutSlotUI.cs
  artifactKey: Guid(0e6c96ae7b176f645b2819eb876d017e) Importer(815301076,1909f56bfc062723c751e8b465ee728b)
Start importing Assets/Scripts/HubScene/HubLoadoutSlotUI.cs using Guid(0e6c96ae7b176f645b2819eb876d017e) Importer(815301076,1909f56bfc062723c751e8b465ee728b) (PreviewImporter) -> (artifact id: '00000000000000000000000000000000') in 0.0012366 seconds
Import Error Code:(4)
Message: Build asset version error: assets/scripts/hubscene/hubloadoutslotui.cs in SourceAssetDB has modification time of '2026-02-24T13:29:17.0065298Z' while content on disk has modification time of '2026-02-24T13:29:27.8109936Z'
  ERROR: Build asset version error: assets/scripts/hubscene/hubloadoutslotui.cs in SourceAssetDB has modification time of '2026-02-24T13:29:17.0065298Z' while content on disk has modification time of '2026-02-24T13:29:27.8109936Z'
Number of updated asset objects reloaded before import = 0Number of asset objects unloaded after import = 0

========================================================================
Received Import Request.
  Time since last request: 0.000023 seconds.
  path: Assets/Scripts/HubScene/HubLoadoutSlotUI.cs
  artifactKey: Guid(0e6c96ae7b176f645b2819eb876d017e) Importer(815301076,1909f56bfc062723c751e8b465ee728b)
Start importing Assets/Scripts/HubScene/HubLoadoutSlotUI.cs using Guid(0e6c96ae7b176f645b2819eb876d017e) Importer(815301076,1909f56bfc062723c751e8b465ee728b) (PreviewImporter) -> (artifact id: '00000000000000000000000000000000') in 0.0009999 seconds
Import Error Code:(4)
Message: Build asset version error: assets/scripts/hubscene/hubloadoutslotui.cs in SourceAssetDB has modification time of '2026-02-24T13:29:17.0065298Z' while content on disk has modification time of '2026-02-24T13:29:27.8109936Z'
  ERROR: Build asset version error: assets/scripts/hubscene/hubloadoutslotui.cs in SourceAssetDB has modification time of '2026-02-24T13:29:17.0065298Z' while content on disk has modification time of '2026-02-24T13:29:27.8109936Z'
Number of updated asset objects reloaded before import = 0Number of asset objects unloaded after import = 0

========================================================================
Received Import Request.
  Time since last request: 0.000024 seconds.
  path: Assets/Scripts/HubScene/HubLoadoutSlotUI.cs
  artifactKey: Guid(0e6c96ae7b176f645b2819eb876d017e) Importer(815301076,1909f56bfc062723c751e8b465ee728b)
Start importing Assets/Scripts/HubScene/HubLoadoutSlotUI.cs using Guid(0e6c96ae7b176f645b2819eb876d017e) Importer(815301076,1909f56bfc062723c751e8b465ee728b) (PreviewImporter) -> (artifact id: '00000000000000000000000000000000') in 0.0017468 seconds
Import Error Code:(4)
Message: Build asset version error: assets/scripts/hubscene/hubloadoutslotui.cs in SourceAssetDB has modification time of '2026-02-24T13:29:17.0065298Z' while content on disk has modification time of '2026-02-24T13:29:27.8109936Z'
  ERROR: Build asset version error: assets/scripts/hubscene/hubloadoutslotui.cs in SourceAssetDB has modification time of '2026-02-24T13:29:17.0065298Z' while content on disk has modification time of '2026-02-24T13:29:27.8109936Z'
Number of updated asset objects reloaded before import = 0Number of asset objects unloaded after import = 0

========================================================================
Received Import Request.
  Time since last request: 0.000027 seconds.
  path: Assets/Scripts/HubScene/HubLoadoutSlotUI.cs
  artifactKey: Guid(0e6c96ae7b176f645b2819eb876d017e) Importer(815301076,1909f56bfc062723c751e8b465ee728b)
Start importing Assets/Scripts/HubScene/HubLoadoutSlotUI.cs using Guid(0e6c96ae7b176f645b2819eb876d017e) Importer(815301076,1909f56bfc062723c751e8b465ee728b) (PreviewImporter) -> (artifact id: '00000000000000000000000000000000') in 0.0014873 seconds
Import Error Code:(4)
Message: Build asset version error: assets/scripts/hubscene/hubloadoutslotui.cs in SourceAssetDB has modification time of '2026-02-24T13:29:17.0065298Z' while content on disk has modification time of '2026-02-24T13:29:27.8109936Z'
  ERROR: Build asset version error: assets/scripts/hubscene/hubloadoutslotui.cs in SourceAssetDB has modification time of '2026-02-24T13:29:17.0065298Z' while content on disk has modification time of '2026-02-24T13:29:27.8109936Z'
Number of updated asset objects reloaded before import = 0Number of asset objects unloaded after import = 0

========================================================================
Received Import Request.
  Time since last request: 0.000053 seconds.
  path: Assets/Scripts/HubScene/HubLoadoutSlotUI.cs
  artifactKey: Guid(0e6c96ae7b176f645b2819eb876d017e) Importer(815301076,1909f56bfc062723c751e8b465ee728b)
Start importing Assets/Scripts/HubScene/HubLoadoutSlotUI.cs using Guid(0e6c96ae7b176f645b2819eb876d017e) Importer(815301076,1909f56bfc062723c751e8b465ee728b) (PreviewImporter) -> (artifact id: '00000000000000000000000000000000') in 0.0008327 seconds
Import Error Code:(4)
Message: Build asset version error: assets/scripts/hubscene/hubloadoutslotui.cs in SourceAssetDB has modification time of '2026-02-24T13:29:17.0065298Z' while content on disk has modification time of '2026-02-24T13:29:27.8109936Z'
  ERROR: Build asset version error: assets/scripts/hubscene/hubloadoutslotui.cs in SourceAssetDB has modification time of '2026-02-24T13:29:17.0065298Z' while content on disk has modification time of '2026-02-24T13:29:27.8109936Z'
Number of updated asset objects reloaded before import = 0Number of asset objects unloaded after import = 0

========================================================================
Received Import Request.
  Time since last request: 0.000023 seconds.
  path: Assets/Scripts/HubScene/HubLoadoutSlotUI.cs
  artifactKey: Guid(0e6c96ae7b176f645b2819eb876d017e) Importer(815301076,1909f56bfc062723c751e8b465ee728b)
Start importing Assets/Scripts/HubScene/HubLoadoutSlotUI.cs using Guid(0e6c96ae7b176f645b2819eb876d017e) Importer(815301076,1909f56bfc062723c751e8b465ee728b) (PreviewImporter) -> (artifact id: '00000000000000000000000000000000') in 0.0011201 seconds
Import Error Code:(4)
Message: Build asset version error: assets/scripts/hubscene/hubloadoutslotui.cs in SourceAssetDB has modification time of '2026-02-24T13:29:17.0065298Z' while content on disk has modification time of '2026-02-24T13:29:27.8109936Z'
  ERROR: Build asset version error: assets/scripts/hubscene/hubloadoutslotui.cs in SourceAssetDB has modification time of '2026-02-24T13:29:17.0065298Z' while content on disk has modification time of '2026-02-24T13:29:27.8109936Z'
Number of updated asset objects reloaded before import = 0Number of asset objects unloaded after import = 0

========================================================================
Received Import Request.
  Time since last request: 0.000023 seconds.
  path: Assets/Scripts/HubScene/HubLoadoutSlotUI.cs
  artifactKey: Guid(0e6c96ae7b176f645b2819eb876d017e) Importer(815301076,1909f56bfc062723c751e8b465ee728b)
Start importing Assets/Scripts/HubScene/HubLoadoutSlotUI.cs using Guid(0e6c96ae7b176f645b2819eb876d017e) Importer(815301076,1909f56bfc062723c751e8b465ee728b) (PreviewImporter) -> (artifact id: '00000000000000000000000000000000') in 0.0011044 seconds
Import Error Code:(4)
Message: Build asset version error: assets/scripts/hubscene/hubloadoutslotui.cs in SourceAssetDB has modification time of '2026-02-24T13:29:17.0065298Z' while content on disk has modification time of '2026-02-24T13:29:27.8109936Z'
  ERROR: Build asset version error: assets/scripts/hubscene/hubloadoutslotui.cs in SourceAssetDB has modification time of '2026-02-24T13:29:17.0065298Z' while content on disk has modification time of '2026-02-24T13:29:27.8109936Z'
Number of updated asset objects reloaded before import = 0Number of asset objects unloaded after import = 0

========================================================================
Received Import Request.
  Time since last request: 0.000027 seconds.
  path: Assets/Scripts/HubScene/HubLoadoutSlotUI.cs
  artifactKey: Guid(0e6c96ae7b176f645b2819eb876d017e) Importer(815301076,1909f56bfc062723c751e8b465ee728b)
Start importing Assets/Scripts/HubScene/HubLoadoutSlotUI.cs using Guid(0e6c96ae7b176f645b2819eb876d017e) Importer(815301076,1909f56bfc062723c751e8b465ee728b) (PreviewImporter) -> (artifact id: '00000000000000000000000000000000') in 0.0010283 seconds
Import Error Code:(4)
Message: Build asset version error: assets/scripts/hubscene/hubloadoutslotui.cs in SourceAssetDB has modification time of '2026-02-24T13:29:17.0065298Z' while content on disk has modification time of '2026-02-24T13:29:27.8109936Z'
  ERROR: Build asset version error: assets/scripts/hubscene/hubloadoutslotui.cs in SourceAssetDB has modification time of '2026-02-24T13:29:17.0065298Z' while content on disk has modification time of '2026-02-24T13:29:27.8109936Z'
Number of updated asset objects reloaded before import = 0Number of asset objects unloaded after import = 0

========================================================================
Received Import Request.
  Time since last request: 0.000039 seconds.
  path: Assets/Scripts/HubScene/HubLoadoutSlotUI.cs
  artifactKey: Guid(0e6c96ae7b176f645b2819eb876d017e) Importer(815301076,1909f56bfc062723c751e8b465ee728b)
Start importing Assets/Scripts/HubScene/HubLoadoutSlotUI.cs using Guid(0e6c96ae7b176f645b2819eb876d017e) Importer(815301076,1909f56bfc062723c751e8b465ee728b) (PreviewImporter) -> (artifact id: '00000000000000000000000000000000') in 0.0010103 seconds
Import Error Code:(4)
Message: Build asset version error: assets/scripts/hubscene/hubloadoutslotui.cs in SourceAssetDB has modification time of '2026-02-24T13:29:17.0065298Z' while content on disk has modification time of '2026-02-24T13:29:27.8109936Z'
  ERROR: Build asset version error: assets/scripts/hubscene/hubloadoutslotui.cs in SourceAssetDB has modification time of '2026-02-24T13:29:17.0065298Z' while content on disk has modification time of '2026-02-24T13:29:27.8109936Z'
Number of updated asset objects reloaded before import = 0Number of asset objects unloaded after import = 0

========================================================================
Received Import Request.
  Time since last request: 0.000026 seconds.
  path: Assets/Scripts/HubScene/HubLoadoutSlotUI.cs
  artifactKey: Guid(0e6c96ae7b176f645b2819eb876d017e) Importer(815301076,1909f56bfc062723c751e8b465ee728b)
Start importing Assets/Scripts/HubScene/HubLoadoutSlotUI.cs using Guid(0e6c96ae7b176f645b2819eb876d017e) Importer(815301076,1909f56bfc062723c751e8b465ee728b) (PreviewImporter) -> (artifact id: '00000000000000000000000000000000') in 0.0009941 seconds
Import Error Code:(4)
Message: Build asset version error: assets/scripts/hubscene/hubloadoutslotui.cs in SourceAssetDB has modification time of '2026-02-24T13:29:17.0065298Z' while content on disk has modification time of '2026-02-24T13:29:27.8109936Z'
  ERROR: Build asset version error: assets/scripts/hubscene/hubloadoutslotui.cs in SourceAssetDB has modification time of '2026-02-24T13:29:17.0065298Z' while content on disk has modification time of '2026-02-24T13:29:27.8109936Z'
Number of updated asset objects reloaded before import = 0Number of asset objects unloaded after import = 0

========================================================================
Received Import Request.
  Time since last request: 0.000025 seconds.
  path: Assets/Scripts/HubScene/HubLoadoutSlotUI.cs
  artifactKey: Guid(0e6c96ae7b176f645b2819eb876d017e) Importer(815301076,1909f56bfc062723c751e8b465ee728b)
Start importing Assets/Scripts/HubScene/HubLoadoutSlotUI.cs using Guid(0e6c96ae7b176f645b2819eb876d017e) Importer(815301076,1909f56bfc062723c751e8b465ee728b) (PreviewImporter) -> (artifact id: '00000000000000000000000000000000') in 0.0008845 seconds
Import Error Code:(4)
Message: Build asset version error: assets/scripts/hubscene/hubloadoutslotui.cs in SourceAssetDB has modification time of '2026-02-24T13:29:17.0065298Z' while content on disk has modification time of '2026-02-24T13:29:27.8109936Z'
  ERROR: Build asset version error: assets/scripts/hubscene/hubloadoutslotui.cs in SourceAssetDB has modification time of '2026-02-24T13:29:17.0065298Z' while content on disk has modification time of '2026-02-24T13:29:27.8109936Z'
Number of updated asset objects reloaded before import = 0Number of asset objects unloaded after import = 0

========================================================================
Received Import Request.
  Time since last request: 0.000026 seconds.
  path: Assets/Scripts/HubScene/HubLoadoutSlotUI.cs
  artifactKey: Guid(0e6c96ae7b176f645b2819eb876d017e) Importer(815301076,1909f56bfc062723c751e8b465ee728b)
Start importing Assets/Scripts/HubScene/HubLoadoutSlotUI.cs using Guid(0e6c96ae7b176f645b2819eb876d017e) Importer(815301076,1909f56bfc062723c751e8b465ee728b) (PreviewImporter) -> (artifact id: '00000000000000000000000000000000') in 0.0016516 seconds
Import Error Code:(4)
Message: Build asset version error: assets/scripts/hubscene/hubloadoutslotui.cs in SourceAssetDB has modification time of '2026-02-24T13:29:17.0065298Z' while content on disk has modification time of '2026-02-24T13:29:27.8109936Z'
  ERROR: Build asset version error: assets/scripts/hubscene/hubloadoutslotui.cs in SourceAssetDB has modification time of '2026-02-24T13:29:17.0065298Z' while content on disk has modification time of '2026-02-24T13:29:27.8109936Z'
Number of updated asset objects reloaded before import = 0Number of asset objects unloaded after import = 0

========================================================================
Received Import Request.
  Time since last request: 0.000036 seconds.
  path: Assets/Scripts/HubScene/HubLoadoutSlotUI.cs
  artifactKey: Guid(0e6c96ae7b176f645b2819eb876d017e) Importer(815301076,1909f56bfc062723c751e8b465ee728b)
Start importing Assets/Scripts/HubScene/HubLoadoutSlotUI.cs using Guid(0e6c96ae7b176f645b2819eb876d017e) Importer(815301076,1909f56bfc062723c751e8b465ee728b) (PreviewImporter) -> (artifact id: '00000000000000000000000000000000') in 0.0012655 seconds
Import Error Code:(4)
Message: Build asset version error: assets/scripts/hubscene/hubloadoutslotui.cs in SourceAssetDB has modification time of '2026-02-24T13:29:17.0065298Z' while content on disk has modification time of '2026-02-24T13:29:27.8109936Z'
  ERROR: Build asset version error: assets/scripts/hubscene/hubloadoutslotui.cs in SourceAssetDB has modification time of '2026-02-24T13:29:17.0065298Z' while content on disk has modification time of '2026-02-24T13:29:27.8109936Z'
Number of updated asset objects reloaded before import = 0Number of asset objects unloaded after import = 0

========================================================================
Received Import Request.
  Time since last request: 0.000031 seconds.
  path: Assets/Scripts/HubScene/HubLoadoutSlotUI.cs
  artifactKey: Guid(0e6c96ae7b176f645b2819eb876d017e) Importer(815301076,1909f56bfc062723c751e8b465ee728b)
Start importing Assets/Scripts/HubScene/HubLoadoutSlotUI.cs using Guid(0e6c96ae7b176f645b2819eb876d017e) Importer(815301076,1909f56bfc062723c751e8b465ee728b) (PreviewImporter) -> (artifact id: '00000000000000000000000000000000') in 0.0008563 seconds
Import Error Code:(4)
Message: Build asset version error: assets/scripts/hubscene/hubloadoutslotui.cs in SourceAssetDB has modification time of '2026-02-24T13:29:17.0065298Z' while content on disk has modification time of '2026-02-24T13:29:27.8109936Z'
  ERROR: Build asset version error: assets/scripts/hubscene/hubloadoutslotui.cs in SourceAssetDB has modification time of '2026-02-24T13:29:17.0065298Z' while content on disk has modification time of '2026-02-24T13:29:27.8109936Z'
Number of updated asset objects reloaded before import = 0Number of asset objects unloaded after import = 0

========================================================================
Received Import Request.
  Time since last request: 0.000034 seconds.
  path: Assets/Scripts/HubScene/HubLoadoutSlotUI.cs
  artifactKey: Guid(0e6c96ae7b176f645b2819eb876d017e) Importer(815301076,1909f56bfc062723c751e8b465ee728b)
Start importing Assets/Scripts/HubScene/HubLoadoutSlotUI.cs using Guid(0e6c96ae7b176f645b2819eb876d017e) Importer(815301076,1909f56bfc062723c751e8b465ee728b) (PreviewImporter) -> (artifact id: '00000000000000000000000000000000') in 0.0020708 seconds
Import Error Code:(4)
Message: Build asset version error: assets/scripts/hubscene/hubloadoutslotui.cs in SourceAssetDB has modification time of '2026-02-24T13:29:17.0065298Z' while content on disk has modification time of '2026-02-24T13:29:27.8109936Z'
  ERROR: Build asset version error: assets/scripts/hubscene/hubloadoutslotui.cs in SourceAssetDB has modification time of '2026-02-24T13:29:17.0065298Z' while content on disk has modification time of '2026-02-24T13:29:27.8109936Z'
Number of updated asset objects reloaded before import = 0Number of asset objects unloaded after import = 0

========================================================================
Received Import Request.
  Time since last request: 0.000032 seconds.
  path: Assets/Scripts/HubScene/HubLoadoutSlotUI.cs
  artifactKey: Guid(0e6c96ae7b176f645b2819eb876d017e) Importer(815301076,1909f56bfc062723c751e8b465ee728b)
Start importing Assets/Scripts/HubScene/HubLoadoutSlotUI.cs using Guid(0e6c96ae7b176f645b2819eb876d017e) Importer(815301076,1909f56bfc062723c751e8b465ee728b) (PreviewImporter) -> (artifact id: '00000000000000000000000000000000') in 0.0006804 seconds
Import Error Code:(4)
Message: Build asset version error: assets/scripts/hubscene/hubloadoutslotui.cs in SourceAssetDB has modification time of '2026-02-24T13:29:17.0065298Z' while content on disk has modification time of '2026-02-24T13:29:27.8109936Z'
  ERROR: Build asset version error: assets/scripts/hubscene/hubloadoutslotui.cs in SourceAssetDB has modification time of '2026-02-24T13:29:17.0065298Z' while content on disk has modification time of '2026-02-24T13:29:27.8109936Z'
Number of updated asset objects reloaded before import = 0Number of asset objects unloaded after import = 0

========================================================================
Received Import Request.
  Time since last request: 0.000036 seconds.
  path: Assets/Scripts/HubScene/HubLoadoutSlotUI.cs
  artifactKey: Guid(0e6c96ae7b176f645b2819eb876d017e) Importer(815301076,1909f56bfc062723c751e8b465ee728b)
Start importing Assets/Scripts/HubScene/HubLoadoutSlotUI.cs using Guid(0e6c96ae7b176f645b2819eb876d017e) Importer(815301076,1909f56bfc062723c751e8b465ee728b) (PreviewImporter) -> (artifact id: '00000000000000000000000000000000') in 0.0008207 seconds
Import Error Code:(4)
Message: Build asset version error: assets/scripts/hubscene/hubloadoutslotui.cs in SourceAssetDB has modification time of '2026-02-24T13:29:17.0065298Z' while content on disk has modification time of '2026-02-24T13:29:27.8109936Z'
  ERROR: Build asset version error: assets/scripts/hubscene/hubloadoutslotui.cs in SourceAssetDB has modification time of '2026-02-24T13:29:17.0065298Z' while content on disk has modification time of '2026-02-24T13:29:27.8109936Z'
Number of updated asset objects reloaded before import = 0Number of asset objects unloaded after import = 0

========================================================================
Received Import Request.
  Time since last request: 0.000022 seconds.
  path: Assets/Scripts/HubScene/HubLoadoutSlotUI.cs
  artifactKey: Guid(0e6c96ae7b176f645b2819eb876d017e) Importer(815301076,1909f56bfc062723c751e8b465ee728b)
Start importing Assets/Scripts/HubScene/HubLoadoutSlotUI.cs using Guid(0e6c96ae7b176f645b2819eb876d017e) Importer(815301076,1909f56bfc062723c751e8b465ee728b) (PreviewImporter) -> (artifact id: '00000000000000000000000000000000') in 0.0010778 seconds
Import Error Code:(4)
Message: Build asset version error: assets/scripts/hubscene/hubloadoutslotui.cs in SourceAssetDB has modification time of '2026-02-24T13:29:17.0065298Z' while content on disk has modification time of '2026-02-24T13:29:27.8109936Z'
  ERROR: Build asset version error: assets/scripts/hubscene/hubloadoutslotui.cs in SourceAssetDB has modification time of '2026-02-24T13:29:17.0065298Z' while content on disk has modification time of '2026-02-24T13:29:27.8109936Z'
Number of updated asset objects reloaded before import = 0Number of asset objects unloaded after import = 0

========================================================================
Received Import Request.
  Time since last request: 0.000022 seconds.
  path: Assets/Scripts/HubScene/HubLoadoutSlotUI.cs
  artifactKey: Guid(0e6c96ae7b176f645b2819eb876d017e) Importer(815301076,1909f56bfc062723c751e8b465ee728b)
Start importing Assets/Scripts/HubScene/HubLoadoutSlotUI.cs using Guid(0e6c96ae7b176f645b2819eb876d017e) Importer(815301076,1909f56bfc062723c751e8b465ee728b) (PreviewImporter) -> (artifact id: '00000000000000000000000000000000') in 0.0011008 seconds
Import Error Code:(4)
Message: Build asset version error: assets/scripts/hubscene/hubloadoutslotui.cs in SourceAssetDB has modification time of '2026-02-24T13:29:17.0065298Z' while content on disk has modification time of '2026-02-24T13:29:27.8109936Z'
  ERROR: Build asset version error: assets/scripts/hubscene/hubloadoutslotui.cs in SourceAssetDB has modification time of '2026-02-24T13:29:17.0065298Z' while content on disk has modification time of '2026-02-24T13:29:27.8109936Z'
Number of updated asset objects reloaded before import = 0Number of asset objects unloaded after import = 0

========================================================================
Received Import Request.
  Time since last request: 0.000039 seconds.
  path: Assets/Scripts/HubScene/HubLoadoutSlotUI.cs
  artifactKey: Guid(0e6c96ae7b176f645b2819eb876d017e) Importer(815301076,1909f56bfc062723c751e8b465ee728b)
Start importing Assets/Scripts/HubScene/HubLoadoutSlotUI.cs using Guid(0e6c96ae7b176f645b2819eb876d017e) Importer(815301076,1909f56bfc062723c751e8b465ee728b) (PreviewImporter) -> (artifact id: '00000000000000000000000000000000') in 0.0007822 seconds
Import Error Code:(4)
Message: Build asset version error: assets/scripts/hubscene/hubloadoutslotui.cs in SourceAssetDB has modification time of '2026-02-24T13:29:17.0065298Z' while content on disk has modification time of '2026-02-24T13:29:27.8109936Z'
  ERROR: Build asset version error: assets/scripts/hubscene/hubloadoutslotui.cs in SourceAssetDB has modification time of '2026-02-24T13:29:17.0065298Z' while content on disk has modification time of '2026-02-24T13:29:27.8109936Z'
Number of updated asset objects reloaded before import = 0Number of asset objects unloaded after import = 0

========================================================================
Received Import Request.
  Time since last request: 0.000026 seconds.
  path: Assets/Scripts/HubScene/HubLoadoutSlotUI.cs
  artifactKey: Guid(0e6c96ae7b176f645b2819eb876d017e) Importer(815301076,1909f56bfc062723c751e8b465ee728b)
Start importing Assets/Scripts/HubScene/HubLoadoutSlotUI.cs using Guid(0e6c96ae7b176f645b2819eb876d017e) Importer(815301076,1909f56bfc062723c751e8b465ee728b) (PreviewImporter) -> (artifact id: '00000000000000000000000000000000') in 0.0010314 seconds
Import Error Code:(4)
Message: Build asset version error: assets/scripts/hubscene/hubloadoutslotui.cs in SourceAssetDB has modification time of '2026-02-24T13:29:17.0065298Z' while content on disk has modification time of '2026-02-24T13:29:27.8109936Z'
  ERROR: Build asset version error: assets/scripts/hubscene/hubloadoutslotui.cs in SourceAssetDB has modification time of '2026-02-24T13:29:17.0065298Z' while content on disk has modification time of '2026-02-24T13:29:27.8109936Z'
Number of updated asset objects reloaded before import = 0Number of asset objects unloaded after import = 0

========================================================================
Received Import Request.
  Time since last request: 0.000102 seconds.
  path: Assets/Scripts/HubScene/HubLoadoutSlotUI.cs
  artifactKey: Guid(0e6c96ae7b176f645b2819eb876d017e) Importer(815301076,1909f56bfc062723c751e8b465ee728b)
Start importing Assets/Scripts/HubScene/HubLoadoutSlotUI.cs using Guid(0e6c96ae7b176f645b2819eb876d017e) Importer(815301076,1909f56bfc062723c751e8b465ee728b) (PreviewImporter) -> (artifact id: '00000000000000000000000000000000') in 0.0006997 seconds
Import Error Code:(4)
Message: Build asset version error: assets/scripts/hubscene/hubloadoutslotui.cs in SourceAssetDB has modification time of '2026-02-24T13:29:17.0065298Z' while content on disk has modification time of '2026-02-24T13:29:27.8109936Z'
  ERROR: Build asset version error: assets/scripts/hubscene/hubloadoutslotui.cs in SourceAssetDB has modification time of '2026-02-24T13:29:17.0065298Z' while content on disk has modification time of '2026-02-24T13:29:27.8109936Z'
Number of updated asset objects reloaded before import = 0Number of asset objects unloaded after import = 0

========================================================================
Received Import Request.
  Time since last request: 0.000026 seconds.
  path: Assets/Scripts/HubScene/HubLoadoutSlotUI.cs
  artifactKey: Guid(0e6c96ae7b176f645b2819eb876d017e) Importer(815301076,1909f56bfc062723c751e8b465ee728b)
Start importing Assets/Scripts/HubScene/HubLoadoutSlotUI.cs using Guid(0e6c96ae7b176f645b2819eb876d017e) Importer(815301076,1909f56bfc062723c751e8b465ee728b) (PreviewImporter) -> (artifact id: '00000000000000000000000000000000') in 0.0007056 seconds
Import Error Code:(4)
Message: Build asset version error: assets/scripts/hubscene/hubloadoutslotui.cs in SourceAssetDB has modification time of '2026-02-24T13:29:17.0065298Z' while content on disk has modification time of '2026-02-24T13:29:27.8109936Z'
  ERROR: Build asset version error: assets/scripts/hubscene/hubloadoutslotui.cs in SourceAssetDB has modification time of '2026-02-24T13:29:17.0065298Z' while content on disk has modification time of '2026-02-24T13:29:27.8109936Z'
Number of updated asset objects reloaded before import = 0Number of asset objects unloaded after import = 0

========================================================================
Received Import Request.
  Time since last request: 0.000037 seconds.
  path: Assets/Scripts/HubScene/HubLoadoutSlotUI.cs
  artifactKey: Guid(0e6c96ae7b176f645b2819eb876d017e) Importer(815301076,1909f56bfc062723c751e8b465ee728b)
Start importing Assets/Scripts/HubScene/HubLoadoutSlotUI.cs using Guid(0e6c96ae7b176f645b2819eb876d017e) Importer(815301076,1909f56bfc062723c751e8b465ee728b) (PreviewImporter) -> (artifact id: '00000000000000000000000000000000') in 0.0009755 seconds
Import Error Code:(4)
Message: Build asset version error: assets/scripts/hubscene/hubloadoutslotui.cs in SourceAssetDB has modification time of '2026-02-24T13:29:17.0065298Z' while content on disk has modification time of '2026-02-24T13:29:27.8109936Z'
  ERROR: Build asset version error: assets/scripts/hubscene/hubloadoutslotui.cs in SourceAssetDB has modification time of '2026-02-24T13:29:17.0065298Z' while content on disk has modification time of '2026-02-24T13:29:27.8109936Z'
Number of updated asset objects reloaded before import = 0Number of asset objects unloaded after import = 0

========================================================================
Received Import Request.
  Time since last request: 0.000020 seconds.
  path: Assets/Scripts/HubScene/HubLoadoutSlotUI.cs
  artifactKey: Guid(0e6c96ae7b176f645b2819eb876d017e) Importer(815301076,1909f56bfc062723c751e8b465ee728b)
Start importing Assets/Scripts/HubScene/HubLoadoutSlotUI.cs using Guid(0e6c96ae7b176f645b2819eb876d017e) Importer(815301076,1909f56bfc062723c751e8b465ee728b) (PreviewImporter) -> (artifact id: '00000000000000000000000000000000') in 0.0009472 seconds
Import Error Code:(4)
Message: Build asset version error: assets/scripts/hubscene/hubloadoutslotui.cs in SourceAssetDB has modification time of '2026-02-24T13:29:17.0065298Z' while content on disk has modification time of '2026-02-24T13:29:27.8109936Z'
  ERROR: Build asset version error: assets/scripts/hubscene/hubloadoutslotui.cs in SourceAssetDB has modification time of '2026-02-24T13:29:17.0065298Z' while content on disk has modification time of '2026-02-24T13:29:27.8109936Z'
Number of updated asset objects reloaded before import = 0Number of asset objects unloaded after import = 0

========================================================================
Received Import Request.
  Time since last request: 0.000027 seconds.
  path: Assets/Scripts/HubScene/HubLoadoutSlotUI.cs
  artifactKey: Guid(0e6c96ae7b176f645b2819eb876d017e) Importer(815301076,1909f56bfc062723c751e8b465ee728b)
Start importing Assets/Scripts/HubScene/HubLoadoutSlotUI.cs using Guid(0e6c96ae7b176f645b2819eb876d017e) Importer(815301076,1909f56bfc062723c751e8b465ee728b) (PreviewImporter) -> (artifact id: '00000000000000000000000000000000') in 0.0007934 seconds
Import Error Code:(4)
Message: Build asset version error: assets/scripts/hubscene/hubloadoutslotui.cs in SourceAssetDB has modification time of '2026-02-24T13:29:17.0065298Z' while content on disk has modification time of '2026-02-24T13:29:27.8109936Z'
  ERROR: Build asset version error: assets/scripts/hubscene/hubloadoutslotui.cs in SourceAssetDB has modification time of '2026-02-24T13:29:17.0065298Z' while content on disk has modification time of '2026-02-24T13:29:27.8109936Z'
Number of updated asset objects reloaded before import = 0Number of asset objects unloaded after import = 0

========================================================================
Received Import Request.
  Time since last request: 0.000040 seconds.
  path: Assets/Scripts/HubScene/HubLoadoutSlotUI.cs
  artifactKey: Guid(0e6c96ae7b176f645b2819eb876d017e) Importer(815301076,1909f56bfc062723c751e8b465ee728b)
Start importing Assets/Scripts/HubScene/HubLoadoutSlotUI.cs using Guid(0e6c96ae7b176f645b2819eb876d017e) Importer(815301076,1909f56bfc062723c751e8b465ee728b) (PreviewImporter) -> (artifact id: '00000000000000000000000000000000') in 0.0012653 seconds
Import Error Code:(4)
Message: Build asset version error: assets/scripts/hubscene/hubloadoutslotui.cs in SourceAssetDB has modification time of '2026-02-24T13:29:17.0065298Z' while content on disk has modification time of '2026-02-24T13:29:27.8109936Z'
  ERROR: Build asset version error: assets/scripts/hubscene/hubloadoutslotui.cs in SourceAssetDB has modification time of '2026-02-24T13:29:17.0065298Z' while content on disk has modification time of '2026-02-24T13:29:27.8109936Z'
Number of updated asset objects reloaded before import = 0Number of asset objects unloaded after import = 0

========================================================================
Received Import Request.
  Time since last request: 0.000036 seconds.
  path: Assets/Scripts/HubScene/HubLoadoutSlotUI.cs
  artifactKey: Guid(0e6c96ae7b176f645b2819eb876d017e) Importer(815301076,1909f56bfc062723c751e8b465ee728b)
Start importing Assets/Scripts/HubScene/HubLoadoutSlotUI.cs using Guid(0e6c96ae7b176f645b2819eb876d017e) Importer(815301076,1909f56bfc062723c751e8b465ee728b) (PreviewImporter) -> (artifact id: '00000000000000000000000000000000') in 0.0011444 seconds
Import Error Code:(4)
Message: Build asset version error: assets/scripts/hubscene/hubloadoutslotui.cs in SourceAssetDB has modification time of '2026-02-24T13:29:17.0065298Z' while content on disk has modification time of '2026-02-24T13:29:27.8109936Z'
  ERROR: Build asset version error: assets/scripts/hubscene/hubloadoutslotui.cs in SourceAssetDB has modification time of '2026-02-24T13:29:17.0065298Z' while content on disk has modification time of '2026-02-24T13:29:27.8109936Z'
Number of updated asset objects reloaded before import = 0Number of asset objects unloaded after import = 0

========================================================================
Received Import Request.
  Time since last request: 0.000030 seconds.
  path: Assets/Scripts/HubScene/HubLoadoutSlotUI.cs
  artifactKey: Guid(0e6c96ae7b176f645b2819eb876d017e) Importer(815301076,1909f56bfc062723c751e8b465ee728b)
Start importing Assets/Scripts/HubScene/HubLoadoutSlotUI.cs using Guid(0e6c96ae7b176f645b2819eb876d017e) Importer(815301076,1909f56bfc062723c751e8b465ee728b) (PreviewImporter) -> (artifact id: '00000000000000000000000000000000') in 0.000864 seconds
Import Error Code:(4)
Message: Build asset version error: assets/scripts/hubscene/hubloadoutslotui.cs in SourceAssetDB has modification time of '2026-02-24T13:29:17.0065298Z' while content on disk has modification time of '2026-02-24T13:29:27.8109936Z'
  ERROR: Build asset version error: assets/scripts/hubscene/hubloadoutslotui.cs in SourceAssetDB has modification time of '2026-02-24T13:29:17.0065298Z' while content on disk has modification time of '2026-02-24T13:29:27.8109936Z'
Number of updated asset objects reloaded before import = 0Number of asset objects unloaded after import = 0

========================================================================
Received Import Request.
  Time since last request: 0.000026 seconds.
  path: Assets/Scripts/HubScene/HubLoadoutSlotUI.cs
  artifactKey: Guid(0e6c96ae7b176f645b2819eb876d017e) Importer(815301076,1909f56bfc062723c751e8b465ee728b)
Start importing Assets/Scripts/HubScene/HubLoadoutSlotUI.cs using Guid(0e6c96ae7b176f645b2819eb876d017e) Importer(815301076,1909f56bfc062723c751e8b465ee728b) (PreviewImporter) -> (artifact id: '00000000000000000000000000000000') in 0.0009595 seconds
Import Error Code:(4)
Message: Build asset version error: assets/scripts/hubscene/hubloadoutslotui.cs in SourceAssetDB has modification time of '2026-02-24T13:29:17.0065298Z' while content on disk has modification time of '2026-02-24T13:29:27.8109936Z'
  ERROR: Build asset version error: assets/scripts/hubscene/hubloadoutslotui.cs in SourceAssetDB has modification time of '2026-02-24T13:29:17.0065298Z' while content on disk has modification time of '2026-02-24T13:29:27.8109936Z'
Number of updated asset objects reloaded before import = 0Number of asset objects unloaded after import = 0

========================================================================
Received Import Request.
  Time since last request: 0.000036 seconds.
  path: Assets/Scripts/HubScene/HubLoadoutSlotUI.cs
  artifactKey: Guid(0e6c96ae7b176f645b2819eb876d017e) Importer(815301076,1909f56bfc062723c751e8b465ee728b)
Start importing Assets/Scripts/HubScene/HubLoadoutSlotUI.cs using Guid(0e6c96ae7b176f645b2819eb876d017e) Importer(815301076,1909f56bfc062723c751e8b465ee728b) (PreviewImporter) -> (artifact id: '00000000000000000000000000000000') in 0.0007981 seconds
Import Error Code:(4)
Message: Build asset version error: assets/scripts/hubscene/hubloadoutslotui.cs in SourceAssetDB has modification time of '2026-02-24T13:29:17.0065298Z' while content on disk has modification time of '2026-02-24T13:29:27.8109936Z'
  ERROR: Build asset version error: assets/scripts/hubscene/hubloadoutslotui.cs in SourceAssetDB has modification time of '2026-02-24T13:29:17.0065298Z' while content on disk has modification time of '2026-02-24T13:29:27.8109936Z'
Number of updated asset objects reloaded before import = 0Number of asset objects unloaded after import = 0

========================================================================
Received Import Request.
  Time since last request: 0.000032 seconds.
  path: Assets/Scripts/HubScene/HubLoadoutSlotUI.cs
  artifactKey: Guid(0e6c96ae7b176f645b2819eb876d017e) Importer(815301076,1909f56bfc062723c751e8b465ee728b)
Start importing Assets/Scripts/HubScene/HubLoadoutSlotUI.cs using Guid(0e6c96ae7b176f645b2819eb876d017e) Importer(815301076,1909f56bfc062723c751e8b465ee728b) (PreviewImporter) -> (artifact id: '00000000000000000000000000000000') in 0.0010051 seconds
Import Error Code:(4)
Message: Build asset version error: assets/scripts/hubscene/hubloadoutslotui.cs in SourceAssetDB has modification time of '2026-02-24T13:29:17.0065298Z' while content on disk has modification time of '2026-02-24T13:29:27.8109936Z'
  ERROR: Build asset version error: assets/scripts/hubscene/hubloadoutslotui.cs in SourceAssetDB has modification time of '2026-02-24T13:29:17.0065298Z' while content on disk has modification time of '2026-02-24T13:29:27.8109936Z'
Number of updated asset objects reloaded before import = 0Number of asset objects unloaded after import = 0

========================================================================
Received Import Request.
  Time since last request: 0.000045 seconds.
  path: Assets/Scripts/HubScene/HubLoadoutSlotUI.cs
  artifactKey: Guid(0e6c96ae7b176f645b2819eb876d017e) Importer(815301076,1909f56bfc062723c751e8b465ee728b)
Start importing Assets/Scripts/HubScene/HubLoadoutSlotUI.cs using Guid(0e6c96ae7b176f645b2819eb876d017e) Importer(815301076,1909f56bfc062723c751e8b465ee728b) (PreviewImporter) -> (artifact id: '00000000000000000000000000000000') in 0.0011499 seconds
Import Error Code:(4)
Message: Build asset version error: assets/scripts/hubscene/hubloadoutslotui.cs in SourceAssetDB has modification time of '2026-02-24T13:29:17.0065298Z' while content on disk has modification time of '2026-02-24T13:29:27.8109936Z'
  ERROR: Build asset version error: assets/scripts/hubscene/hubloadoutslotui.cs in SourceAssetDB has modification time of '2026-02-24T13:29:17.0065298Z' while content on disk has modification time of '2026-02-24T13:29:27.8109936Z'
Number of updated asset objects reloaded before import = 0Number of asset objects unloaded after import = 0

========================================================================
Received Import Request.
  Time since last request: 0.000022 seconds.
  path: Assets/Scripts/HubScene/HubLoadoutSlotUI.cs
  artifactKey: Guid(0e6c96ae7b176f645b2819eb876d017e) Importer(815301076,1909f56bfc062723c751e8b465ee728b)
Start importing Assets/Scripts/HubScene/HubLoadoutSlotUI.cs using Guid(0e6c96ae7b176f645b2819eb876d017e) Importer(815301076,1909f56bfc062723c751e8b465ee728b) (PreviewImporter) -> (artifact id: '00000000000000000000000000000000') in 0.0007464 seconds
Import Error Code:(4)
Message: Build asset version error: assets/scripts/hubscene/hubloadoutslotui.cs in SourceAssetDB has modification time of '2026-02-24T13:29:17.0065298Z' while content on disk has modification time of '2026-02-24T13:29:27.8109936Z'
  ERROR: Build asset version error: assets/scripts/hubscene/hubloadoutslotui.cs in SourceAssetDB has modification time of '2026-02-24T13:29:17.0065298Z' while content on disk has modification time of '2026-02-24T13:29:27.8109936Z'
Number of updated asset objects reloaded before import = 0Number of asset objects unloaded after import = 0

========================================================================
Received Import Request.
  Time since last request: 0.000024 seconds.
  path: Assets/Scripts/HubScene/HubLoadoutSlotUI.cs
  artifactKey: Guid(0e6c96ae7b176f645b2819eb876d017e) Importer(815301076,1909f56bfc062723c751e8b465ee728b)
Start importing Assets/Scripts/HubScene/HubLoadoutSlotUI.cs using Guid(0e6c96ae7b176f645b2819eb876d017e) Importer(815301076,1909f56bfc062723c751e8b465ee728b) (PreviewImporter) -> (artifact id: '00000000000000000000000000000000') in 0.0009081 seconds
Import Error Code:(4)
Message: Build asset version error: assets/scripts/hubscene/hubloadoutslotui.cs in SourceAssetDB has modification time of '2026-02-24T13:29:17.0065298Z' while content on disk has modification time of '2026-02-24T13:29:27.8109936Z'
  ERROR: Build asset version error: assets/scripts/hubscene/hubloadoutslotui.cs in SourceAssetDB has modification time of '2026-02-24T13:29:17.0065298Z' while content on disk has modification time of '2026-02-24T13:29:27.8109936Z'
Number of updated asset objects reloaded before import = 0Number of asset objects unloaded after import = 0

========================================================================
Received Import Request.
  Time since last request: 0.000032 seconds.
  path: Assets/Scripts/HubScene/HubLoadoutSlotUI.cs
  artifactKey: Guid(0e6c96ae7b176f645b2819eb876d017e) Importer(815301076,1909f56bfc062723c751e8b465ee728b)
Start importing Assets/Scripts/HubScene/HubLoadoutSlotUI.cs using Guid(0e6c96ae7b176f645b2819eb876d017e) Importer(815301076,1909f56bfc062723c751e8b465ee728b) (PreviewImporter) -> (artifact id: '00000000000000000000000000000000') in 0.0014683 seconds
Import Error Code:(4)
Message: Build asset version error: assets/scripts/hubscene/hubloadoutslotui.cs in SourceAssetDB has modification time of '2026-02-24T13:29:17.0065298Z' while content on disk has modification time of '2026-02-24T13:29:27.8109936Z'
  ERROR: Build asset version error: assets/scripts/hubscene/hubloadoutslotui.cs in SourceAssetDB has modification time of '2026-02-24T13:29:17.0065298Z' while content on disk has modification time of '2026-02-24T13:29:27.8109936Z'
Number of updated asset objects reloaded before import = 0Number of asset objects unloaded after import = 0

========================================================================
Received Import Request.
  Time since last request: 0.000024 seconds.
  path: Assets/Scripts/HubScene/HubLoadoutSlotUI.cs
  artifactKey: Guid(0e6c96ae7b176f645b2819eb876d017e) Importer(815301076,1909f56bfc062723c751e8b465ee728b)
Start importing Assets/Scripts/HubScene/HubLoadoutSlotUI.cs using Guid(0e6c96ae7b176f645b2819eb876d017e) Importer(815301076,1909f56bfc062723c751e8b465ee728b) (PreviewImporter) -> (artifact id: '00000000000000000000000000000000') in 0.0008933 seconds
Import Error Code:(4)
Message: Build asset version error: assets/scripts/hubscene/hubloadoutslotui.cs in SourceAssetDB has modification time of '2026-02-24T13:29:17.0065298Z' while content on disk has modification time of '2026-02-24T13:29:27.8109936Z'
  ERROR: Build asset version error: assets/scripts/hubscene/hubloadoutslotui.cs in SourceAssetDB has modification time of '2026-02-24T13:29:17.0065298Z' while content on disk has modification time of '2026-02-24T13:29:27.8109936Z'
Number of updated asset objects reloaded before import = 0Number of asset objects unloaded after import = 0

========================================================================
Received Import Request.
  Time since last request: 0.000020 seconds.
  path: Assets/Scripts/HubScene/HubLoadoutSlotUI.cs
  artifactKey: Guid(0e6c96ae7b176f645b2819eb876d017e) Importer(815301076,1909f56bfc062723c751e8b465ee728b)
Start importing Assets/Scripts/HubScene/HubLoadoutSlotUI.cs using Guid(0e6c96ae7b176f645b2819eb876d017e) Importer(815301076,1909f56bfc062723c751e8b465ee728b) (PreviewImporter) -> (artifact id: '00000000000000000000000000000000') in 0.0009403 seconds
Import Error Code:(4)
Message: Build asset version error: assets/scripts/hubscene/hubloadoutslotui.cs in SourceAssetDB has modification time of '2026-02-24T13:29:17.0065298Z' while content on disk has modification time of '2026-02-24T13:29:27.8109936Z'
  ERROR: Build asset version error: assets/scripts/hubscene/hubloadoutslotui.cs in SourceAssetDB has modification time of '2026-02-24T13:29:17.0065298Z' while content on disk has modification time of '2026-02-24T13:29:27.8109936Z'
Number of updated asset objects reloaded before import = 0Number of asset objects unloaded after import = 0

========================================================================
Received Import Request.
  Time since last request: 0.000021 seconds.
  path: Assets/Scripts/HubScene/HubLoadoutSlotUI.cs
  artifactKey: Guid(0e6c96ae7b176f645b2819eb876d017e) Importer(815301076,1909f56bfc062723c751e8b465ee728b)
Start importing Assets/Scripts/HubScene/HubLoadoutSlotUI.cs using Guid(0e6c96ae7b176f645b2819eb876d017e) Importer(815301076,1909f56bfc062723c751e8b465ee728b) (PreviewImporter) -> (artifact id: '00000000000000000000000000000000') in 0.001095 seconds
Import Error Code:(4)
Message: Build asset version error: assets/scripts/hubscene/hubloadoutslotui.cs in SourceAssetDB has modification time of '2026-02-24T13:29:17.0065298Z' while content on disk has modification time of '2026-02-24T13:29:27.8109936Z'
  ERROR: Build asset version error: assets/scripts/hubscene/hubloadoutslotui.cs in SourceAssetDB has modification time of '2026-02-24T13:29:17.0065298Z' while content on disk has modification time of '2026-02-24T13:29:27.8109936Z'
Number of updated asset objects reloaded before import = 0Number of asset objects unloaded after import = 0

========================================================================
Received Import Request.
  Time since last request: 0.000029 seconds.
  path: Assets/Scripts/HubScene/HubLoadoutSlotUI.cs
  artifactKey: Guid(0e6c96ae7b176f645b2819eb876d017e) Importer(815301076,1909f56bfc062723c751e8b465ee728b)
Start importing Assets/Scripts/HubScene/HubLoadoutSlotUI.cs using Guid(0e6c96ae7b176f645b2819eb876d017e) Importer(815301076,1909f56bfc062723c751e8b465ee728b) (PreviewImporter) -> (artifact id: '00000000000000000000000000000000') in 0.001325 seconds
Import Error Code:(4)
Message: Build asset version error: assets/scripts/hubscene/hubloadoutslotui.cs in SourceAssetDB has modification time of '2026-02-24T13:29:17.0065298Z' while content on disk has modification time of '2026-02-24T13:29:27.8109936Z'
  ERROR: Build asset version error: assets/scripts/hubscene/hubloadoutslotui.cs in SourceAssetDB has modification time of '2026-02-24T13:29:17.0065298Z' while content on disk has modification time of '2026-02-24T13:29:27.8109936Z'
Number of updated asset objects reloaded before import = 0Number of asset objects unloaded after import = 0

========================================================================
Received Import Request.
  Time since last request: 0.000034 seconds.
  path: Assets/Scripts/HubScene/HubLoadoutSlotUI.cs
  artifactKey: Guid(0e6c96ae7b176f645b2819eb876d017e) Importer(815301076,1909f56bfc062723c751e8b465ee728b)
Start importing Assets/Scripts/HubScene/HubLoadoutSlotUI.cs using Guid(0e6c96ae7b176f645b2819eb876d017e) Importer(815301076,1909f56bfc062723c751e8b465ee728b) (PreviewImporter) -> (artifact id: '00000000000000000000000000000000') in 0.0008498 seconds
Import Error Code:(4)
Message: Build asset version error: assets/scripts/hubscene/hubloadoutslotui.cs in SourceAssetDB has modification time of '2026-02-24T13:29:17.0065298Z' while content on disk has modification time of '2026-02-24T13:29:27.8109936Z'
  ERROR: Build asset version error: assets/scripts/hubscene/hubloadoutslotui.cs in SourceAssetDB has modification time of '2026-02-24T13:29:17.0065298Z' while content on disk has modification time of '2026-02-24T13:29:27.8109936Z'
Number of updated asset objects reloaded before import = 0Number of asset objects unloaded after import = 0

========================================================================
Received Import Request.
  Time since last request: 0.000022 seconds.
  path: Assets/Scripts/HubScene/HubLoadoutSlotUI.cs
  artifactKey: Guid(0e6c96ae7b176f645b2819eb876d017e) Importer(815301076,1909f56bfc062723c751e8b465ee728b)
Start importing Assets/Scripts/HubScene/HubLoadoutSlotUI.cs using Guid(0e6c96ae7b176f645b2819eb876d017e) Importer(815301076,1909f56bfc062723c751e8b465ee728b) (PreviewImporter) -> (artifact id: '00000000000000000000000000000000') in 0.0008696 seconds
Import Error Code:(4)
Message: Build asset version error: assets/scripts/hubscene/hubloadoutslotui.cs in SourceAssetDB has modification time of '2026-02-24T13:29:17.0065298Z' while content on disk has modification time of '2026-02-24T13:29:27.8109936Z'
  ERROR: Build asset version error: assets/scripts/hubscene/hubloadoutslotui.cs in SourceAssetDB has modification time of '2026-02-24T13:29:17.0065298Z' while content on disk has modification time of '2026-02-24T13:29:27.8109936Z'
Number of updated asset objects reloaded before import = 0Number of asset objects unloaded after import = 0

========================================================================
Received Import Request.
  Time since last request: 0.000039 seconds.
  path: Assets/Scripts/HubScene/HubLoadoutSlotUI.cs
  artifactKey: Guid(0e6c96ae7b176f645b2819eb876d017e) Importer(815301076,1909f56bfc062723c751e8b465ee728b)
Start importing Assets/Scripts/HubScene/HubLoadoutSlotUI.cs using Guid(0e6c96ae7b176f645b2819eb876d017e) Importer(815301076,1909f56bfc062723c751e8b465ee728b) (PreviewImporter) -> (artifact id: '00000000000000000000000000000000') in 0.0011671 seconds
Import Error Code:(4)
Message: Build asset version error: assets/scripts/hubscene/hubloadoutslotui.cs in SourceAssetDB has modification time of '2026-02-24T13:29:17.0065298Z' while content on disk has modification time of '2026-02-24T13:29:27.8109936Z'
  ERROR: Build asset version error: assets/scripts/hubscene/hubloadoutslotui.cs in SourceAssetDB has modification time of '2026-02-24T13:29:17.0065298Z' while content on disk has modification time of '2026-02-24T13:29:27.8109936Z'
Number of updated asset objects reloaded before import = 0Number of asset objects unloaded after import = 0

========================================================================
Received Import Request.
  Time since last request: 0.000023 seconds.
  path: Assets/Scripts/HubScene/HubLoadoutSlotUI.cs
  artifactKey: Guid(0e6c96ae7b176f645b2819eb876d017e) Importer(815301076,1909f56bfc062723c751e8b465ee728b)
Start importing Assets/Scripts/HubScene/HubLoadoutSlotUI.cs using Guid(0e6c96ae7b176f645b2819eb876d017e) Importer(815301076,1909f56bfc062723c751e8b465ee728b) (PreviewImporter) -> (artifact id: '00000000000000000000000000000000') in 0.000702 seconds
Import Error Code:(4)
Message: Build asset version error: assets/scripts/hubscene/hubloadoutslotui.cs in SourceAssetDB has modification time of '2026-02-24T13:29:17.0065298Z' while content on disk has modification time of '2026-02-24T13:29:27.8109936Z'
  ERROR: Build asset version error: assets/scripts/hubscene/hubloadoutslotui.cs in SourceAssetDB has modification time of '2026-02-24T13:29:17.0065298Z' while content on disk has modification time of '2026-02-24T13:29:27.8109936Z'
Number of updated asset objects reloaded before import = 0Number of asset objects unloaded after import = 0

========================================================================
Received Import Request.
  Time since last request: 0.000027 seconds.
  path: Assets/Scripts/HubScene/HubLoadoutSlotUI.cs
  artifactKey: Guid(0e6c96ae7b176f645b2819eb876d017e) Importer(815301076,1909f56bfc062723c751e8b465ee728b)
Start importing Assets/Scripts/HubScene/HubLoadoutSlotUI.cs using Guid(0e6c96ae7b176f645b2819eb876d017e) Importer(815301076,1909f56bfc062723c751e8b465ee728b) (PreviewImporter) -> (artifact id: '00000000000000000000000000000000') in 0.0012764 seconds
Import Error Code:(4)
Message: Build asset version error: assets/scripts/hubscene/hubloadoutslotui.cs in SourceAssetDB has modification time of '2026-02-24T13:29:17.0065298Z' while content on disk has modification time of '2026-02-24T13:29:27.8109936Z'
  ERROR: Build asset version error: assets/scripts/hubscene/hubloadoutslotui.cs in SourceAssetDB has modification time of '2026-02-24T13:29:17.0065298Z' while content on disk has modification time of '2026-02-24T13:29:27.8109936Z'
Number of updated asset objects reloaded before import = 0Number of asset objects unloaded after import = 0

========================================================================
Received Import Request.
  Time since last request: 0.000037 seconds.
  path: Assets/Scripts/HubScene/HubLoadoutSlotUI.cs
  artifactKey: Guid(0e6c96ae7b176f645b2819eb876d017e) Importer(815301076,1909f56bfc062723c751e8b465ee728b)
Start importing Assets/Scripts/HubScene/HubLoadoutSlotUI.cs using Guid(0e6c96ae7b176f645b2819eb876d017e) Importer(815301076,1909f56bfc062723c751e8b465ee728b) (PreviewImporter) -> (artifact id: '00000000000000000000000000000000') in 0.0008906 seconds
Import Error Code:(4)
Message: Build asset version error: assets/scripts/hubscene/hubloadoutslotui.cs in SourceAssetDB has modification time of '2026-02-24T13:29:17.0065298Z' while content on disk has modification time of '2026-02-24T13:29:27.8109936Z'
  ERROR: Build asset version error: assets/scripts/hubscene/hubloadoutslotui.cs in SourceAssetDB has modification time of '2026-02-24T13:29:17.0065298Z' while content on disk has modification time of '2026-02-24T13:29:27.8109936Z'
Number of updated asset objects reloaded before import = 0Number of asset objects unloaded after import = 0

========================================================================
Received Import Request.
  Time since last request: 0.000021 seconds.
  path: Assets/Scripts/HubScene/HubLoadoutSlotUI.cs
  artifactKey: Guid(0e6c96ae7b176f645b2819eb876d017e) Importer(815301076,1909f56bfc062723c751e8b465ee728b)
Start importing Assets/Scripts/HubScene/HubLoadoutSlotUI.cs using Guid(0e6c96ae7b176f645b2819eb876d017e) Importer(815301076,1909f56bfc062723c751e8b465ee728b) (PreviewImporter) -> (artifact id: '00000000000000000000000000000000') in 0.0011083 seconds
Import Error Code:(4)
Message: Build asset version error: assets/scripts/hubscene/hubloadoutslotui.cs in SourceAssetDB has modification time of '2026-02-24T13:29:17.0065298Z' while content on disk has modification time of '2026-02-24T13:29:27.8109936Z'
  ERROR: Build asset version error: assets/scripts/hubscene/hubloadoutslotui.cs in SourceAssetDB has modification time of '2026-02-24T13:29:17.0065298Z' while content on disk has modification time of '2026-02-24T13:29:27.8109936Z'
Number of updated asset objects reloaded before import = 0Number of asset objects unloaded after import = 0

========================================================================
Received Import Request.
  Time since last request: 0.000025 seconds.
  path: Assets/Scripts/HubScene/HubLoadoutSlotUI.cs
  artifactKey: Guid(0e6c96ae7b176f645b2819eb876d017e) Importer(815301076,1909f56bfc062723c751e8b465ee728b)
Start importing Assets/Scripts/HubScene/HubLoadoutSlotUI.cs using Guid(0e6c96ae7b176f645b2819eb876d017e) Importer(815301076,1909f56bfc062723c751e8b465ee728b) (PreviewImporter) -> (artifact id: '00000000000000000000000000000000') in 0.0009978 seconds
Import Error Code:(4)
Message: Build asset version error: assets/scripts/hubscene/hubloadoutslotui.cs in SourceAssetDB has modification time of '2026-02-24T13:29:17.0065298Z' while content on disk has modification time of '2026-02-24T13:29:27.8109936Z'
  ERROR: Build asset version error: assets/scripts/hubscene/hubloadoutslotui.cs in SourceAssetDB has modification time of '2026-02-24T13:29:17.0065298Z' while content on disk has modification time of '2026-02-24T13:29:27.8109936Z'
Number of updated asset objects reloaded before import = 0Number of asset objects unloaded after import = 0

========================================================================
Received Import Request.
  Time since last request: 0.000023 seconds.
  path: Assets/Scripts/HubScene/HubLoadoutSlotUI.cs
  artifactKey: Guid(0e6c96ae7b176f645b2819eb876d017e) Importer(815301076,1909f56bfc062723c751e8b465ee728b)
Start importing Assets/Scripts/HubScene/HubLoadoutSlotUI.cs using Guid(0e6c96ae7b176f645b2819eb876d017e) Importer(815301076,1909f56bfc062723c751e8b465ee728b) (PreviewImporter) -> (artifact id: '00000000000000000000000000000000') in 0.000926 seconds
Import Error Code:(4)
Message: Build asset version error: assets/scripts/hubscene/hubloadoutslotui.cs in SourceAssetDB has modification time of '2026-02-24T13:29:17.0065298Z' while content on disk has modification time of '2026-02-24T13:29:27.8109936Z'
  ERROR: Build asset version error: assets/scripts/hubscene/hubloadoutslotui.cs in SourceAssetDB has modification time of '2026-02-24T13:29:17.0065298Z' while content on disk has modification time of '2026-02-24T13:29:27.8109936Z'
Number of updated asset objects reloaded before import = 0Number of asset objects unloaded after import = 0

========================================================================
Received Import Request.
  Time since last request: 0.000026 seconds.
  path: Assets/Scripts/HubScene/HubLoadoutSlotUI.cs
  artifactKey: Guid(0e6c96ae7b176f645b2819eb876d017e) Importer(815301076,1909f56bfc062723c751e8b465ee728b)
Start importing Assets/Scripts/HubScene/HubLoadoutSlotUI.cs using Guid(0e6c96ae7b176f645b2819eb876d017e) Importer(815301076,1909f56bfc062723c751e8b465ee728b) (PreviewImporter) -> (artifact id: '00000000000000000000000000000000') in 0.0010342 seconds
Import Error Code:(4)
Message: Build asset version error: assets/scripts/hubscene/hubloadoutslotui.cs in SourceAssetDB has modification time of '2026-02-24T13:29:17.0065298Z' while content on disk has modification time of '2026-02-24T13:29:27.8109936Z'
  ERROR: Build asset version error: assets/scripts/hubscene/hubloadoutslotui.cs in SourceAssetDB has modification time of '2026-02-24T13:29:17.0065298Z' while content on disk has modification time of '2026-02-24T13:29:27.8109936Z'
Number of updated asset objects reloaded before import = 0Number of asset objects unloaded after import = 0

========================================================================
Received Import Request.
  Time since last request: 0.000042 seconds.
  path: Assets/Scripts/HubScene/HubLoadoutSlotUI.cs
  artifactKey: Guid(0e6c96ae7b176f645b2819eb876d017e) Importer(815301076,1909f56bfc062723c751e8b465ee728b)
Start importing Assets/Scripts/HubScene/HubLoadoutSlotUI.cs using Guid(0e6c96ae7b176f645b2819eb876d017e) Importer(815301076,1909f56bfc062723c751e8b465ee728b) (PreviewImporter) -> (artifact id: '00000000000000000000000000000000') in 0.0011497 seconds
Import Error Code:(4)
Message: Build asset version error: assets/scripts/hubscene/hubloadoutslotui.cs in SourceAssetDB has modification time of '2026-02-24T13:29:17.0065298Z' while content on disk has modification time of '2026-02-24T13:29:27.8109936Z'
  ERROR: Build asset version error: assets/scripts/hubscene/hubloadoutslotui.cs in SourceAssetDB has modification time of '2026-02-24T13:29:17.0065298Z' while content on disk has modification time of '2026-02-24T13:29:27.8109936Z'
Number of updated asset objects reloaded before import = 0Number of asset objects unloaded after import = 0

========================================================================
Received Import Request.
  Time since last request: 0.000027 seconds.
  path: Assets/Scripts/HubScene/HubLoadoutSlotUI.cs
  artifactKey: Guid(0e6c96ae7b176f645b2819eb876d017e) Importer(815301076,1909f56bfc062723c751e8b465ee728b)
Start importing Assets/Scripts/HubScene/HubLoadoutSlotUI.cs using Guid(0e6c96ae7b176f645b2819eb876d017e) Importer(815301076,1909f56bfc062723c751e8b465ee728b) (PreviewImporter) -> (artifact id: '00000000000000000000000000000000') in 0.0008436 seconds
Import Error Code:(4)
Message: Build asset version error: assets/scripts/hubscene/hubloadoutslotui.cs in SourceAssetDB has modification time of '2026-02-24T13:29:17.0065298Z' while content on disk has modification time of '2026-02-24T13:29:27.8109936Z'
  ERROR: Build asset version error: assets/scripts/hubscene/hubloadoutslotui.cs in SourceAssetDB has modification time of '2026-02-24T13:29:17.0065298Z' while content on disk has modification time of '2026-02-24T13:29:27.8109936Z'
Number of updated asset objects reloaded before import = 0Number of asset objects unloaded after import = 0

========================================================================
Received Import Request.
  Time since last request: 0.000022 seconds.
  path: Assets/Scripts/HubScene/HubLoadoutSlotUI.cs
  artifactKey: Guid(0e6c96ae7b176f645b2819eb876d017e) Importer(815301076,1909f56bfc062723c751e8b465ee728b)
Start importing Assets/Scripts/HubScene/HubLoadoutSlotUI.cs using Guid(0e6c96ae7b176f645b2819eb876d017e) Importer(815301076,1909f56bfc062723c751e8b465ee728b) (PreviewImporter) -> (artifact id: '00000000000000000000000000000000') in 0.0008146 seconds
Import Error Code:(4)
Message: Build asset version error: assets/scripts/hubscene/hubloadoutslotui.cs in SourceAssetDB has modification time of '2026-02-24T13:29:17.0065298Z' while content on disk has modification time of '2026-02-24T13:29:27.8109936Z'
  ERROR: Build asset version error: assets/scripts/hubscene/hubloadoutslotui.cs in SourceAssetDB has modification time of '2026-02-24T13:29:17.0065298Z' while content on disk has modification time of '2026-02-24T13:29:27.8109936Z'
Number of updated asset objects reloaded before import = 0Number of asset objects unloaded after import = 0

========================================================================
Received Import Request.
  Time since last request: 0.000037 seconds.
  path: Assets/Scripts/HubScene/HubLoadoutSlotUI.cs
  artifactKey: Guid(0e6c96ae7b176f645b2819eb876d017e) Importer(815301076,1909f56bfc062723c751e8b465ee728b)
Start importing Assets/Scripts/HubScene/HubLoadoutSlotUI.cs using Guid(0e6c96ae7b176f645b2819eb876d017e) Importer(815301076,1909f56bfc062723c751e8b465ee728b) (PreviewImporter) -> (artifact id: '00000000000000000000000000000000') in 0.0009216 seconds
Import Error Code:(4)
Message: Build asset version error: assets/scripts/hubscene/hubloadoutslotui.cs in SourceAssetDB has modification time of '2026-02-24T13:29:17.0065298Z' while content on disk has modification time of '2026-02-24T13:29:27.8109936Z'
  ERROR: Build asset version error: assets/scripts/hubscene/hubloadoutslotui.cs in SourceAssetDB has modification time of '2026-02-24T13:29:17.0065298Z' while content on disk has modification time of '2026-02-24T13:29:27.8109936Z'
Number of updated asset objects reloaded before import = 0Number of asset objects unloaded after import = 0

========================================================================
Received Import Request.
  Time since last request: 0.000037 seconds.
  path: Assets/Scripts/HubScene/HubLoadoutSlotUI.cs
  artifactKey: Guid(0e6c96ae7b176f645b2819eb876d017e) Importer(815301076,1909f56bfc062723c751e8b465ee728b)
Start importing Assets/Scripts/HubScene/HubLoadoutSlotUI.cs using Guid(0e6c96ae7b176f645b2819eb876d017e) Importer(815301076,1909f56bfc062723c751e8b465ee728b) (PreviewImporter) -> (artifact id: '00000000000000000000000000000000') in 0.0010731 seconds
Import Error Code:(4)
Message: Build asset version error: assets/scripts/hubscene/hubloadoutslotui.cs in SourceAssetDB has modification time of '2026-02-24T13:29:17.0065298Z' while content on disk has modification time of '2026-02-24T13:29:27.8109936Z'
  ERROR: Build asset version error: assets/scripts/hubscene/hubloadoutslotui.cs in SourceAssetDB has modification time of '2026-02-24T13:29:17.0065298Z' while content on disk has modification time of '2026-02-24T13:29:27.8109936Z'
Number of updated asset objects reloaded before import = 0Number of asset objects unloaded after import = 0

========================================================================
Received Import Request.
  Time since last request: 0.000035 seconds.
  path: Assets/Scripts/HubScene/HubLoadoutSlotUI.cs
  artifactKey: Guid(0e6c96ae7b176f645b2819eb876d017e) Importer(815301076,1909f56bfc062723c751e8b465ee728b)
Start importing Assets/Scripts/HubScene/HubLoadoutSlotUI.cs using Guid(0e6c96ae7b176f645b2819eb876d017e) Importer(815301076,1909f56bfc062723c751e8b465ee728b) (PreviewImporter) -> (artifact id: '00000000000000000000000000000000') in 0.0013162 seconds
Import Error Code:(4)
Message: Build asset version error: assets/scripts/hubscene/hubloadoutslotui.cs in SourceAssetDB has modification time of '2026-02-24T13:29:17.0065298Z' while content on disk has modification time of '2026-02-24T13:29:27.8109936Z'
  ERROR: Build asset version error: assets/scripts/hubscene/hubloadoutslotui.cs in SourceAssetDB has modification time of '2026-02-24T13:29:17.0065298Z' while content on disk has modification time of '2026-02-24T13:29:27.8109936Z'
Number of updated asset objects reloaded before import = 0Number of asset objects unloaded after import = 0

========================================================================
Received Import Request.
  Time since last request: 0.000035 seconds.
  path: Assets/Scripts/HubScene/HubLoadoutSlotUI.cs
  artifactKey: Guid(0e6c96ae7b176f645b2819eb876d017e) Importer(815301076,1909f56bfc062723c751e8b465ee728b)
Start importing Assets/Scripts/HubScene/HubLoadoutSlotUI.cs using Guid(0e6c96ae7b176f645b2819eb876d017e) Importer(815301076,1909f56bfc062723c751e8b465ee728b) (PreviewImporter) -> (artifact id: '00000000000000000000000000000000') in 0.0010953 seconds
Import Error Code:(4)
Message: Build asset version error: assets/scripts/hubscene/hubloadoutslotui.cs in SourceAssetDB has modification time of '2026-02-24T13:29:17.0065298Z' while content on disk has modification time of '2026-02-24T13:29:27.8109936Z'
  ERROR: Build asset version error: assets/scripts/hubscene/hubloadoutslotui.cs in SourceAssetDB has modification time of '2026-02-24T13:29:17.0065298Z' while content on disk has modification time of '2026-02-24T13:29:27.8109936Z'
Number of updated asset objects reloaded before import = 0Number of asset objects unloaded after import = 0

========================================================================
Received Import Request.
  Time since last request: 0.000032 seconds.
  path: Assets/Scripts/HubScene/HubLoadoutSlotUI.cs
  artifactKey: Guid(0e6c96ae7b176f645b2819eb876d017e) Importer(815301076,1909f56bfc062723c751e8b465ee728b)
Start importing Assets/Scripts/HubScene/HubLoadoutSlotUI.cs using Guid(0e6c96ae7b176f645b2819eb876d017e) Importer(815301076,1909f56bfc062723c751e8b465ee728b) (PreviewImporter) -> (artifact id: '00000000000000000000000000000000') in 0.0008701 seconds
Import Error Code:(4)
Message: Build asset version error: assets/scripts/hubscene/hubloadoutslotui.cs in SourceAssetDB has modification time of '2026-02-24T13:29:17.0065298Z' while content on disk has modification time of '2026-02-24T13:29:27.8109936Z'
  ERROR: Build asset version error: assets/scripts/hubscene/hubloadoutslotui.cs in SourceAssetDB has modification time of '2026-02-24T13:29:17.0065298Z' while content on disk has modification time of '2026-02-24T13:29:27.8109936Z'
Number of updated asset objects reloaded before import = 0Number of asset objects unloaded after import = 0

========================================================================
Received Import Request.
  Time since last request: 0.000024 seconds.
  path: Assets/Scripts/HubScene/HubLoadoutSlotUI.cs
  artifactKey: Guid(0e6c96ae7b176f645b2819eb876d017e) Importer(815301076,1909f56bfc062723c751e8b465ee728b)
Start importing Assets/Scripts/HubScene/HubLoadoutSlotUI.cs using Guid(0e6c96ae7b176f645b2819eb876d017e) Importer(815301076,1909f56bfc062723c751e8b465ee728b) (PreviewImporter) -> (artifact id: '00000000000000000000000000000000') in 0.001104 seconds
Import Error Code:(4)
Message: Build asset version error: assets/scripts/hubscene/hubloadoutslotui.cs in SourceAssetDB has modification time of '2026-02-24T13:29:17.0065298Z' while content on disk has modification time of '2026-02-24T13:29:27.8109936Z'
  ERROR: Build asset version error: assets/scripts/hubscene/hubloadoutslotui.cs in SourceAssetDB has modification time of '2026-02-24T13:29:17.0065298Z' while content on disk has modification time of '2026-02-24T13:29:27.8109936Z'
Number of updated asset objects reloaded before import = 0Number of asset objects unloaded after import = 0

========================================================================
Received Import Request.
  Time since last request: 0.000032 seconds.
  path: Assets/Scripts/HubScene/HubLoadoutSlotUI.cs
  artifactKey: Guid(0e6c96ae7b176f645b2819eb876d017e) Importer(815301076,1909f56bfc062723c751e8b465ee728b)
Start importing Assets/Scripts/HubScene/HubLoadoutSlotUI.cs using Guid(0e6c96ae7b176f645b2819eb876d017e) Importer(815301076,1909f56bfc062723c751e8b465ee728b) (PreviewImporter) -> (artifact id: '00000000000000000000000000000000') in 0.0010381 seconds
Import Error Code:(4)
Message: Build asset version error: assets/scripts/hubscene/hubloadoutslotui.cs in SourceAssetDB has modification time of '2026-02-24T13:29:17.0065298Z' while content on disk has modification time of '2026-02-24T13:29:27.8109936Z'
  ERROR: Build asset version error: assets/scripts/hubscene/hubloadoutslotui.cs in SourceAssetDB has modification time of '2026-02-24T13:29:17.0065298Z' while content on disk has modification time of '2026-02-24T13:29:27.8109936Z'
Number of updated asset objects reloaded before import = 0Number of asset objects unloaded after import = 0

========================================================================
Received Import Request.
  Time since last request: 0.000055 seconds.
  path: Assets/Scripts/HubScene/HubLoadoutSlotUI.cs
  artifactKey: Guid(0e6c96ae7b176f645b2819eb876d017e) Importer(815301076,1909f56bfc062723c751e8b465ee728b)
Start importing Assets/Scripts/HubScene/HubLoadoutSlotUI.cs using Guid(0e6c96ae7b176f645b2819eb876d017e) Importer(815301076,1909f56bfc062723c751e8b465ee728b) (PreviewImporter) -> (artifact id: '00000000000000000000000000000000') in 0.0008808 seconds
Import Error Code:(4)
Message: Build asset version error: assets/scripts/hubscene/hubloadoutslotui.cs in SourceAssetDB has modification time of '2026-02-24T13:29:17.0065298Z' while content on disk has modification time of '2026-02-24T13:29:27.8109936Z'
  ERROR: Build asset version error: assets/scripts/hubscene/hubloadoutslotui.cs in SourceAssetDB has modification time of '2026-02-24T13:29:17.0065298Z' while content on disk has modification time of '2026-02-24T13:29:27.8109936Z'
Number of updated asset objects reloaded before import = 0Number of asset objects unloaded after import = 0

========================================================================
Received Import Request.
  Time since last request: 0.000019 seconds.
  path: Assets/Scripts/HubScene/HubLoadoutSlotUI.cs
  artifactKey: Guid(0e6c96ae7b176f645b2819eb876d017e) Importer(815301076,1909f56bfc062723c751e8b465ee728b)
Start importing Assets/Scripts/HubScene/HubLoadoutSlotUI.cs using Guid(0e6c96ae7b176f645b2819eb876d017e) Importer(815301076,1909f56bfc062723c751e8b465ee728b) (PreviewImporter) -> (artifact id: '00000000000000000000000000000000') in 0.0007148 seconds
Import Error Code:(4)
Message: Build asset version error: assets/scripts/hubscene/hubloadoutslotui.cs in SourceAssetDB has modification time of '2026-02-24T13:29:17.0065298Z' while content on disk has modification time of '2026-02-24T13:29:27.8109936Z'
  ERROR: Build asset version error: assets/scripts/hubscene/hubloadoutslotui.cs in SourceAssetDB has modification time of '2026-02-24T13:29:17.0065298Z' while content on disk has modification time of '2026-02-24T13:29:27.8109936Z'
Number of updated asset objects reloaded before import = 0Number of asset objects unloaded after import = 0

========================================================================
Received Import Request.
  Time since last request: 0.000023 seconds.
  path: Assets/Scripts/HubScene/HubLoadoutSlotUI.cs
  artifactKey: Guid(0e6c96ae7b176f645b2819eb876d017e) Importer(815301076,1909f56bfc062723c751e8b465ee728b)
Start importing Assets/Scripts/HubScene/HubLoadoutSlotUI.cs using Guid(0e6c96ae7b176f645b2819eb876d017e) Importer(815301076,1909f56bfc062723c751e8b465ee728b) (PreviewImporter) -> (artifact id: '00000000000000000000000000000000') in 0.0012101 seconds
Import Error Code:(4)
Message: Build asset version error: assets/scripts/hubscene/hubloadoutslotui.cs in SourceAssetDB has modification time of '2026-02-24T13:29:17.0065298Z' while content on disk has modification time of '2026-02-24T13:29:27.8109936Z'
  ERROR: Build asset version error: assets/scripts/hubscene/hubloadoutslotui.cs in SourceAssetDB has modification time of '2026-02-24T13:29:17.0065298Z' while content on disk has modification time of '2026-02-24T13:29:27.8109936Z'
Number of updated asset objects reloaded before import = 0Number of asset objects unloaded after import = 0

========================================================================
Received Import Request.
  Time since last request: 0.000023 seconds.
  path: Assets/Scripts/HubScene/HubLoadoutSlotUI.cs
  artifactKey: Guid(0e6c96ae7b176f645b2819eb876d017e) Importer(815301076,1909f56bfc062723c751e8b465ee728b)
Start importing Assets/Scripts/HubScene/HubLoadoutSlotUI.cs using Guid(0e6c96ae7b176f645b2819eb876d017e) Importer(815301076,1909f56bfc062723c751e8b465ee728b) (PreviewImporter) -> (artifact id: '00000000000000000000000000000000') in 0.0008048 seconds
Import Error Code:(4)
Message: Build asset version error: assets/scripts/hubscene/hubloadoutslotui.cs in SourceAssetDB has modification time of '2026-02-24T13:29:17.0065298Z' while content on disk has modification time of '2026-02-24T13:29:27.8109936Z'
  ERROR: Build asset version error: assets/scripts/hubscene/hubloadoutslotui.cs in SourceAssetDB has modification time of '2026-02-24T13:29:17.0065298Z' while content on disk has modification time of '2026-02-24T13:29:27.8109936Z'
Number of updated asset objects reloaded before import = 0Number of asset objects unloaded after import = 0

========================================================================
Received Import Request.
  Time since last request: 0.000038 seconds.
  path: Assets/Scripts/HubScene/HubLoadoutSlotUI.cs
  artifactKey: Guid(0e6c96ae7b176f645b2819eb876d017e) Importer(815301076,1909f56bfc062723c751e8b465ee728b)
Start importing Assets/Scripts/HubScene/HubLoadoutSlotUI.cs using Guid(0e6c96ae7b176f645b2819eb876d017e) Importer(815301076,1909f56bfc062723c751e8b465ee728b) (PreviewImporter) -> (artifact id: '00000000000000000000000000000000') in 0.0008243 seconds
Import Error Code:(4)
Message: Build asset version error: assets/scripts/hubscene/hubloadoutslotui.cs in SourceAssetDB has modification time of '2026-02-24T13:29:17.0065298Z' while content on disk has modification time of '2026-02-24T13:29:27.8109936Z'
  ERROR: Build asset version error: assets/scripts/hubscene/hubloadoutslotui.cs in SourceAssetDB has modification time of '2026-02-24T13:29:17.0065298Z' while content on disk has modification time of '2026-02-24T13:29:27.8109936Z'
Number of updated asset objects reloaded before import = 0Number of asset objects unloaded after import = 0

========================================================================
Received Import Request.
  Time since last request: 0.000023 seconds.
  path: Assets/Scripts/HubScene/HubLoadoutSlotUI.cs
  artifactKey: Guid(0e6c96ae7b176f645b2819eb876d017e) Importer(815301076,1909f56bfc062723c751e8b465ee728b)
Start importing Assets/Scripts/HubScene/HubLoadoutSlotUI.cs using Guid(0e6c96ae7b176f645b2819eb876d017e) Importer(815301076,1909f56bfc062723c751e8b465ee728b) (PreviewImporter) -> (artifact id: '00000000000000000000000000000000') in 0.0009186 seconds
Import Error Code:(4)
Message: Build asset version error: assets/scripts/hubscene/hubloadoutslotui.cs in SourceAssetDB has modification time of '2026-02-24T13:29:17.0065298Z' while content on disk has modification time of '2026-02-24T13:29:27.8109936Z'
  ERROR: Build asset version error: assets/scripts/hubscene/hubloadoutslotui.cs in SourceAssetDB has modification time of '2026-02-24T13:29:17.0065298Z' while content on disk has modification time of '2026-02-24T13:29:27.8109936Z'
Number of updated asset objects reloaded before import = 0Number of asset objects unloaded after import = 0

========================================================================
Received Import Request.
  Time since last request: 0.000032 seconds.
  path: Assets/Scripts/HubScene/HubLoadoutSlotUI.cs
  artifactKey: Guid(0e6c96ae7b176f645b2819eb876d017e) Importer(815301076,1909f56bfc062723c751e8b465ee728b)
Start importing Assets/Scripts/HubScene/HubLoadoutSlotUI.cs using Guid(0e6c96ae7b176f645b2819eb876d017e) Importer(815301076,1909f56bfc062723c751e8b465ee728b) (PreviewImporter) -> (artifact id: '00000000000000000000000000000000') in 0.0012527 seconds
Import Error Code:(4)
Message: Build asset version error: assets/scripts/hubscene/hubloadoutslotui.cs in SourceAssetDB has modification time of '2026-02-24T13:29:17.0065298Z' while content on disk has modification time of '2026-02-24T13:29:27.8109936Z'
  ERROR: Build asset version error: assets/scripts/hubscene/hubloadoutslotui.cs in SourceAssetDB has modification time of '2026-02-24T13:29:17.0065298Z' while content on disk has modification time of '2026-02-24T13:29:27.8109936Z'
Number of updated asset objects reloaded before import = 0Number of asset objects unloaded after import = 0

========================================================================
Received Import Request.
  Time since last request: 0.000025 seconds.
  path: Assets/Scripts/HubScene/HubLoadoutSlotUI.cs
  artifactKey: Guid(0e6c96ae7b176f645b2819eb876d017e) Importer(815301076,1909f56bfc062723c751e8b465ee728b)
Start importing Assets/Scripts/HubScene/HubLoadoutSlotUI.cs using Guid(0e6c96ae7b176f645b2819eb876d017e) Importer(815301076,1909f56bfc062723c751e8b465ee728b) (PreviewImporter) -> (artifact id: '00000000000000000000000000000000') in 0.0011937 seconds
Import Error Code:(4)
Message: Build asset version error: assets/scripts/hubscene/hubloadoutslotui.cs in SourceAssetDB has modification time of '2026-02-24T13:29:17.0065298Z' while content on disk has modification time of '2026-02-24T13:29:27.8109936Z'
  ERROR: Build asset version error: assets/scripts/hubscene/hubloadoutslotui.cs in SourceAssetDB has modification time of '2026-02-24T13:29:17.0065298Z' while content on disk has modification time of '2026-02-24T13:29:27.8109936Z'
Number of updated asset objects reloaded before import = 0Number of asset objects unloaded after import = 0

========================================================================
Received Import Request.
  Time since last request: 0.000033 seconds.
  path: Assets/Scripts/HubScene/HubLoadoutSlotUI.cs
  artifactKey: Guid(0e6c96ae7b176f645b2819eb876d017e) Importer(815301076,1909f56bfc062723c751e8b465ee728b)
Start importing Assets/Scripts/HubScene/HubLoadoutSlotUI.cs using Guid(0e6c96ae7b176f645b2819eb876d017e) Importer(815301076,1909f56bfc062723c751e8b465ee728b) (PreviewImporter) -> (artifact id: '00000000000000000000000000000000') in 0.0011714 seconds
Import Error Code:(4)
Message: Build asset version error: assets/scripts/hubscene/hubloadoutslotui.cs in SourceAssetDB has modification time of '2026-02-24T13:29:17.0065298Z' while content on disk has modification time of '2026-02-24T13:29:27.8109936Z'
  ERROR: Build asset version error: assets/scripts/hubscene/hubloadoutslotui.cs in SourceAssetDB has modification time of '2026-02-24T13:29:17.0065298Z' while content on disk has modification time of '2026-02-24T13:29:27.8109936Z'
Number of updated asset objects reloaded before import = 0Number of asset objects unloaded after import = 0

========================================================================
Received Import Request.
  Time since last request: 0.000022 seconds.
  path: Assets/Scripts/HubScene/HubLoadoutSlotUI.cs
  artifactKey: Guid(0e6c96ae7b176f645b2819eb876d017e) Importer(815301076,1909f56bfc062723c751e8b465ee728b)
Start importing Assets/Scripts/HubScene/HubLoadoutSlotUI.cs using Guid(0e6c96ae7b176f645b2819eb876d017e) Importer(815301076,1909f56bfc062723c751e8b465ee728b) (PreviewImporter) -> (artifact id: '00000000000000000000000000000000') in 0.0010344 seconds
Import Error Code:(4)
Message: Build asset version error: assets/scripts/hubscene/hubloadoutslotui.cs in SourceAssetDB has modification time of '2026-02-24T13:29:17.0065298Z' while content on disk has modification time of '2026-02-24T13:29:27.8109936Z'
  ERROR: Build asset version error: assets/scripts/hubscene/hubloadoutslotui.cs in SourceAssetDB has modification time of '2026-02-24T13:29:17.0065298Z' while content on disk has modification time of '2026-02-24T13:29:27.8109936Z'
Number of updated asset objects reloaded before import = 0Number of asset objects unloaded after import = 0

========================================================================
Received Import Request.
  Time since last request: 0.000021 seconds.
  path: Assets/Scripts/HubScene/HubLoadoutSlotUI.cs
  artifactKey: Guid(0e6c96ae7b176f645b2819eb876d017e) Importer(815301076,1909f56bfc062723c751e8b465ee728b)
Start importing Assets/Scripts/HubScene/HubLoadoutSlotUI.cs using Guid(0e6c96ae7b176f645b2819eb876d017e) Importer(815301076,1909f56bfc062723c751e8b465ee728b) (PreviewImporter) -> (artifact id: '00000000000000000000000000000000') in 0.0008366 seconds
Import Error Code:(4)
Message: Build asset version error: assets/scripts/hubscene/hubloadoutslotui.cs in SourceAssetDB has modification time of '2026-02-24T13:29:17.0065298Z' while content on disk has modification time of '2026-02-24T13:29:27.8109936Z'
  ERROR: Build asset version error: assets/scripts/hubscene/hubloadoutslotui.cs in SourceAssetDB has modification time of '2026-02-24T13:29:17.0065298Z' while content on disk has modification time of '2026-02-24T13:29:27.8109936Z'
Number of updated asset objects reloaded before import = 0Number of asset objects unloaded after import = 0

========================================================================
Received Import Request.
  Time since last request: 0.000023 seconds.
  path: Assets/Scripts/HubScene/HubLoadoutSlotUI.cs
  artifactKey: Guid(0e6c96ae7b176f645b2819eb876d017e) Importer(815301076,1909f56bfc062723c751e8b465ee728b)
Start importing Assets/Scripts/HubScene/HubLoadoutSlotUI.cs using Guid(0e6c96ae7b176f645b2819eb876d017e) Importer(815301076,1909f56bfc062723c751e8b465ee728b) (PreviewImporter) -> (artifact id: '00000000000000000000000000000000') in 0.0009566 seconds
Import Error Code:(4)
Message: Build asset version error: assets/scripts/hubscene/hubloadoutslotui.cs in SourceAssetDB has modification time of '2026-02-24T13:29:17.0065298Z' while content on disk has modification time of '2026-02-24T13:29:27.8109936Z'
  ERROR: Build asset version error: assets/scripts/hubscene/hubloadoutslotui.cs in SourceAssetDB has modification time of '2026-02-24T13:29:17.0065298Z' while content on disk has modification time of '2026-02-24T13:29:27.8109936Z'
Number of updated asset objects reloaded before import = 0Number of asset objects unloaded after import = 0

========================================================================
Received Import Request.
  Time since last request: 0.000026 seconds.
  path: Assets/Scripts/HubScene/HubLoadoutSlotUI.cs
  artifactKey: Guid(0e6c96ae7b176f645b2819eb876d017e) Importer(815301076,1909f56bfc062723c751e8b465ee728b)
Start importing Assets/Scripts/HubScene/HubLoadoutSlotUI.cs using Guid(0e6c96ae7b176f645b2819eb876d017e) Importer(815301076,1909f56bfc062723c751e8b465ee728b) (PreviewImporter) -> (artifact id: '00000000000000000000000000000000') in 0.0009761 seconds
Import Error Code:(4)
Message: Build asset version error: assets/scripts/hubscene/hubloadoutslotui.cs in SourceAssetDB has modification time of '2026-02-24T13:29:17.0065298Z' while content on disk has modification time of '2026-02-24T13:29:27.8109936Z'
  ERROR: Build asset version error: assets/scripts/hubscene/hubloadoutslotui.cs in SourceAssetDB has modification time of '2026-02-24T13:29:17.0065298Z' while content on disk has modification time of '2026-02-24T13:29:27.8109936Z'
Number of updated asset objects reloaded before import = 0Number of asset objects unloaded after import = 0

========================================================================
Received Import Request.
  Time since last request: 0.000056 seconds.
  path: Assets/Scripts/HubScene/HubLoadoutSlotUI.cs
  artifactKey: Guid(0e6c96ae7b176f645b2819eb876d017e) Importer(815301076,1909f56bfc062723c751e8b465ee728b)
Start importing Assets/Scripts/HubScene/HubLoadoutSlotUI.cs using Guid(0e6c96ae7b176f645b2819eb876d017e) Importer(815301076,1909f56bfc062723c751e8b465ee728b) (PreviewImporter) -> (artifact id: '00000000000000000000000000000000') in 0.0007432 seconds
Import Error Code:(4)
Message: Build asset version error: assets/scripts/hubscene/hubloadoutslotui.cs in SourceAssetDB has modification time of '2026-02-24T13:29:17.0065298Z' while content on disk has modification time of '2026-02-24T13:29:27.8109936Z'
  ERROR: Build asset version error: assets/scripts/hubscene/hubloadoutslotui.cs in SourceAssetDB has modification time of '2026-02-24T13:29:17.0065298Z' while content on disk has modification time of '2026-02-24T13:29:27.8109936Z'
Number of updated asset objects reloaded before import = 0Number of asset objects unloaded after import = 0

========================================================================
Received Import Request.
  Time since last request: 0.000023 seconds.
  path: Assets/Scripts/HubScene/HubLoadoutSlotUI.cs
  artifactKey: Guid(0e6c96ae7b176f645b2819eb876d017e) Importer(815301076,1909f56bfc062723c751e8b465ee728b)
Start importing Assets/Scripts/HubScene/HubLoadoutSlotUI.cs using Guid(0e6c96ae7b176f645b2819eb876d017e) Importer(815301076,1909f56bfc062723c751e8b465ee728b) (PreviewImporter) -> (artifact id: '00000000000000000000000000000000') in 0.0008131 seconds
Import Error Code:(4)
Message: Build asset version error: assets/scripts/hubscene/hubloadoutslotui.cs in SourceAssetDB has modification time of '2026-02-24T13:29:17.0065298Z' while content on disk has modification time of '2026-02-24T13:29:27.8109936Z'
  ERROR: Build asset version error: assets/scripts/hubscene/hubloadoutslotui.cs in SourceAssetDB has modification time of '2026-02-24T13:29:17.0065298Z' while content on disk has modification time of '2026-02-24T13:29:27.8109936Z'
Number of updated asset objects reloaded before import = 0Number of asset objects unloaded after import = 0

========================================================================
Received Import Request.
  Time since last request: 0.000023 seconds.
  path: Assets/Scripts/HubScene/HubLoadoutSlotUI.cs
  artifactKey: Guid(0e6c96ae7b176f645b2819eb876d017e) Importer(815301076,1909f56bfc062723c751e8b465ee728b)
Start importing Assets/Scripts/HubScene/HubLoadoutSlotUI.cs using Guid(0e6c96ae7b176f645b2819eb876d017e) Importer(815301076,1909f56bfc062723c751e8b465ee728b) (PreviewImporter) -> (artifact id: '00000000000000000000000000000000') in 0.0008829 seconds
Import Error Code:(4)
Message: Build asset version error: assets/scripts/hubscene/hubloadoutslotui.cs in SourceAssetDB has modification time of '2026-02-24T13:29:17.0065298Z' while content on disk has modification time of '2026-02-24T13:29:27.8109936Z'
  ERROR: Build asset version error: assets/scripts/hubscene/hubloadoutslotui.cs in SourceAssetDB has modification time of '2026-02-24T13:29:17.0065298Z' while content on disk has modification time of '2026-02-24T13:29:27.8109936Z'
Number of updated asset objects reloaded before import = 0Number of asset objects unloaded after import = 0

========================================================================
Received Import Request.
  Time since last request: 0.000028 seconds.
  path: Assets/Scripts/HubScene/HubLoadoutSlotUI.cs
  artifactKey: Guid(0e6c96ae7b176f645b2819eb876d017e) Importer(815301076,1909f56bfc062723c751e8b465ee728b)
Start importing Assets/Scripts/HubScene/HubLoadoutSlotUI.cs using Guid(0e6c96ae7b176f645b2819eb876d017e) Importer(815301076,1909f56bfc062723c751e8b465ee728b) (PreviewImporter) -> (artifact id: '00000000000000000000000000000000') in 0.0010318 seconds
Import Error Code:(4)
Message: Build asset version error: assets/scripts/hubscene/hubloadoutslotui.cs in SourceAssetDB has modification time of '2026-02-24T13:29:17.0065298Z' while content on disk has modification time of '2026-02-24T13:29:27.8109936Z'
  ERROR: Build asset version error: assets/scripts/hubscene/hubloadoutslotui.cs in SourceAssetDB has modification time of '2026-02-24T13:29:17.0065298Z' while content on disk has modification time of '2026-02-24T13:29:27.8109936Z'
Number of updated asset objects reloaded before import = 0Number of asset objects unloaded after import = 0

========================================================================
Received Import Request.
  Time since last request: 0.000038 seconds.
  path: Assets/Scripts/HubScene/HubLoadoutSlotUI.cs
  artifactKey: Guid(0e6c96ae7b176f645b2819eb876d017e) Importer(815301076,1909f56bfc062723c751e8b465ee728b)
Start importing Assets/Scripts/HubScene/HubLoadoutSlotUI.cs using Guid(0e6c96ae7b176f645b2819eb876d017e) Importer(815301076,1909f56bfc062723c751e8b465ee728b) (PreviewImporter) -> (artifact id: '00000000000000000000000000000000') in 0.0007287 seconds
Import Error Code:(4)
Message: Build asset version error: assets/scripts/hubscene/hubloadoutslotui.cs in SourceAssetDB has modification time of '2026-02-24T13:29:17.0065298Z' while content on disk has modification time of '2026-02-24T13:29:27.8109936Z'
  ERROR: Build asset version error: assets/scripts/hubscene/hubloadoutslotui.cs in SourceAssetDB has modification time of '2026-02-24T13:29:17.0065298Z' while content on disk has modification time of '2026-02-24T13:29:27.8109936Z'
Number of updated asset objects reloaded before import = 0Number of asset objects unloaded after import = 0

========================================================================
Received Import Request.
  Time since last request: 0.000044 seconds.
  path: Assets/Scripts/HubScene/HubLoadoutSlotUI.cs
  artifactKey: Guid(0e6c96ae7b176f645b2819eb876d017e) Importer(815301076,1909f56bfc062723c751e8b465ee728b)
Start importing Assets/Scripts/HubScene/HubLoadoutSlotUI.cs using Guid(0e6c96ae7b176f645b2819eb876d017e) Importer(815301076,1909f56bfc062723c751e8b465ee728b) (PreviewImporter) -> (artifact id: '00000000000000000000000000000000') in 0.000937 seconds
Import Error Code:(4)
Message: Build asset version error: assets/scripts/hubscene/hubloadoutslotui.cs in SourceAssetDB has modification time of '2026-02-24T13:29:17.0065298Z' while content on disk has modification time of '2026-02-24T13:29:27.8109936Z'
  ERROR: Build asset version error: assets/scripts/hubscene/hubloadoutslotui.cs in SourceAssetDB has modification time of '2026-02-24T13:29:17.0065298Z' while content on disk has modification time of '2026-02-24T13:29:27.8109936Z'
Number of updated asset objects reloaded before import = 0Number of asset objects unloaded after import = 0

========================================================================
Received Import Request.
  Time since last request: 0.000022 seconds.
  path: Assets/Scripts/HubScene/HubLoadoutSlotUI.cs
  artifactKey: Guid(0e6c96ae7b176f645b2819eb876d017e) Importer(815301076,1909f56bfc062723c751e8b465ee728b)
Start importing Assets/Scripts/HubScene/HubLoadoutSlotUI.cs using Guid(0e6c96ae7b176f645b2819eb876d017e) Importer(815301076,1909f56bfc062723c751e8b465ee728b) (PreviewImporter) -> (artifact id: '00000000000000000000000000000000') in 0.0009121 seconds
Import Error Code:(4)
Message: Build asset version error: assets/scripts/hubscene/hubloadoutslotui.cs in SourceAssetDB has modification time of '2026-02-24T13:29:17.0065298Z' while content on disk has modification time of '2026-02-24T13:29:27.8109936Z'
  ERROR: Build asset version error: assets/scripts/hubscene/hubloadoutslotui.cs in SourceAssetDB has modification time of '2026-02-24T13:29:17.0065298Z' while content on disk has modification time of '2026-02-24T13:29:27.8109936Z'
Number of updated asset objects reloaded before import = 0Number of asset objects unloaded after import = 0

========================================================================
Received Import Request.
  Time since last request: 0.000021 seconds.
  path: Assets/Scripts/HubScene/HubLoadoutSlotUI.cs
  artifactKey: Guid(0e6c96ae7b176f645b2819eb876d017e) Importer(815301076,1909f56bfc062723c751e8b465ee728b)
Start importing Assets/Scripts/HubScene/HubLoadoutSlotUI.cs using Guid(0e6c96ae7b176f645b2819eb876d017e) Importer(815301076,1909f56bfc062723c751e8b465ee728b) (PreviewImporter) -> (artifact id: '00000000000000000000000000000000') in 0.0009965 seconds
Import Error Code:(4)
Message: Build asset version error: assets/scripts/hubscene/hubloadoutslotui.cs in SourceAssetDB has modification time of '2026-02-24T13:29:17.0065298Z' while content on disk has modification time of '2026-02-24T13:29:27.8109936Z'
  ERROR: Build asset version error: assets/scripts/hubscene/hubloadoutslotui.cs in SourceAssetDB has modification time of '2026-02-24T13:29:17.0065298Z' while content on disk has modification time of '2026-02-24T13:29:27.8109936Z'
Number of updated asset objects reloaded before import = 0Number of asset objects unloaded after import = 0

========================================================================
Received Import Request.
  Time since last request: 0.000021 seconds.
  path: Assets/Scripts/HubScene/HubLoadoutSlotUI.cs
  artifactKey: Guid(0e6c96ae7b176f645b2819eb876d017e) Importer(815301076,1909f56bfc062723c751e8b465ee728b)
Start importing Assets/Scripts/HubScene/HubLoadoutSlotUI.cs using Guid(0e6c96ae7b176f645b2819eb876d017e) Importer(815301076,1909f56bfc062723c751e8b465ee728b) (PreviewImporter) -> (artifact id: '00000000000000000000000000000000') in 0.0008905 seconds
Import Error Code:(4)
Message: Build asset version error: assets/scripts/hubscene/hubloadoutslotui.cs in SourceAssetDB has modification time of '2026-02-24T13:29:17.0065298Z' while content on disk has modification time of '2026-02-24T13:29:27.8109936Z'
  ERROR: Build asset version error: assets/scripts/hubscene/hubloadoutslotui.cs in SourceAssetDB has modification time of '2026-02-24T13:29:17.0065298Z' while content on disk has modification time of '2026-02-24T13:29:27.8109936Z'
Number of updated asset objects reloaded before import = 0Number of asset objects unloaded after import = 0

========================================================================
Received Import Request.
  Time since last request: 0.000032 seconds.
  path: Assets/Scripts/HubScene/HubLoadoutSlotUI.cs
  artifactKey: Guid(0e6c96ae7b176f645b2819eb876d017e) Importer(815301076,1909f56bfc062723c751e8b465ee728b)
Start importing Assets/Scripts/HubScene/HubLoadoutSlotUI.cs using Guid(0e6c96ae7b176f645b2819eb876d017e) Importer(815301076,1909f56bfc062723c751e8b465ee728b) (PreviewImporter) -> (artifact id: '00000000000000000000000000000000') in 0.0007147 seconds
Import Error Code:(4)
Message: Build asset version error: assets/scripts/hubscene/hubloadoutslotui.cs in SourceAssetDB has modification time of '2026-02-24T13:29:17.0065298Z' while content on disk has modification time of '2026-02-24T13:29:27.8109936Z'
  ERROR: Build asset version error: assets/scripts/hubscene/hubloadoutslotui.cs in SourceAssetDB has modification time of '2026-02-24T13:29:17.0065298Z' while content on disk has modification time of '2026-02-24T13:29:27.8109936Z'
Number of updated asset objects reloaded before import = 0Number of asset objects unloaded after import = 0

========================================================================
Received Import Request.
  Time since last request: 0.000035 seconds.
  path: Assets/Scripts/HubScene/HubLoadoutSlotUI.cs
  artifactKey: Guid(0e6c96ae7b176f645b2819eb876d017e) Importer(815301076,1909f56bfc062723c751e8b465ee728b)
Start importing Assets/Scripts/HubScene/HubLoadoutSlotUI.cs using Guid(0e6c96ae7b176f645b2819eb876d017e) Importer(815301076,1909f56bfc062723c751e8b465ee728b) (PreviewImporter) -> (artifact id: '00000000000000000000000000000000') in 0.0009807 seconds
Import Error Code:(4)
Message: Build asset version error: assets/scripts/hubscene/hubloadoutslotui.cs in SourceAssetDB has modification time of '2026-02-24T13:29:17.0065298Z' while content on disk has modification time of '2026-02-24T13:29:27.8109936Z'
  ERROR: Build asset version error: assets/scripts/hubscene/hubloadoutslotui.cs in SourceAssetDB has modification time of '2026-02-24T13:29:17.0065298Z' while content on disk has modification time of '2026-02-24T13:29:27.8109936Z'
Number of updated asset objects reloaded before import = 0Number of asset objects unloaded after import = 0

========================================================================
Received Import Request.
  Time since last request: 0.000027 seconds.
  path: Assets/Scripts/HubScene/HubLoadoutSlotUI.cs
  artifactKey: Guid(0e6c96ae7b176f645b2819eb876d017e) Importer(815301076,1909f56bfc062723c751e8b465ee728b)
Start importing Assets/Scripts/HubScene/HubLoadoutSlotUI.cs using Guid(0e6c96ae7b176f645b2819eb876d017e) Importer(815301076,1909f56bfc062723c751e8b465ee728b) (PreviewImporter) -> (artifact id: '00000000000000000000000000000000') in 0.0009614 seconds
Import Error Code:(4)
Message: Build asset version error: assets/scripts/hubscene/hubloadoutslotui.cs in SourceAssetDB has modification time of '2026-02-24T13:29:17.0065298Z' while content on disk has modification time of '2026-02-24T13:29:27.8109936Z'
  ERROR: Build asset version error: assets/scripts/hubscene/hubloadoutslotui.cs in SourceAssetDB has modification time of '2026-02-24T13:29:17.0065298Z' while content on disk has modification time of '2026-02-24T13:29:27.8109936Z'
Number of updated asset objects reloaded before import = 0Number of asset objects unloaded after import = 0

========================================================================
Received Import Request.
  Time since last request: 0.000049 seconds.
  path: Assets/Scripts/HubScene/HubLoadoutSlotUI.cs
  artifactKey: Guid(0e6c96ae7b176f645b2819eb876d017e) Importer(815301076,1909f56bfc062723c751e8b465ee728b)
Start importing Assets/Scripts/HubScene/HubLoadoutSlotUI.cs using Guid(0e6c96ae7b176f645b2819eb876d017e) Importer(815301076,1909f56bfc062723c751e8b465ee728b) (PreviewImporter) -> (artifact id: '00000000000000000000000000000000') in 0.0009952 seconds
Import Error Code:(4)
Message: Build asset version error: assets/scripts/hubscene/hubloadoutslotui.cs in SourceAssetDB has modification time of '2026-02-24T13:29:17.0065298Z' while content on disk has modification time of '2026-02-24T13:29:27.8109936Z'
  ERROR: Build asset version error: assets/scripts/hubscene/hubloadoutslotui.cs in SourceAssetDB has modification time of '2026-02-24T13:29:17.0065298Z' while content on disk has modification time of '2026-02-24T13:29:27.8109936Z'
Number of updated asset objects reloaded before import = 0Number of asset objects unloaded after import = 0

========================================================================
Received Import Request.
  Time since last request: 0.000021 seconds.
  path: Assets/Scripts/HubScene/HubLoadoutSlotUI.cs
  artifactKey: Guid(0e6c96ae7b176f645b2819eb876d017e) Importer(815301076,1909f56bfc062723c751e8b465ee728b)
Start importing Assets/Scripts/HubScene/HubLoadoutSlotUI.cs using Guid(0e6c96ae7b176f645b2819eb876d017e) Importer(815301076,1909f56bfc062723c751e8b465ee728b) (PreviewImporter) -> (artifact id: '00000000000000000000000000000000') in 0.000785 seconds
Import Error Code:(4)
Message: Build asset version error: assets/scripts/hubscene/hubloadoutslotui.cs in SourceAssetDB has modification time of '2026-02-24T13:29:17.0065298Z' while content on disk has modification time of '2026-02-24T13:29:27.8109936Z'
  ERROR: Build asset version error: assets/scripts/hubscene/hubloadoutslotui.cs in SourceAssetDB has modification time of '2026-02-24T13:29:17.0065298Z' while content on disk has modification time of '2026-02-24T13:29:27.8109936Z'
Number of updated asset objects reloaded before import = 0Number of asset objects unloaded after import = 0

========================================================================
Received Import Request.
  Time since last request: 0.000027 seconds.
  path: Assets/Scripts/HubScene/HubLoadoutSlotUI.cs
  artifactKey: Guid(0e6c96ae7b176f645b2819eb876d017e) Importer(815301076,1909f56bfc062723c751e8b465ee728b)
Start importing Assets/Scripts/HubScene/HubLoadoutSlotUI.cs using Guid(0e6c96ae7b176f645b2819eb876d017e) Importer(815301076,1909f56bfc062723c751e8b465ee728b) (PreviewImporter) -> (artifact id: '00000000000000000000000000000000') in 0.0007595 seconds
Import Error Code:(4)
Message: Build asset version error: assets/scripts/hubscene/hubloadoutslotui.cs in SourceAssetDB has modification time of '2026-02-24T13:29:17.0065298Z' while content on disk has modification time of '2026-02-24T13:29:27.8109936Z'
  ERROR: Build asset version error: assets/scripts/hubscene/hubloadoutslotui.cs in SourceAssetDB has modification time of '2026-02-24T13:29:17.0065298Z' while content on disk has modification time of '2026-02-24T13:29:27.8109936Z'
Number of updated asset objects reloaded before import = 0Number of asset objects unloaded after import = 0

========================================================================
Received Import Request.
  Time since last request: 0.000031 seconds.
  path: Assets/Scripts/HubScene/HubLoadoutSlotUI.cs
  artifactKey: Guid(0e6c96ae7b176f645b2819eb876d017e) Importer(815301076,1909f56bfc062723c751e8b465ee728b)
Start importing Assets/Scripts/HubScene/HubLoadoutSlotUI.cs using Guid(0e6c96ae7b176f645b2819eb876d017e) Importer(815301076,1909f56bfc062723c751e8b465ee728b) (PreviewImporter) -> (artifact id: '00000000000000000000000000000000') in 0.0008672 seconds
Import Error Code:(4)
Message: Build asset version error: assets/scripts/hubscene/hubloadoutslotui.cs in SourceAssetDB has modification time of '2026-02-24T13:29:17.0065298Z' while content on disk has modification time of '2026-02-24T13:29:27.8109936Z'
  ERROR: Build asset version error: assets/scripts/hubscene/hubloadoutslotui.cs in SourceAssetDB has modification time of '2026-02-24T13:29:17.0065298Z' while content on disk has modification time of '2026-02-24T13:29:27.8109936Z'
Number of updated asset objects reloaded before import = 0Number of asset objects unloaded after import = 0

========================================================================
Received Import Request.
  Time since last request: 0.000022 seconds.
  path: Assets/Scripts/HubScene/HubLoadoutSlotUI.cs
  artifactKey: Guid(0e6c96ae7b176f645b2819eb876d017e) Importer(815301076,1909f56bfc062723c751e8b465ee728b)
Start importing Assets/Scripts/HubScene/HubLoadoutSlotUI.cs using Guid(0e6c96ae7b176f645b2819eb876d017e) Importer(815301076,1909f56bfc062723c751e8b465ee728b) (PreviewImporter) -> (artifact id: '00000000000000000000000000000000') in 0.0011007 seconds
Import Error Code:(4)
Message: Build asset version error: assets/scripts/hubscene/hubloadoutslotui.cs in SourceAssetDB has modification time of '2026-02-24T13:29:17.0065298Z' while content on disk has modification time of '2026-02-24T13:29:27.8109936Z'
  ERROR: Build asset version error: assets/scripts/hubscene/hubloadoutslotui.cs in SourceAssetDB has modification time of '2026-02-24T13:29:17.0065298Z' while content on disk has modification time of '2026-02-24T13:29:27.8109936Z'
Number of updated asset objects reloaded before import = 0Number of asset objects unloaded after import = 0

========================================================================
Received Import Request.
  Time since last request: 0.000021 seconds.
  path: Assets/Scripts/HubScene/HubLoadoutSlotUI.cs
  artifactKey: Guid(0e6c96ae7b176f645b2819eb876d017e) Importer(815301076,1909f56bfc062723c751e8b465ee728b)
Start importing Assets/Scripts/HubScene/HubLoadoutSlotUI.cs using Guid(0e6c96ae7b176f645b2819eb876d017e) Importer(815301076,1909f56bfc062723c751e8b465ee728b) (PreviewImporter) -> (artifact id: '00000000000000000000000000000000') in 0.0007209 seconds
Import Error Code:(4)
Message: Build asset version error: assets/scripts/hubscene/hubloadoutslotui.cs in SourceAssetDB has modification time of '2026-02-24T13:29:17.0065298Z' while content on disk has modification time of '2026-02-24T13:29:27.8109936Z'
  ERROR: Build asset version error: assets/scripts/hubscene/hubloadoutslotui.cs in SourceAssetDB has modification time of '2026-02-24T13:29:17.0065298Z' while content on disk has modification time of '2026-02-24T13:29:27.8109936Z'
Number of updated asset objects reloaded before import = 0Number of asset objects unloaded after import = 0

========================================================================
Received Import Request.
  Time since last request: 0.000031 seconds.
  path: Assets/Scripts/HubScene/HubLoadoutSlotUI.cs
  artifactKey: Guid(0e6c96ae7b176f645b2819eb876d017e) Importer(815301076,1909f56bfc062723c751e8b465ee728b)
Start importing Assets/Scripts/HubScene/HubLoadoutSlotUI.cs using Guid(0e6c96ae7b176f645b2819eb876d017e) Importer(815301076,1909f56bfc062723c751e8b465ee728b) (PreviewImporter) -> (artifact id: '00000000000000000000000000000000') in 0.000768 seconds
Import Error Code:(4)
Message: Build asset version error: assets/scripts/hubscene/hubloadoutslotui.cs in SourceAssetDB has modification time of '2026-02-24T13:29:17.0065298Z' while content on disk has modification time of '2026-02-24T13:29:27.8109936Z'
  ERROR: Build asset version error: assets/scripts/hubscene/hubloadoutslotui.cs in SourceAssetDB has modification time of '2026-02-24T13:29:17.0065298Z' while content on disk has modification time of '2026-02-24T13:29:27.8109936Z'
Number of updated asset objects reloaded before import = 0Number of asset objects unloaded after import = 0

========================================================================
Received Import Request.
  Time since last request: 0.000026 seconds.
  path: Assets/Scripts/HubScene/HubLoadoutSlotUI.cs
  artifactKey: Guid(0e6c96ae7b176f645b2819eb876d017e) Importer(815301076,1909f56bfc062723c751e8b465ee728b)
Start importing Assets/Scripts/HubScene/HubLoadoutSlotUI.cs using Guid(0e6c96ae7b176f645b2819eb876d017e) Importer(815301076,1909f56bfc062723c751e8b465ee728b) (PreviewImporter) -> (artifact id: '00000000000000000000000000000000') in 0.0009018 seconds
Import Error Code:(4)
Message: Build asset version error: assets/scripts/hubscene/hubloadoutslotui.cs in SourceAssetDB has modification time of '2026-02-24T13:29:17.0065298Z' while content on disk has modification time of '2026-02-24T13:29:27.8109936Z'
  ERROR: Build asset version error: assets/scripts/hubscene/hubloadoutslotui.cs in SourceAssetDB has modification time of '2026-02-24T13:29:17.0065298Z' while content on disk has modification time of '2026-02-24T13:29:27.8109936Z'
Number of updated asset objects reloaded before import = 0Number of asset objects unloaded after import = 0

========================================================================
Received Import Request.
  Time since last request: 0.000058 seconds.
  path: Assets/Scripts/HubScene/HubLoadoutSlotUI.cs
  artifactKey: Guid(0e6c96ae7b176f645b2819eb876d017e) Importer(815301076,1909f56bfc062723c751e8b465ee728b)
Start importing Assets/Scripts/HubScene/HubLoadoutSlotUI.cs using Guid(0e6c96ae7b176f645b2819eb876d017e) Importer(815301076,1909f56bfc062723c751e8b465ee728b) (PreviewImporter) -> (artifact id: '00000000000000000000000000000000') in 0.0008615 seconds
Import Error Code:(4)
Message: Build asset version error: assets/scripts/hubscene/hubloadoutslotui.cs in SourceAssetDB has modification time of '2026-02-24T13:29:17.0065298Z' while content on disk has modification time of '2026-02-24T13:29:27.8109936Z'
  ERROR: Build asset version error: assets/scripts/hubscene/hubloadoutslotui.cs in SourceAssetDB has modification time of '2026-02-24T13:29:17.0065298Z' while content on disk has modification time of '2026-02-24T13:29:27.8109936Z'
Number of updated asset objects reloaded before import = 0Number of asset objects unloaded after import = 0

========================================================================
Received Import Request.
  Time since last request: 0.000023 seconds.
  path: Assets/Scripts/HubScene/HubLoadoutSlotUI.cs
  artifactKey: Guid(0e6c96ae7b176f645b2819eb876d017e) Importer(815301076,1909f56bfc062723c751e8b465ee728b)
Start importing Assets/Scripts/HubScene/HubLoadoutSlotUI.cs using Guid(0e6c96ae7b176f645b2819eb876d017e) Importer(815301076,1909f56bfc062723c751e8b465ee728b) (PreviewImporter) -> (artifact id: '00000000000000000000000000000000') in 0.0009665 seconds
Import Error Code:(4)
Message: Build asset version error: assets/scripts/hubscene/hubloadoutslotui.cs in SourceAssetDB has modification time of '2026-02-24T13:29:17.0065298Z' while content on disk has modification time of '2026-02-24T13:29:27.8109936Z'
  ERROR: Build asset version error: assets/scripts/hubscene/hubloadoutslotui.cs in SourceAssetDB has modification time of '2026-02-24T13:29:17.0065298Z' while content on disk has modification time of '2026-02-24T13:29:27.8109936Z'
Number of updated asset objects reloaded before import = 0Number of asset objects unloaded after import = 0

========================================================================
Received Import Request.
  Time since last request: 0.000019 seconds.
  path: Assets/Scripts/HubScene/HubLoadoutSlotUI.cs
  artifactKey: Guid(0e6c96ae7b176f645b2819eb876d017e) Importer(815301076,1909f56bfc062723c751e8b465ee728b)
Start importing Assets/Scripts/HubScene/HubLoadoutSlotUI.cs using Guid(0e6c96ae7b176f645b2819eb876d017e) Importer(815301076,1909f56bfc062723c751e8b465ee728b) (PreviewImporter) -> (artifact id: '00000000000000000000000000000000') in 0.0008756 seconds
Import Error Code:(4)
Message: Build asset version error: assets/scripts/hubscene/hubloadoutslotui.cs in SourceAssetDB has modification time of '2026-02-24T13:29:17.0065298Z' while content on disk has modification time of '2026-02-24T13:29:27.8109936Z'
  ERROR: Build asset version error: assets/scripts/hubscene/hubloadoutslotui.cs in SourceAssetDB has modification time of '2026-02-24T13:29:17.0065298Z' while content on disk has modification time of '2026-02-24T13:29:27.8109936Z'
Number of updated asset objects reloaded before import = 0Number of asset objects unloaded after import = 0

========================================================================
Received Import Request.
  Time since last request: 0.000025 seconds.
  path: Assets/Scripts/HubScene/HubLoadoutSlotUI.cs
  artifactKey: Guid(0e6c96ae7b176f645b2819eb876d017e) Importer(815301076,1909f56bfc062723c751e8b465ee728b)
Start importing Assets/Scripts/HubScene/HubLoadoutSlotUI.cs using Guid(0e6c96ae7b176f645b2819eb876d017e) Importer(815301076,1909f56bfc062723c751e8b465ee728b) (PreviewImporter) -> (artifact id: '00000000000000000000000000000000') in 0.0009772 seconds
Import Error Code:(4)
Message: Build asset version error: assets/scripts/hubscene/hubloadoutslotui.cs in SourceAssetDB has modification time of '2026-02-24T13:29:17.0065298Z' while content on disk has modification time of '2026-02-24T13:29:27.8109936Z'
  ERROR: Build asset version error: assets/scripts/hubscene/hubloadoutslotui.cs in SourceAssetDB has modification time of '2026-02-24T13:29:17.0065298Z' while content on disk has modification time of '2026-02-24T13:29:27.8109936Z'
Number of updated asset objects reloaded before import = 0Number of asset objects unloaded after import = 0

========================================================================
Received Import Request.
  Time since last request: 0.000043 seconds.
  path: Assets/Scripts/HubScene/HubLoadoutSlotUI.cs
  artifactKey: Guid(0e6c96ae7b176f645b2819eb876d017e) Importer(815301076,1909f56bfc062723c751e8b465ee728b)
Start importing Assets/Scripts/HubScene/HubLoadoutSlotUI.cs using Guid(0e6c96ae7b176f645b2819eb876d017e) Importer(815301076,1909f56bfc062723c751e8b465ee728b) (PreviewImporter) -> (artifact id: '00000000000000000000000000000000') in 0.0007645 seconds
Import Error Code:(4)
Message: Build asset version error: assets/scripts/hubscene/hubloadoutslotui.cs in SourceAssetDB has modification time of '2026-02-24T13:29:17.0065298Z' while content on disk has modification time of '2026-02-24T13:29:27.8109936Z'
  ERROR: Build asset version error: assets/scripts/hubscene/hubloadoutslotui.cs in SourceAssetDB has modification time of '2026-02-24T13:29:17.0065298Z' while content on disk has modification time of '2026-02-24T13:29:27.8109936Z'
Number of updated asset objects reloaded before import = 0Number of asset objects unloaded after import = 0

========================================================================
Received Import Request.
  Time since last request: 0.000053 seconds.
  path: Assets/Scripts/HubScene/HubLoadoutSlotUI.cs
  artifactKey: Guid(0e6c96ae7b176f645b2819eb876d017e) Importer(815301076,1909f56bfc062723c751e8b465ee728b)
Start importing Assets/Scripts/HubScene/HubLoadoutSlotUI.cs using Guid(0e6c96ae7b176f645b2819eb876d017e) Importer(815301076,1909f56bfc062723c751e8b465ee728b) (PreviewImporter) -> (artifact id: '00000000000000000000000000000000') in 0.0011032 seconds
Import Error Code:(4)
Message: Build asset version error: assets/scripts/hubscene/hubloadoutslotui.cs in SourceAssetDB has modification time of '2026-02-24T13:29:17.0065298Z' while content on disk has modification time of '2026-02-24T13:29:27.8109936Z'
  ERROR: Build asset version error: assets/scripts/hubscene/hubloadoutslotui.cs in SourceAssetDB has modification time of '2026-02-24T13:29:17.0065298Z' while content on disk has modification time of '2026-02-24T13:29:27.8109936Z'
Number of updated asset objects reloaded before import = 0Number of asset objects unloaded after import = 0

========================================================================
Received Import Request.
  Time since last request: 0.000029 seconds.
  path: Assets/Scripts/HubScene/HubLoadoutSlotUI.cs
  artifactKey: Guid(0e6c96ae7b176f645b2819eb876d017e) Importer(815301076,1909f56bfc062723c751e8b465ee728b)
Start importing Assets/Scripts/HubScene/HubLoadoutSlotUI.cs using Guid(0e6c96ae7b176f645b2819eb876d017e) Importer(815301076,1909f56bfc062723c751e8b465ee728b) (PreviewImporter) -> (artifact id: '00000000000000000000000000000000') in 0.0009306 seconds
Import Error Code:(4)
Message: Build asset version error: assets/scripts/hubscene/hubloadoutslotui.cs in SourceAssetDB has modification time of '2026-02-24T13:29:17.0065298Z' while content on disk has modification time of '2026-02-24T13:29:27.8109936Z'
  ERROR: Build asset version error: assets/scripts/hubscene/hubloadoutslotui.cs in SourceAssetDB has modification time of '2026-02-24T13:29:17.0065298Z' while content on disk has modification time of '2026-02-24T13:29:27.8109936Z'
Number of updated asset objects reloaded before import = 0Number of asset objects unloaded after import = 0

========================================================================
Received Import Request.
  Time since last request: 0.000022 seconds.
  path: Assets/Scripts/HubScene/HubLoadoutSlotUI.cs
  artifactKey: Guid(0e6c96ae7b176f645b2819eb876d017e) Importer(815301076,1909f56bfc062723c751e8b465ee728b)
Start importing Assets/Scripts/HubScene/HubLoadoutSlotUI.cs using Guid(0e6c96ae7b176f645b2819eb876d017e) Importer(815301076,1909f56bfc062723c751e8b465ee728b) (PreviewImporter) -> (artifact id: '00000000000000000000000000000000') in 0.0012548 seconds
Import Error Code:(4)
Message: Build asset version error: assets/scripts/hubscene/hubloadoutslotui.cs in SourceAssetDB has modification time of '2026-02-24T13:29:17.0065298Z' while content on disk has modification time of '2026-02-24T13:29:27.8109936Z'
  ERROR: Build asset version error: assets/scripts/hubscene/hubloadoutslotui.cs in SourceAssetDB has modification time of '2026-02-24T13:29:17.0065298Z' while content on disk has modification time of '2026-02-24T13:29:27.8109936Z'
Number of updated asset objects reloaded before import = 0Number of asset objects unloaded after import = 0

========================================================================
Received Import Request.
  Time since last request: 0.000023 seconds.
  path: Assets/Scripts/HubScene/HubLoadoutSlotUI.cs
  artifactKey: Guid(0e6c96ae7b176f645b2819eb876d017e) Importer(815301076,1909f56bfc062723c751e8b465ee728b)
Start importing Assets/Scripts/HubScene/HubLoadoutSlotUI.cs using Guid(0e6c96ae7b176f645b2819eb876d017e) Importer(815301076,1909f56bfc062723c751e8b465ee728b) (PreviewImporter) -> (artifact id: '00000000000000000000000000000000') in 0.0010336 seconds
Import Error Code:(4)
Message: Build asset version error: assets/scripts/hubscene/hubloadoutslotui.cs in SourceAssetDB has modification time of '2026-02-24T13:29:17.0065298Z' while content on disk has modification time of '2026-02-24T13:29:27.8109936Z'
  ERROR: Build asset version error: assets/scripts/hubscene/hubloadoutslotui.cs in SourceAssetDB has modification time of '2026-02-24T13:29:17.0065298Z' while content on disk has modification time of '2026-02-24T13:29:27.8109936Z'
Number of updated asset objects reloaded before import = 0Number of asset objects unloaded after import = 0

========================================================================
Received Import Request.
  Time since last request: 0.000023 seconds.
  path: Assets/Scripts/HubScene/HubLoadoutSlotUI.cs
  artifactKey: Guid(0e6c96ae7b176f645b2819eb876d017e) Importer(815301076,1909f56bfc062723c751e8b465ee728b)
Start importing Assets/Scripts/HubScene/HubLoadoutSlotUI.cs using Guid(0e6c96ae7b176f645b2819eb876d017e) Importer(815301076,1909f56bfc062723c751e8b465ee728b) (PreviewImporter) -> (artifact id: '00000000000000000000000000000000') in 0.0012413 seconds
Import Error Code:(4)
Message: Build asset version error: assets/scripts/hubscene/hubloadoutslotui.cs in SourceAssetDB has modification time of '2026-02-24T13:29:17.0065298Z' while content on disk has modification time of '2026-02-24T13:29:27.8109936Z'
  ERROR: Build asset version error: assets/scripts/hubscene/hubloadoutslotui.cs in SourceAssetDB has modification time of '2026-02-24T13:29:17.0065298Z' while content on disk has modification time of '2026-02-24T13:29:27.8109936Z'
Number of updated asset objects reloaded before import = 0Number of asset objects unloaded after import = 0

========================================================================
Received Import Request.
  Time since last request: 0.000039 seconds.
  path: Assets/Scripts/HubScene/HubLoadoutSlotUI.cs
  artifactKey: Guid(0e6c96ae7b176f645b2819eb876d017e) Importer(815301076,1909f56bfc062723c751e8b465ee728b)
Start importing Assets/Scripts/HubScene/HubLoadoutSlotUI.cs using Guid(0e6c96ae7b176f645b2819eb876d017e) Importer(815301076,1909f56bfc062723c751e8b465ee728b) (PreviewImporter) -> (artifact id: '00000000000000000000000000000000') in 0.0008047 seconds
Import Error Code:(4)
Message: Build asset version error: assets/scripts/hubscene/hubloadoutslotui.cs in SourceAssetDB has modification time of '2026-02-24T13:29:17.0065298Z' while content on disk has modification time of '2026-02-24T13:29:27.8109936Z'
  ERROR: Build asset version error: assets/scripts/hubscene/hubloadoutslotui.cs in SourceAssetDB has modification time of '2026-02-24T13:29:17.0065298Z' while content on disk has modification time of '2026-02-24T13:29:27.8109936Z'
Number of updated asset objects reloaded before import = 0Number of asset objects unloaded after import = 0

========================================================================
Received Import Request.
  Time since last request: 0.000022 seconds.
  path: Assets/Scripts/HubScene/HubLoadoutSlotUI.cs
  artifactKey: Guid(0e6c96ae7b176f645b2819eb876d017e) Importer(815301076,1909f56bfc062723c751e8b465ee728b)
Start importing Assets/Scripts/HubScene/HubLoadoutSlotUI.cs using Guid(0e6c96ae7b176f645b2819eb876d017e) Importer(815301076,1909f56bfc062723c751e8b465ee728b) (PreviewImporter) -> (artifact id: '00000000000000000000000000000000') in 0.0009189 seconds
Import Error Code:(4)
Message: Build asset version error: assets/scripts/hubscene/hubloadoutslotui.cs in SourceAssetDB has modification time of '2026-02-24T13:29:17.0065298Z' while content on disk has modification time of '2026-02-24T13:29:27.8109936Z'
  ERROR: Build asset version error: assets/scripts/hubscene/hubloadoutslotui.cs in SourceAssetDB has modification time of '2026-02-24T13:29:17.0065298Z' while content on disk has modification time of '2026-02-24T13:29:27.8109936Z'
Number of updated asset objects reloaded before import = 0Number of asset objects unloaded after import = 0

========================================================================
Received Import Request.
  Time since last request: 0.000023 seconds.
  path: Assets/Scripts/HubScene/HubLoadoutSlotUI.cs
  artifactKey: Guid(0e6c96ae7b176f645b2819eb876d017e) Importer(815301076,1909f56bfc062723c751e8b465ee728b)
Start importing Assets/Scripts/HubScene/HubLoadoutSlotUI.cs using Guid(0e6c96ae7b176f645b2819eb876d017e) Importer(815301076,1909f56bfc062723c751e8b465ee728b) (PreviewImporter) -> (artifact id: '00000000000000000000000000000000') in 0.0008375 seconds
Import Error Code:(4)
Message: Build asset version error: assets/scripts/hubscene/hubloadoutslotui.cs in SourceAssetDB has modification time of '2026-02-24T13:29:17.0065298Z' while content on disk has modification time of '2026-02-24T13:29:27.8109936Z'
  ERROR: Build asset version error: assets/scripts/hubscene/hubloadoutslotui.cs in SourceAssetDB has modification time of '2026-02-24T13:29:17.0065298Z' while content on disk has modification time of '2026-02-24T13:29:27.8109936Z'
Number of updated asset objects reloaded before import = 0Number of asset objects unloaded after import = 0

========================================================================
Received Import Request.
  Time since last request: 0.000019 seconds.
  path: Assets/Scripts/HubScene/HubLoadoutSlotUI.cs
  artifactKey: Guid(0e6c96ae7b176f645b2819eb876d017e) Importer(815301076,1909f56bfc062723c751e8b465ee728b)
Start importing Assets/Scripts/HubScene/HubLoadoutSlotUI.cs using Guid(0e6c96ae7b176f645b2819eb876d017e) Importer(815301076,1909f56bfc062723c751e8b465ee728b) (PreviewImporter) -> (artifact id: '00000000000000000000000000000000') in 0.0008359 seconds
Import Error Code:(4)
Message: Build asset version error: assets/scripts/hubscene/hubloadoutslotui.cs in SourceAssetDB has modification time of '2026-02-24T13:29:17.0065298Z' while content on disk has modification time of '2026-02-24T13:29:27.8109936Z'
  ERROR: Build asset version error: assets/scripts/hubscene/hubloadoutslotui.cs in SourceAssetDB has modification time of '2026-02-24T13:29:17.0065298Z' while content on disk has modification time of '2026-02-24T13:29:27.8109936Z'
Number of updated asset objects reloaded before import = 0Number of asset objects unloaded after import = 0

========================================================================
Received Import Request.
  Time since last request: 0.000024 seconds.
  path: Assets/Scripts/HubScene/HubLoadoutSlotUI.cs
  artifactKey: Guid(0e6c96ae7b176f645b2819eb876d017e) Importer(815301076,1909f56bfc062723c751e8b465ee728b)
Start importing Assets/Scripts/HubScene/HubLoadoutSlotUI.cs using Guid(0e6c96ae7b176f645b2819eb876d017e) Importer(815301076,1909f56bfc062723c751e8b465ee728b) (PreviewImporter) -> (artifact id: '00000000000000000000000000000000') in 0.0009618 seconds
Import Error Code:(4)
Message: Build asset version error: assets/scripts/hubscene/hubloadoutslotui.cs in SourceAssetDB has modification time of '2026-02-24T13:29:17.0065298Z' while content on disk has modification time of '2026-02-24T13:29:27.8109936Z'
  ERROR: Build asset version error: assets/scripts/hubscene/hubloadoutslotui.cs in SourceAssetDB has modification time of '2026-02-24T13:29:17.0065298Z' while content on disk has modification time of '2026-02-24T13:29:27.8109936Z'
Number of updated asset objects reloaded before import = 0Number of asset objects unloaded after import = 0

========================================================================
Received Import Request.
  Time since last request: 0.000034 seconds.
  path: Assets/Scripts/HubScene/HubLoadoutSlotUI.cs
  artifactKey: Guid(0e6c96ae7b176f645b2819eb876d017e) Importer(815301076,1909f56bfc062723c751e8b465ee728b)
Start importing Assets/Scripts/HubScene/HubLoadoutSlotUI.cs using Guid(0e6c96ae7b176f645b2819eb876d017e) Importer(815301076,1909f56bfc062723c751e8b465ee728b) (PreviewImporter) -> (artifact id: '00000000000000000000000000000000') in 0.0008446 seconds
Import Error Code:(4)
Message: Build asset version error: assets/scripts/hubscene/hubloadoutslotui.cs in SourceAssetDB has modification time of '2026-02-24T13:29:17.0065298Z' while content on disk has modification time of '2026-02-24T13:29:27.8109936Z'
  ERROR: Build asset version error: assets/scripts/hubscene/hubloadoutslotui.cs in SourceAssetDB has modification time of '2026-02-24T13:29:17.0065298Z' while content on disk has modification time of '2026-02-24T13:29:27.8109936Z'
Number of updated asset objects reloaded before import = 0Number of asset objects unloaded after import = 0

========================================================================
Received Import Request.
  Time since last request: 0.000034 seconds.
  path: Assets/Scripts/HubScene/HubLoadoutSlotUI.cs
  artifactKey: Guid(0e6c96ae7b176f645b2819eb876d017e) Importer(815301076,1909f56bfc062723c751e8b465ee728b)
Start importing Assets/Scripts/HubScene/HubLoadoutSlotUI.cs using Guid(0e6c96ae7b176f645b2819eb876d017e) Importer(815301076,1909f56bfc062723c751e8b465ee728b) (PreviewImporter) -> (artifact id: '00000000000000000000000000000000') in 0.0012055 seconds
Import Error Code:(4)
Message: Build asset version error: assets/scripts/hubscene/hubloadoutslotui.cs in SourceAssetDB has modification time of '2026-02-24T13:29:17.0065298Z' while content on disk has modification time of '2026-02-24T13:29:27.8109936Z'
  ERROR: Build asset version error: assets/scripts/hubscene/hubloadoutslotui.cs in SourceAssetDB has modification time of '2026-02-24T13:29:17.0065298Z' while content on disk has modification time of '2026-02-24T13:29:27.8109936Z'
Number of updated asset objects reloaded before import = 0Number of asset objects unloaded after import = 0

========================================================================
Received Import Request.
  Time since last request: 0.000040 seconds.
  path: Assets/Scripts/HubScene/HubLoadoutSlotUI.cs
  artifactKey: Guid(0e6c96ae7b176f645b2819eb876d017e) Importer(815301076,1909f56bfc062723c751e8b465ee728b)
Start importing Assets/Scripts/HubScene/HubLoadoutSlotUI.cs using Guid(0e6c96ae7b176f645b2819eb876d017e) Importer(815301076,1909f56bfc062723c751e8b465ee728b) (PreviewImporter) -> (artifact id: '00000000000000000000000000000000') in 0.0007438 seconds
Import Error Code:(4)
Message: Build asset version error: assets/scripts/hubscene/hubloadoutslotui.cs in SourceAssetDB has modification time of '2026-02-24T13:29:17.0065298Z' while content on disk has modification time of '2026-02-24T13:29:27.8109936Z'
  ERROR: Build asset version error: assets/scripts/hubscene/hubloadoutslotui.cs in SourceAssetDB has modification time of '2026-02-24T13:29:17.0065298Z' while content on disk has modification time of '2026-02-24T13:29:27.8109936Z'
Number of updated asset objects reloaded before import = 0Number of asset objects unloaded after import = 0

========================================================================
Received Import Request.
  Time since last request: 0.000024 seconds.
  path: Assets/Scripts/HubScene/HubLoadoutSlotUI.cs
  artifactKey: Guid(0e6c96ae7b176f645b2819eb876d017e) Importer(815301076,1909f56bfc062723c751e8b465ee728b)
Start importing Assets/Scripts/HubScene/HubLoadoutSlotUI.cs using Guid(0e6c96ae7b176f645b2819eb876d017e) Importer(815301076,1909f56bfc062723c751e8b465ee728b) (PreviewImporter) -> (artifact id: '00000000000000000000000000000000') in 0.0008134 seconds
Import Error Code:(4)
Message: Build asset version error: assets/scripts/hubscene/hubloadoutslotui.cs in SourceAssetDB has modification time of '2026-02-24T13:29:17.0065298Z' while content on disk has modification time of '2026-02-24T13:29:27.8109936Z'
  ERROR: Build asset version error: assets/scripts/hubscene/hubloadoutslotui.cs in SourceAssetDB has modification time of '2026-02-24T13:29:17.0065298Z' while content on disk has modification time of '2026-02-24T13:29:27.8109936Z'
Number of updated asset objects reloaded before import = 0Number of asset objects unloaded after import = 0

========================================================================
Received Import Request.
  Time since last request: 0.000027 seconds.
  path: Assets/Scripts/HubScene/HubLoadoutSlotUI.cs
  artifactKey: Guid(0e6c96ae7b176f645b2819eb876d017e) Importer(815301076,1909f56bfc062723c751e8b465ee728b)
Start importing Assets/Scripts/HubScene/HubLoadoutSlotUI.cs using Guid(0e6c96ae7b176f645b2819eb876d017e) Importer(815301076,1909f56bfc062723c751e8b465ee728b) (PreviewImporter) -> (artifact id: '00000000000000000000000000000000') in 0.0010595 seconds
Import Error Code:(4)
Message: Build asset version error: assets/scripts/hubscene/hubloadoutslotui.cs in SourceAssetDB has modification time of '2026-02-24T13:29:17.0065298Z' while content on disk has modification time of '2026-02-24T13:29:27.8109936Z'
  ERROR: Build asset version error: assets/scripts/hubscene/hubloadoutslotui.cs in SourceAssetDB has modification time of '2026-02-24T13:29:17.0065298Z' while content on disk has modification time of '2026-02-24T13:29:27.8109936Z'
Number of updated asset objects reloaded before import = 0Number of asset objects unloaded after import = 0

========================================================================
Received Import Request.
  Time since last request: 0.000033 seconds.
  path: Assets/Scripts/HubScene/HubLoadoutSlotUI.cs
  artifactKey: Guid(0e6c96ae7b176f645b2819eb876d017e) Importer(815301076,1909f56bfc062723c751e8b465ee728b)
Start importing Assets/Scripts/HubScene/HubLoadoutSlotUI.cs using Guid(0e6c96ae7b176f645b2819eb876d017e) Importer(815301076,1909f56bfc062723c751e8b465ee728b) (PreviewImporter) -> (artifact id: '00000000000000000000000000000000') in 0.0011045 seconds
Import Error Code:(4)
Message: Build asset version error: assets/scripts/hubscene/hubloadoutslotui.cs in SourceAssetDB has modification time of '2026-02-24T13:29:17.0065298Z' while content on disk has modification time of '2026-02-24T13:29:27.8109936Z'
  ERROR: Build asset version error: assets/scripts/hubscene/hubloadoutslotui.cs in SourceAssetDB has modification time of '2026-02-24T13:29:17.0065298Z' while content on disk has modification time of '2026-02-24T13:29:27.8109936Z'
Number of updated asset objects reloaded before import = 0Number of asset objects unloaded after import = 0

========================================================================
Received Import Request.
  Time since last request: 0.000029 seconds.
  path: Assets/Scripts/HubScene/HubLoadoutSlotUI.cs
  artifactKey: Guid(0e6c96ae7b176f645b2819eb876d017e) Importer(815301076,1909f56bfc062723c751e8b465ee728b)
Start importing Assets/Scripts/HubScene/HubLoadoutSlotUI.cs using Guid(0e6c96ae7b176f645b2819eb876d017e) Importer(815301076,1909f56bfc062723c751e8b465ee728b) (PreviewImporter) -> (artifact id: '00000000000000000000000000000000') in 0.0008637 seconds
Import Error Code:(4)
Message: Build asset version error: assets/scripts/hubscene/hubloadoutslotui.cs in SourceAssetDB has modification time of '2026-02-24T13:29:17.0065298Z' while content on disk has modification time of '2026-02-24T13:29:27.8109936Z'
  ERROR: Build asset version error: assets/scripts/hubscene/hubloadoutslotui.cs in SourceAssetDB has modification time of '2026-02-24T13:29:17.0065298Z' while content on disk has modification time of '2026-02-24T13:29:27.8109936Z'
Number of updated asset objects reloaded before import = 0Number of asset objects unloaded after import = 0

========================================================================
Received Import Request.
  Time since last request: 0.000042 seconds.
  path: Assets/Scripts/HubScene/HubLoadoutSlotUI.cs
  artifactKey: Guid(0e6c96ae7b176f645b2819eb876d017e) Importer(815301076,1909f56bfc062723c751e8b465ee728b)
Start importing Assets/Scripts/HubScene/HubLoadoutSlotUI.cs using Guid(0e6c96ae7b176f645b2819eb876d017e) Importer(815301076,1909f56bfc062723c751e8b465ee728b) (PreviewImporter) -> (artifact id: '00000000000000000000000000000000') in 0.0012061 seconds
Import Error Code:(4)
Message: Build asset version error: assets/scripts/hubscene/hubloadoutslotui.cs in SourceAssetDB has modification time of '2026-02-24T13:29:17.0065298Z' while content on disk has modification time of '2026-02-24T13:29:27.8109936Z'
  ERROR: Build asset version error: assets/scripts/hubscene/hubloadoutslotui.cs in SourceAssetDB has modification time of '2026-02-24T13:29:17.0065298Z' while content on disk has modification time of '2026-02-24T13:29:27.8109936Z'
Number of updated asset objects reloaded before import = 0Number of asset objects unloaded after import = 0

========================================================================
Received Import Request.
  Time since last request: 0.000078 seconds.
  path: Assets/Scripts/HubScene/HubLoadoutSlotUI.cs
  artifactKey: Guid(0e6c96ae7b176f645b2819eb876d017e) Importer(815301076,1909f56bfc062723c751e8b465ee728b)
Start importing Assets/Scripts/HubScene/HubLoadoutSlotUI.cs using Guid(0e6c96ae7b176f645b2819eb876d017e) Importer(815301076,1909f56bfc062723c751e8b465ee728b) (PreviewImporter) -> (artifact id: '00000000000000000000000000000000') in 0.0012004 seconds
Import Error Code:(4)
Message: Build asset version error: assets/scripts/hubscene/hubloadoutslotui.cs in SourceAssetDB has modification time of '2026-02-24T13:29:17.0065298Z' while content on disk has modification time of '2026-02-24T13:29:27.8109936Z'
  ERROR: Build asset version error: assets/scripts/hubscene/hubloadoutslotui.cs in SourceAssetDB has modification time of '2026-02-24T13:29:17.0065298Z' while content on disk has modification time of '2026-02-24T13:29:27.8109936Z'
Number of updated asset objects reloaded before import = 0Number of asset objects unloaded after import = 0

========================================================================
Received Import Request.
  Time since last request: 0.000026 seconds.
  path: Assets/Scripts/HubScene/HubLoadoutSlotUI.cs
  artifactKey: Guid(0e6c96ae7b176f645b2819eb876d017e) Importer(815301076,1909f56bfc062723c751e8b465ee728b)
Start importing Assets/Scripts/HubScene/HubLoadoutSlotUI.cs using Guid(0e6c96ae7b176f645b2819eb876d017e) Importer(815301076,1909f56bfc062723c751e8b465ee728b) (PreviewImporter) -> (artifact id: '00000000000000000000000000000000') in 0.0008671 seconds
Import Error Code:(4)
Message: Build asset version error: assets/scripts/hubscene/hubloadoutslotui.cs in SourceAssetDB has modification time of '2026-02-24T13:29:17.0065298Z' while content on disk has modification time of '2026-02-24T13:29:27.8109936Z'
  ERROR: Build asset version error: assets/scripts/hubscene/hubloadoutslotui.cs in SourceAssetDB has modification time of '2026-02-24T13:29:17.0065298Z' while content on disk has modification time of '2026-02-24T13:29:27.8109936Z'
Number of updated asset objects reloaded before import = 0Number of asset objects unloaded after import = 0

========================================================================
Received Import Request.
  Time since last request: 0.000032 seconds.
  path: Assets/Scripts/HubScene/HubLoadoutSlotUI.cs
  artifactKey: Guid(0e6c96ae7b176f645b2819eb876d017e) Importer(815301076,1909f56bfc062723c751e8b465ee728b)
Start importing Assets/Scripts/HubScene/HubLoadoutSlotUI.cs using Guid(0e6c96ae7b176f645b2819eb876d017e) Importer(815301076,1909f56bfc062723c751e8b465ee728b) (PreviewImporter) -> (artifact id: '00000000000000000000000000000000') in 0.0010784 seconds
Import Error Code:(4)
Message: Build asset version error: assets/scripts/hubscene/hubloadoutslotui.cs in SourceAssetDB has modification time of '2026-02-24T13:29:17.0065298Z' while content on disk has modification time of '2026-02-24T13:29:27.8109936Z'
  ERROR: Build asset version error: assets/scripts/hubscene/hubloadoutslotui.cs in SourceAssetDB has modification time of '2026-02-24T13:29:17.0065298Z' while content on disk has modification time of '2026-02-24T13:29:27.8109936Z'
Number of updated asset objects reloaded before import = 0Number of asset objects unloaded after import = 0

========================================================================
Received Import Request.
  Time since last request: 0.000021 seconds.
  path: Assets/Scripts/HubScene/HubLoadoutSlotUI.cs
  artifactKey: Guid(0e6c96ae7b176f645b2819eb876d017e) Importer(815301076,1909f56bfc062723c751e8b465ee728b)
Start importing Assets/Scripts/HubScene/HubLoadoutSlotUI.cs using Guid(0e6c96ae7b176f645b2819eb876d017e) Importer(815301076,1909f56bfc062723c751e8b465ee728b) (PreviewImporter) -> (artifact id: '00000000000000000000000000000000') in 0.0011429 seconds
Import Error Code:(4)
Message: Build asset version error: assets/scripts/hubscene/hubloadoutslotui.cs in SourceAssetDB has modification time of '2026-02-24T13:29:17.0065298Z' while content on disk has modification time of '2026-02-24T13:29:27.8109936Z'
  ERROR: Build asset version error: assets/scripts/hubscene/hubloadoutslotui.cs in SourceAssetDB has modification time of '2026-02-24T13:29:17.0065298Z' while content on disk has modification time of '2026-02-24T13:29:27.8109936Z'
Number of updated asset objects reloaded before import = 0Number of asset objects unloaded after import = 0

========================================================================
Received Import Request.
  Time since last request: 0.000023 seconds.
  path: Assets/Scripts/HubScene/HubLoadoutSlotUI.cs
  artifactKey: Guid(0e6c96ae7b176f645b2819eb876d017e) Importer(815301076,1909f56bfc062723c751e8b465ee728b)
Start importing Assets/Scripts/HubScene/HubLoadoutSlotUI.cs using Guid(0e6c96ae7b176f645b2819eb876d017e) Importer(815301076,1909f56bfc062723c751e8b465ee728b) (PreviewImporter) -> (artifact id: '00000000000000000000000000000000') in 0.001051 seconds
Import Error Code:(4)
Message: Build asset version error: assets/scripts/hubscene/hubloadoutslotui.cs in SourceAssetDB has modification time of '2026-02-24T13:29:17.0065298Z' while content on disk has modification time of '2026-02-24T13:29:27.8109936Z'
  ERROR: Build asset version error: assets/scripts/hubscene/hubloadoutslotui.cs in SourceAssetDB has modification time of '2026-02-24T13:29:17.0065298Z' while content on disk has modification time of '2026-02-24T13:29:27.8109936Z'
Number of updated asset objects reloaded before import = 0Number of asset objects unloaded after import = 0

========================================================================
Received Import Request.
  Time since last request: 0.000024 seconds.
  path: Assets/Scripts/HubScene/HubLoadoutSlotUI.cs
  artifactKey: Guid(0e6c96ae7b176f645b2819eb876d017e) Importer(815301076,1909f56bfc062723c751e8b465ee728b)
Start importing Assets/Scripts/HubScene/HubLoadoutSlotUI.cs using Guid(0e6c96ae7b176f645b2819eb876d017e) Importer(815301076,1909f56bfc062723c751e8b465ee728b) (PreviewImporter) -> (artifact id: '00000000000000000000000000000000') in 0.0007248 seconds
Import Error Code:(4)
Message: Build asset version error: assets/scripts/hubscene/hubloadoutslotui.cs in SourceAssetDB has modification time of '2026-02-24T13:29:17.0065298Z' while content on disk has modification time of '2026-02-24T13:29:27.8109936Z'
  ERROR: Build asset version error: assets/scripts/hubscene/hubloadoutslotui.cs in SourceAssetDB has modification time of '2026-02-24T13:29:17.0065298Z' while content on disk has modification time of '2026-02-24T13:29:27.8109936Z'
Number of updated asset objects reloaded before import = 0Number of asset objects unloaded after import = 0

========================================================================
Received Import Request.
  Time since last request: 0.000025 seconds.
  path: Assets/Scripts/HubScene/HubLoadoutSlotUI.cs
  artifactKey: Guid(0e6c96ae7b176f645b2819eb876d017e) Importer(815301076,1909f56bfc062723c751e8b465ee728b)
Start importing Assets/Scripts/HubScene/HubLoadoutSlotUI.cs using Guid(0e6c96ae7b176f645b2819eb876d017e) Importer(815301076,1909f56bfc062723c751e8b465ee728b) (PreviewImporter) -> (artifact id: '00000000000000000000000000000000') in 0.0007514 seconds
Import Error Code:(4)
Message: Build asset version error: assets/scripts/hubscene/hubloadoutslotui.cs in SourceAssetDB has modification time of '2026-02-24T13:29:17.0065298Z' while content on disk has modification time of '2026-02-24T13:29:27.8109936Z'
  ERROR: Build asset version error: assets/scripts/hubscene/hubloadoutslotui.cs in SourceAssetDB has modification time of '2026-02-24T13:29:17.0065298Z' while content on disk has modification time of '2026-02-24T13:29:27.8109936Z'
Number of updated asset objects reloaded before import = 0Number of asset objects unloaded after import = 0

========================================================================
Received Import Request.
  Time since last request: 0.000036 seconds.
  path: Assets/Scripts/HubScene/HubLoadoutSlotUI.cs
  artifactKey: Guid(0e6c96ae7b176f645b2819eb876d017e) Importer(815301076,1909f56bfc062723c751e8b465ee728b)
Start importing Assets/Scripts/HubScene/HubLoadoutSlotUI.cs using Guid(0e6c96ae7b176f645b2819eb876d017e) Importer(815301076,1909f56bfc062723c751e8b465ee728b) (PreviewImporter) -> (artifact id: '00000000000000000000000000000000') in 0.0007443 seconds
Import Error Code:(4)
Message: Build asset version error: assets/scripts/hubscene/hubloadoutslotui.cs in SourceAssetDB has modification time of '2026-02-24T13:29:17.0065298Z' while content on disk has modification time of '2026-02-24T13:29:27.8109936Z'
  ERROR: Build asset version error: assets/scripts/hubscene/hubloadoutslotui.cs in SourceAssetDB has modification time of '2026-02-24T13:29:17.0065298Z' while content on disk has modification time of '2026-02-24T13:29:27.8109936Z'
Number of updated asset objects reloaded before import = 0Number of asset objects unloaded after import = 0

========================================================================
Received Import Request.
  Time since last request: 0.000025 seconds.
  path: Assets/Scripts/HubScene/HubLoadoutSlotUI.cs
  artifactKey: Guid(0e6c96ae7b176f645b2819eb876d017e) Importer(815301076,1909f56bfc062723c751e8b465ee728b)
Start importing Assets/Scripts/HubScene/HubLoadoutSlotUI.cs using Guid(0e6c96ae7b176f645b2819eb876d017e) Importer(815301076,1909f56bfc062723c751e8b465ee728b) (PreviewImporter) -> (artifact id: '00000000000000000000000000000000') in 0.0010103 seconds
Import Error Code:(4)
Message: Build asset version error: assets/scripts/hubscene/hubloadoutslotui.cs in SourceAssetDB has modification time of '2026-02-24T13:29:17.0065298Z' while content on disk has modification time of '2026-02-24T13:29:27.8109936Z'
  ERROR: Build asset version error: assets/scripts/hubscene/hubloadoutslotui.cs in SourceAssetDB has modification time of '2026-02-24T13:29:17.0065298Z' while content on disk has modification time of '2026-02-24T13:29:27.8109936Z'
Number of updated asset objects reloaded before import = 0Number of asset objects unloaded after import = 0

========================================================================
Received Import Request.
  Time since last request: 0.000033 seconds.
  path: Assets/Scripts/HubScene/HubLoadoutSlotUI.cs
  artifactKey: Guid(0e6c96ae7b176f645b2819eb876d017e) Importer(815301076,1909f56bfc062723c751e8b465ee728b)
Start importing Assets/Scripts/HubScene/HubLoadoutSlotUI.cs using Guid(0e6c96ae7b176f645b2819eb876d017e) Importer(815301076,1909f56bfc062723c751e8b465ee728b) (PreviewImporter) -> (artifact id: '00000000000000000000000000000000') in 0.0010788 seconds
Import Error Code:(4)
Message: Build asset version error: assets/scripts/hubscene/hubloadoutslotui.cs in SourceAssetDB has modification time of '2026-02-24T13:29:17.0065298Z' while content on disk has modification time of '2026-02-24T13:29:27.8109936Z'
  ERROR: Build asset version error: assets/scripts/hubscene/hubloadoutslotui.cs in SourceAssetDB has modification time of '2026-02-24T13:29:17.0065298Z' while content on disk has modification time of '2026-02-24T13:29:27.8109936Z'
Number of updated asset objects reloaded before import = 0Number of asset objects unloaded after import = 0

========================================================================
Received Import Request.
  Time since last request: 0.000036 seconds.
  path: Assets/Scripts/HubScene/HubLoadoutSlotUI.cs
  artifactKey: Guid(0e6c96ae7b176f645b2819eb876d017e) Importer(815301076,1909f56bfc062723c751e8b465ee728b)
Start importing Assets/Scripts/HubScene/HubLoadoutSlotUI.cs using Guid(0e6c96ae7b176f645b2819eb876d017e) Importer(815301076,1909f56bfc062723c751e8b465ee728b) (PreviewImporter) -> (artifact id: '00000000000000000000000000000000') in 0.0010155 seconds
Import Error Code:(4)
Message: Build asset version error: assets/scripts/hubscene/hubloadoutslotui.cs in SourceAssetDB has modification time of '2026-02-24T13:29:17.0065298Z' while content on disk has modification time of '2026-02-24T13:29:27.8109936Z'
  ERROR: Build asset version error: assets/scripts/hubscene/hubloadoutslotui.cs in SourceAssetDB has modification time of '2026-02-24T13:29:17.0065298Z' while content on disk has modification time of '2026-02-24T13:29:27.8109936Z'
Number of updated asset objects reloaded before import = 0Number of asset objects unloaded after import = 0

========================================================================
Received Import Request.
  Time since last request: 0.000042 seconds.
  path: Assets/Scripts/HubScene/HubLoadoutSlotUI.cs
  artifactKey: Guid(0e6c96ae7b176f645b2819eb876d017e) Importer(815301076,1909f56bfc062723c751e8b465ee728b)
Start importing Assets/Scripts/HubScene/HubLoadoutSlotUI.cs using Guid(0e6c96ae7b176f645b2819eb876d017e) Importer(815301076,1909f56bfc062723c751e8b465ee728b) (PreviewImporter) -> (artifact id: '00000000000000000000000000000000') in 0.0009672 seconds
Import Error Code:(4)
Message: Build asset version error: assets/scripts/hubscene/hubloadoutslotui.cs in SourceAssetDB has modification time of '2026-02-24T13:29:17.0065298Z' while content on disk has modification time of '2026-02-24T13:29:27.8109936Z'
  ERROR: Build asset version error: assets/scripts/hubscene/hubloadoutslotui.cs in SourceAssetDB has modification time of '2026-02-24T13:29:17.0065298Z' while content on disk has modification time of '2026-02-24T13:29:27.8109936Z'
Number of updated asset objects reloaded before import = 0Number of asset objects unloaded after import = 0

========================================================================
Received Import Request.
  Time since last request: 0.000032 seconds.
  path: Assets/Scripts/HubScene/HubLoadoutSlotUI.cs
  artifactKey: Guid(0e6c96ae7b176f645b2819eb876d017e) Importer(815301076,1909f56bfc062723c751e8b465ee728b)
Start importing Assets/Scripts/HubScene/HubLoadoutSlotUI.cs using Guid(0e6c96ae7b176f645b2819eb876d017e) Importer(815301076,1909f56bfc062723c751e8b465ee728b) (PreviewImporter) -> (artifact id: '00000000000000000000000000000000') in 0.0011772 seconds
Import Error Code:(4)
Message: Build asset version error: assets/scripts/hubscene/hubloadoutslotui.cs in SourceAssetDB has modification time of '2026-02-24T13:29:17.0065298Z' while content on disk has modification time of '2026-02-24T13:29:27.8109936Z'
  ERROR: Build asset version error: assets/scripts/hubscene/hubloadoutslotui.cs in SourceAssetDB has modification time of '2026-02-24T13:29:17.0065298Z' while content on disk has modification time of '2026-02-24T13:29:27.8109936Z'
Number of updated asset objects reloaded before import = 0Number of asset objects unloaded after import = 0

========================================================================
Received Import Request.
  Time since last request: 0.000027 seconds.
  path: Assets/Scripts/HubScene/HubLoadoutSlotUI.cs
  artifactKey: Guid(0e6c96ae7b176f645b2819eb876d017e) Importer(815301076,1909f56bfc062723c751e8b465ee728b)
Start importing Assets/Scripts/HubScene/HubLoadoutSlotUI.cs using Guid(0e6c96ae7b176f645b2819eb876d017e) Importer(815301076,1909f56bfc062723c751e8b465ee728b) (PreviewImporter) -> (artifact id: '00000000000000000000000000000000') in 0.0011848 seconds
Import Error Code:(4)
Message: Build asset version error: assets/scripts/hubscene/hubloadoutslotui.cs in SourceAssetDB has modification time of '2026-02-24T13:29:17.0065298Z' while content on disk has modification time of '2026-02-24T13:29:27.8109936Z'
  ERROR: Build asset version error: assets/scripts/hubscene/hubloadoutslotui.cs in SourceAssetDB has modification time of '2026-02-24T13:29:17.0065298Z' while content on disk has modification time of '2026-02-24T13:29:27.8109936Z'
Number of updated asset objects reloaded before import = 0Number of asset objects unloaded after import = 0

========================================================================
Received Import Request.
  Time since last request: 0.000030 seconds.
  path: Assets/Scripts/HubScene/HubLoadoutSlotUI.cs
  artifactKey: Guid(0e6c96ae7b176f645b2819eb876d017e) Importer(815301076,1909f56bfc062723c751e8b465ee728b)
Start importing Assets/Scripts/HubScene/HubLoadoutSlotUI.cs using Guid(0e6c96ae7b176f645b2819eb876d017e) Importer(815301076,1909f56bfc062723c751e8b465ee728b) (PreviewImporter) -> (artifact id: '00000000000000000000000000000000') in 0.0009351 seconds
Import Error Code:(4)
Message: Build asset version error: assets/scripts/hubscene/hubloadoutslotui.cs in SourceAssetDB has modification time of '2026-02-24T13:29:17.0065298Z' while content on disk has modification time of '2026-02-24T13:29:27.8109936Z'
  ERROR: Build asset version error: assets/scripts/hubscene/hubloadoutslotui.cs in SourceAssetDB has modification time of '2026-02-24T13:29:17.0065298Z' while content on disk has modification time of '2026-02-24T13:29:27.8109936Z'
Number of updated asset objects reloaded before import = 0Number of asset objects unloaded after import = 0

========================================================================
Received Import Request.
  Time since last request: 0.000046 seconds.
  path: Assets/Scripts/HubScene/HubLoadoutSlotUI.cs
  artifactKey: Guid(0e6c96ae7b176f645b2819eb876d017e) Importer(815301076,1909f56bfc062723c751e8b465ee728b)
Start importing Assets/Scripts/HubScene/HubLoadoutSlotUI.cs using Guid(0e6c96ae7b176f645b2819eb876d017e) Importer(815301076,1909f56bfc062723c751e8b465ee728b) (PreviewImporter) -> (artifact id: '00000000000000000000000000000000') in 0.001006 seconds
Import Error Code:(4)
Message: Build asset version error: assets/scripts/hubscene/hubloadoutslotui.cs in SourceAssetDB has modification time of '2026-02-24T13:29:17.0065298Z' while content on disk has modification time of '2026-02-24T13:29:27.8109936Z'
  ERROR: Build asset version error: assets/scripts/hubscene/hubloadoutslotui.cs in SourceAssetDB has modification time of '2026-02-24T13:29:17.0065298Z' while content on disk has modification time of '2026-02-24T13:29:27.8109936Z'
Number of updated asset objects reloaded before import = 0Number of asset objects unloaded after import = 0

========================================================================
Received Import Request.
  Time since last request: 0.000024 seconds.
  path: Assets/Scripts/HubScene/HubLoadoutSlotUI.cs
  artifactKey: Guid(0e6c96ae7b176f645b2819eb876d017e) Importer(815301076,1909f56bfc062723c751e8b465ee728b)
Start importing Assets/Scripts/HubScene/HubLoadoutSlotUI.cs using Guid(0e6c96ae7b176f645b2819eb876d017e) Importer(815301076,1909f56bfc062723c751e8b465ee728b) (PreviewImporter) -> (artifact id: '00000000000000000000000000000000') in 0.0015321 seconds
Import Error Code:(4)
Message: Build asset version error: assets/scripts/hubscene/hubloadoutslotui.cs in SourceAssetDB has modification time of '2026-02-24T13:29:17.0065298Z' while content on disk has modification time of '2026-02-24T13:29:27.8109936Z'
  ERROR: Build asset version error: assets/scripts/hubscene/hubloadoutslotui.cs in SourceAssetDB has modification time of '2026-02-24T13:29:17.0065298Z' while content on disk has modification time of '2026-02-24T13:29:27.8109936Z'
Number of updated asset objects reloaded before import = 0Number of asset objects unloaded after import = 0

========================================================================
Received Import Request.
  Time since last request: 0.000030 seconds.
  path: Assets/Scripts/HubScene/HubLoadoutSlotUI.cs
  artifactKey: Guid(0e6c96ae7b176f645b2819eb876d017e) Importer(815301076,1909f56bfc062723c751e8b465ee728b)
Start importing Assets/Scripts/HubScene/HubLoadoutSlotUI.cs using Guid(0e6c96ae7b176f645b2819eb876d017e) Importer(815301076,1909f56bfc062723c751e8b465ee728b) (PreviewImporter) -> (artifact id: '00000000000000000000000000000000') in 0.0011107 seconds
Import Error Code:(4)
Message: Build asset version error: assets/scripts/hubscene/hubloadoutslotui.cs in SourceAssetDB has modification time of '2026-02-24T13:29:17.0065298Z' while content on disk has modification time of '2026-02-24T13:29:27.8109936Z'
  ERROR: Build asset version error: assets/scripts/hubscene/hubloadoutslotui.cs in SourceAssetDB has modification time of '2026-02-24T13:29:17.0065298Z' while content on disk has modification time of '2026-02-24T13:29:27.8109936Z'
Number of updated asset objects reloaded before import = 0Number of asset objects unloaded after import = 0

========================================================================
Received Import Request.
  Time since last request: 0.000039 seconds.
  path: Assets/Scripts/HubScene/HubLoadoutSlotUI.cs
  artifactKey: Guid(0e6c96ae7b176f645b2819eb876d017e) Importer(815301076,1909f56bfc062723c751e8b465ee728b)
Start importing Assets/Scripts/HubScene/HubLoadoutSlotUI.cs using Guid(0e6c96ae7b176f645b2819eb876d017e) Importer(815301076,1909f56bfc062723c751e8b465ee728b) (PreviewImporter) -> (artifact id: '00000000000000000000000000000000') in 0.0011613 seconds
Import Error Code:(4)
Message: Build asset version error: assets/scripts/hubscene/hubloadoutslotui.cs in SourceAssetDB has modification time of '2026-02-24T13:29:17.0065298Z' while content on disk has modification time of '2026-02-24T13:29:27.8109936Z'
  ERROR: Build asset version error: assets/scripts/hubscene/hubloadoutslotui.cs in SourceAssetDB has modification time of '2026-02-24T13:29:17.0065298Z' while content on disk has modification time of '2026-02-24T13:29:27.8109936Z'
Number of updated asset objects reloaded before import = 0Number of asset objects unloaded after import = 0

========================================================================
Received Import Request.
  Time since last request: 0.000041 seconds.
  path: Assets/Scripts/HubScene/HubLoadoutSlotUI.cs
  artifactKey: Guid(0e6c96ae7b176f645b2819eb876d017e) Importer(815301076,1909f56bfc062723c751e8b465ee728b)
Start importing Assets/Scripts/HubScene/HubLoadoutSlotUI.cs using Guid(0e6c96ae7b176f645b2819eb876d017e) Importer(815301076,1909f56bfc062723c751e8b465ee728b) (PreviewImporter) -> (artifact id: '00000000000000000000000000000000') in 0.0012016 seconds
Import Error Code:(4)
Message: Build asset version error: assets/scripts/hubscene/hubloadoutslotui.cs in SourceAssetDB has modification time of '2026-02-24T13:29:17.0065298Z' while content on disk has modification time of '2026-02-24T13:29:27.8109936Z'
  ERROR: Build asset version error: assets/scripts/hubscene/hubloadoutslotui.cs in SourceAssetDB has modification time of '2026-02-24T13:29:17.0065298Z' while content on disk has modification time of '2026-02-24T13:29:27.8109936Z'
Number of updated asset objects reloaded before import = 0Number of asset objects unloaded after import = 0

========================================================================
Received Import Request.
  Time since last request: 0.000024 seconds.
  path: Assets/Scripts/HubScene/HubLoadoutSlotUI.cs
  artifactKey: Guid(0e6c96ae7b176f645b2819eb876d017e) Importer(815301076,1909f56bfc062723c751e8b465ee728b)
Start importing Assets/Scripts/HubScene/HubLoadoutSlotUI.cs using Guid(0e6c96ae7b176f645b2819eb876d017e) Importer(815301076,1909f56bfc062723c751e8b465ee728b) (PreviewImporter) -> (artifact id: '00000000000000000000000000000000') in 0.0011203 seconds
Import Error Code:(4)
Message: Build asset version error: assets/scripts/hubscene/hubloadoutslotui.cs in SourceAssetDB has modification time of '2026-02-24T13:29:17.0065298Z' while content on disk has modification time of '2026-02-24T13:29:27.8109936Z'
  ERROR: Build asset version error: assets/scripts/hubscene/hubloadoutslotui.cs in SourceAssetDB has modification time of '2026-02-24T13:29:17.0065298Z' while content on disk has modification time of '2026-02-24T13:29:27.8109936Z'
Number of updated asset objects reloaded before import = 0Number of asset objects unloaded after import = 0

========================================================================
Received Import Request.
  Time since last request: 0.000028 seconds.
  path: Assets/Scripts/HubScene/HubLoadoutSlotUI.cs
  artifactKey: Guid(0e6c96ae7b176f645b2819eb876d017e) Importer(815301076,1909f56bfc062723c751e8b465ee728b)
Start importing Assets/Scripts/HubScene/HubLoadoutSlotUI.cs using Guid(0e6c96ae7b176f645b2819eb876d017e) Importer(815301076,1909f56bfc062723c751e8b465ee728b) (PreviewImporter) -> (artifact id: '00000000000000000000000000000000') in 0.0010911 seconds
Import Error Code:(4)
Message: Build asset version error: assets/scripts/hubscene/hubloadoutslotui.cs in SourceAssetDB has modification time of '2026-02-24T13:29:17.0065298Z' while content on disk has modification time of '2026-02-24T13:29:27.8109936Z'
  ERROR: Build asset version error: assets/scripts/hubscene/hubloadoutslotui.cs in SourceAssetDB has modification time of '2026-02-24T13:29:17.0065298Z' while content on disk has modification time of '2026-02-24T13:29:27.8109936Z'
Number of updated asset objects reloaded before import = 0Number of asset objects unloaded after import = 0

========================================================================
Received Import Request.
  Time since last request: 0.000041 seconds.
  path: Assets/Scripts/HubScene/HubLoadoutSlotUI.cs
  artifactKey: Guid(0e6c96ae7b176f645b2819eb876d017e) Importer(815301076,1909f56bfc062723c751e8b465ee728b)
Start importing Assets/Scripts/HubScene/HubLoadoutSlotUI.cs using Guid(0e6c96ae7b176f645b2819eb876d017e) Importer(815301076,1909f56bfc062723c751e8b465ee728b) (PreviewImporter) -> (artifact id: '00000000000000000000000000000000') in 0.0008966 seconds
Import Error Code:(4)
Message: Build asset version error: assets/scripts/hubscene/hubloadoutslotui.cs in SourceAssetDB has modification time of '2026-02-24T13:29:17.0065298Z' while content on disk has modification time of '2026-02-24T13:29:27.8109936Z'
  ERROR: Build asset version error: assets/scripts/hubscene/hubloadoutslotui.cs in SourceAssetDB has modification time of '2026-02-24T13:29:17.0065298Z' while content on disk has modification time of '2026-02-24T13:29:27.8109936Z'
Number of updated asset objects reloaded before import = 0Number of asset objects unloaded after import = 0

========================================================================
Received Import Request.
  Time since last request: 0.000056 seconds.
  path: Assets/Scripts/HubScene/HubLoadoutSlotUI.cs
  artifactKey: Guid(0e6c96ae7b176f645b2819eb876d017e) Importer(815301076,1909f56bfc062723c751e8b465ee728b)
Start importing Assets/Scripts/HubScene/HubLoadoutSlotUI.cs using Guid(0e6c96ae7b176f645b2819eb876d017e) Importer(815301076,1909f56bfc062723c751e8b465ee728b) (PreviewImporter) -> (artifact id: '00000000000000000000000000000000') in 0.0010234 seconds
Import Error Code:(4)
Message: Build asset version error: assets/scripts/hubscene/hubloadoutslotui.cs in SourceAssetDB has modification time of '2026-02-24T13:29:17.0065298Z' while content on disk has modification time of '2026-02-24T13:29:27.8109936Z'
  ERROR: Build asset version error: assets/scripts/hubscene/hubloadoutslotui.cs in SourceAssetDB has modification time of '2026-02-24T13:29:17.0065298Z' while content on disk has modification time of '2026-02-24T13:29:27.8109936Z'
Number of updated asset objects reloaded before import = 0Number of asset objects unloaded after import = 0

========================================================================
Received Import Request.
  Time since last request: 0.000038 seconds.
  path: Assets/Scripts/HubScene/HubLoadoutSlotUI.cs
  artifactKey: Guid(0e6c96ae7b176f645b2819eb876d017e) Importer(815301076,1909f56bfc062723c751e8b465ee728b)
Start importing Assets/Scripts/HubScene/HubLoadoutSlotUI.cs using Guid(0e6c96ae7b176f645b2819eb876d017e) Importer(815301076,1909f56bfc062723c751e8b465ee728b) (PreviewImporter) -> (artifact id: '00000000000000000000000000000000') in 0.0010997 seconds
Import Error Code:(4)
Message: Build asset version error: assets/scripts/hubscene/hubloadoutslotui.cs in SourceAssetDB has modification time of '2026-02-24T13:29:17.0065298Z' while content on disk has modification time of '2026-02-24T13:29:27.8109936Z'
  ERROR: Build asset version error: assets/scripts/hubscene/hubloadoutslotui.cs in SourceAssetDB has modification time of '2026-02-24T13:29:17.0065298Z' while content on disk has modification time of '2026-02-24T13:29:27.8109936Z'
Number of updated asset objects reloaded before import = 0Number of asset objects unloaded after import = 0

========================================================================
Received Import Request.
  Time since last request: 0.000082 seconds.
  path: Assets/Scripts/HubScene/HubLoadoutSlotUI.cs
  artifactKey: Guid(0e6c96ae7b176f645b2819eb876d017e) Importer(815301076,1909f56bfc062723c751e8b465ee728b)
Start importing Assets/Scripts/HubScene/HubLoadoutSlotUI.cs using Guid(0e6c96ae7b176f645b2819eb876d017e) Importer(815301076,1909f56bfc062723c751e8b465ee728b) (PreviewImporter) -> (artifact id: '00000000000000000000000000000000') in 0.0013641 seconds
Import Error Code:(4)
Message: Build asset version error: assets/scripts/hubscene/hubloadoutslotui.cs in SourceAssetDB has modification time of '2026-02-24T13:29:17.0065298Z' while content on disk has modification time of '2026-02-24T13:29:27.8109936Z'
  ERROR: Build asset version error: assets/scripts/hubscene/hubloadoutslotui.cs in SourceAssetDB has modification time of '2026-02-24T13:29:17.0065298Z' while content on disk has modification time of '2026-02-24T13:29:27.8109936Z'
Number of updated asset objects reloaded before import = 0Number of asset objects unloaded after import = 0

========================================================================
Received Import Request.
  Time since last request: 0.000046 seconds.
  path: Assets/Scripts/HubScene/HubLoadoutSlotUI.cs
  artifactKey: Guid(0e6c96ae7b176f645b2819eb876d017e) Importer(815301076,1909f56bfc062723c751e8b465ee728b)
Start importing Assets/Scripts/HubScene/HubLoadoutSlotUI.cs using Guid(0e6c96ae7b176f645b2819eb876d017e) Importer(815301076,1909f56bfc062723c751e8b465ee728b) (PreviewImporter) -> (artifact id: '00000000000000000000000000000000') in 0.0014192 seconds
Import Error Code:(4)
Message: Build asset version error: assets/scripts/hubscene/hubloadoutslotui.cs in SourceAssetDB has modification time of '2026-02-24T13:29:17.0065298Z' while content on disk has modification time of '2026-02-24T13:29:27.8109936Z'
  ERROR: Build asset version error: assets/scripts/hubscene/hubloadoutslotui.cs in SourceAssetDB has modification time of '2026-02-24T13:29:17.0065298Z' while content on disk has modification time of '2026-02-24T13:29:27.8109936Z'
Number of updated asset objects reloaded before import = 0Number of asset objects unloaded after import = 0

========================================================================
Received Import Request.
  Time since last request: 0.000039 seconds.
  path: Assets/Scripts/HubScene/HubLoadoutSlotUI.cs
  artifactKey: Guid(0e6c96ae7b176f645b2819eb876d017e) Importer(815301076,1909f56bfc062723c751e8b465ee728b)
Start importing Assets/Scripts/HubScene/HubLoadoutSlotUI.cs using Guid(0e6c96ae7b176f645b2819eb876d017e) Importer(815301076,1909f56bfc062723c751e8b465ee728b) (PreviewImporter) -> (artifact id: '00000000000000000000000000000000') in 0.0009316 seconds
Import Error Code:(4)
Message: Build asset version error: assets/scripts/hubscene/hubloadoutslotui.cs in SourceAssetDB has modification time of '2026-02-24T13:29:17.0065298Z' while content on disk has modification time of '2026-02-24T13:29:27.8109936Z'
  ERROR: Build asset version error: assets/scripts/hubscene/hubloadoutslotui.cs in SourceAssetDB has modification time of '2026-02-24T13:29:17.0065298Z' while content on disk has modification time of '2026-02-24T13:29:27.8109936Z'
Number of updated asset objects reloaded before import = 0Number of asset objects unloaded after import = 0

========================================================================
Received Import Request.
  Time since last request: 0.000025 seconds.
  path: Assets/Scripts/HubScene/HubLoadoutSlotUI.cs
  artifactKey: Guid(0e6c96ae7b176f645b2819eb876d017e) Importer(815301076,1909f56bfc062723c751e8b465ee728b)
Start importing Assets/Scripts/HubScene/HubLoadoutSlotUI.cs using Guid(0e6c96ae7b176f645b2819eb876d017e) Importer(815301076,1909f56bfc062723c751e8b465ee728b) (PreviewImporter) -> (artifact id: '00000000000000000000000000000000') in 0.0010033 seconds
Import Error Code:(4)
Message: Build asset version error: assets/scripts/hubscene/hubloadoutslotui.cs in SourceAssetDB has modification time of '2026-02-24T13:29:17.0065298Z' while content on disk has modification time of '2026-02-24T13:29:27.8109936Z'
  ERROR: Build asset version error: assets/scripts/hubscene/hubloadoutslotui.cs in SourceAssetDB has modification time of '2026-02-24T13:29:17.0065298Z' while content on disk has modification time of '2026-02-24T13:29:27.8109936Z'
Number of updated asset objects reloaded before import = 0Number of asset objects unloaded after import = 0

========================================================================
Received Import Request.
  Time since last request: 0.000025 seconds.
  path: Assets/Scripts/HubScene/HubLoadoutSlotUI.cs
  artifactKey: Guid(0e6c96ae7b176f645b2819eb876d017e) Importer(815301076,1909f56bfc062723c751e8b465ee728b)
Start importing Assets/Scripts/HubScene/HubLoadoutSlotUI.cs using Guid(0e6c96ae7b176f645b2819eb876d017e) Importer(815301076,1909f56bfc062723c751e8b465ee728b) (PreviewImporter) -> (artifact id: '00000000000000000000000000000000') in 0.0009979 seconds
Import Error Code:(4)
Message: Build asset version error: assets/scripts/hubscene/hubloadoutslotui.cs in SourceAssetDB has modification time of '2026-02-24T13:29:17.0065298Z' while content on disk has modification time of '2026-02-24T13:29:27.8109936Z'
  ERROR: Build asset version error: assets/scripts/hubscene/hubloadoutslotui.cs in SourceAssetDB has modification time of '2026-02-24T13:29:17.0065298Z' while content on disk has modification time of '2026-02-24T13:29:27.8109936Z'
Number of updated asset objects reloaded before import = 0Number of asset objects unloaded after import = 0

========================================================================
Received Import Request.
  Time since last request: 0.000025 seconds.
  path: Assets/Scripts/HubScene/HubLoadoutSlotUI.cs
  artifactKey: Guid(0e6c96ae7b176f645b2819eb876d017e) Importer(815301076,1909f56bfc062723c751e8b465ee728b)
Start importing Assets/Scripts/HubScene/HubLoadoutSlotUI.cs using Guid(0e6c96ae7b176f645b2819eb876d017e) Importer(815301076,1909f56bfc062723c751e8b465ee728b) (PreviewImporter) -> (artifact id: '00000000000000000000000000000000') in 0.0010936 seconds
Import Error Code:(4)
Message: Build asset version error: assets/scripts/hubscene/hubloadoutslotui.cs in SourceAssetDB has modification time of '2026-02-24T13:29:17.0065298Z' while content on disk has modification time of '2026-02-24T13:29:27.8109936Z'
  ERROR: Build asset version error: assets/scripts/hubscene/hubloadoutslotui.cs in SourceAssetDB has modification time of '2026-02-24T13:29:17.0065298Z' while content on disk has modification time of '2026-02-24T13:29:27.8109936Z'
Number of updated asset objects reloaded before import = 0Number of asset objects unloaded after import = 0

========================================================================
Received Import Request.
  Time since last request: 0.000039 seconds.
  path: Assets/Scripts/HubScene/HubLoadoutSlotUI.cs
  artifactKey: Guid(0e6c96ae7b176f645b2819eb876d017e) Importer(815301076,1909f56bfc062723c751e8b465ee728b)
Start importing Assets/Scripts/HubScene/HubLoadoutSlotUI.cs using Guid(0e6c96ae7b176f645b2819eb876d017e) Importer(815301076,1909f56bfc062723c751e8b465ee728b) (PreviewImporter) -> (artifact id: '00000000000000000000000000000000') in 0.0011553 seconds
Import Error Code:(4)
Message: Build asset version error: assets/scripts/hubscene/hubloadoutslotui.cs in SourceAssetDB has modification time of '2026-02-24T13:29:17.0065298Z' while content on disk has modification time of '2026-02-24T13:29:27.8109936Z'
  ERROR: Build asset version error: assets/scripts/hubscene/hubloadoutslotui.cs in SourceAssetDB has modification time of '2026-02-24T13:29:17.0065298Z' while content on disk has modification time of '2026-02-24T13:29:27.8109936Z'
Number of updated asset objects reloaded before import = 0Number of asset objects unloaded after import = 0

========================================================================
Received Import Request.
  Time since last request: 0.000023 seconds.
  path: Assets/Scripts/HubScene/HubLoadoutSlotUI.cs
  artifactKey: Guid(0e6c96ae7b176f645b2819eb876d017e) Importer(815301076,1909f56bfc062723c751e8b465ee728b)
Start importing Assets/Scripts/HubScene/HubLoadoutSlotUI.cs using Guid(0e6c96ae7b176f645b2819eb876d017e) Importer(815301076,1909f56bfc062723c751e8b465ee728b) (PreviewImporter) -> (artifact id: '00000000000000000000000000000000') in 0.0008877 seconds
Import Error Code:(4)
Message: Build asset version error: assets/scripts/hubscene/hubloadoutslotui.cs in SourceAssetDB has modification time of '2026-02-24T13:29:17.0065298Z' while content on disk has modification time of '2026-02-24T13:29:27.8109936Z'
  ERROR: Build asset version error: assets/scripts/hubscene/hubloadoutslotui.cs in SourceAssetDB has modification time of '2026-02-24T13:29:17.0065298Z' while content on disk has modification time of '2026-02-24T13:29:27.8109936Z'
Number of updated asset objects reloaded before import = 0Number of asset objects unloaded after import = 0

========================================================================
Received Import Request.
  Time since last request: 0.000021 seconds.
  path: Assets/Scripts/HubScene/HubLoadoutSlotUI.cs
  artifactKey: Guid(0e6c96ae7b176f645b2819eb876d017e) Importer(815301076,1909f56bfc062723c751e8b465ee728b)
Start importing Assets/Scripts/HubScene/HubLoadoutSlotUI.cs using Guid(0e6c96ae7b176f645b2819eb876d017e) Importer(815301076,1909f56bfc062723c751e8b465ee728b) (PreviewImporter) -> (artifact id: '00000000000000000000000000000000') in 0.0008931 seconds
Import Error Code:(4)
Message: Build asset version error: assets/scripts/hubscene/hubloadoutslotui.cs in SourceAssetDB has modification time of '2026-02-24T13:29:17.0065298Z' while content on disk has modification time of '2026-02-24T13:29:27.8109936Z'
  ERROR: Build asset version error: assets/scripts/hubscene/hubloadoutslotui.cs in SourceAssetDB has modification time of '2026-02-24T13:29:17.0065298Z' while content on disk has modification time of '2026-02-24T13:29:27.8109936Z'
Number of updated asset objects reloaded before import = 0Number of asset objects unloaded after import = 0

========================================================================
Received Import Request.
  Time since last request: 0.000027 seconds.
  path: Assets/Scripts/HubScene/HubLoadoutSlotUI.cs
  artifactKey: Guid(0e6c96ae7b176f645b2819eb876d017e) Importer(815301076,1909f56bfc062723c751e8b465ee728b)
Start importing Assets/Scripts/HubScene/HubLoadoutSlotUI.cs using Guid(0e6c96ae7b176f645b2819eb876d017e) Importer(815301076,1909f56bfc062723c751e8b465ee728b) (PreviewImporter) -> (artifact id: '00000000000000000000000000000000') in 0.0009689 seconds
Import Error Code:(4)
Message: Build asset version error: assets/scripts/hubscene/hubloadoutslotui.cs in SourceAssetDB has modification time of '2026-02-24T13:29:17.0065298Z' while content on disk has modification time of '2026-02-24T13:29:27.8109936Z'
  ERROR: Build asset version error: assets/scripts/hubscene/hubloadoutslotui.cs in SourceAssetDB has modification time of '2026-02-24T13:29:17.0065298Z' while content on disk has modification time of '2026-02-24T13:29:27.8109936Z'
Number of updated asset objects reloaded before import = 0Number of asset objects unloaded after import = 0

========================================================================
Received Import Request.
  Time since last request: 0.000045 seconds.
  path: Assets/Scripts/HubScene/HubLoadoutSlotUI.cs
  artifactKey: Guid(0e6c96ae7b176f645b2819eb876d017e) Importer(815301076,1909f56bfc062723c751e8b465ee728b)
Start importing Assets/Scripts/HubScene/HubLoadoutSlotUI.cs using Guid(0e6c96ae7b176f645b2819eb876d017e) Importer(815301076,1909f56bfc062723c751e8b465ee728b) (PreviewImporter) -> (artifact id: '00000000000000000000000000000000') in 0.0010158 seconds
Import Error Code:(4)
Message: Build asset version error: assets/scripts/hubscene/hubloadoutslotui.cs in SourceAssetDB has modification time of '2026-02-24T13:29:17.0065298Z' while content on disk has modification time of '2026-02-24T13:29:27.8109936Z'
  ERROR: Build asset version error: assets/scripts/hubscene/hubloadoutslotui.cs in SourceAssetDB has modification time of '2026-02-24T13:29:17.0065298Z' while content on disk has modification time of '2026-02-24T13:29:27.8109936Z'
Number of updated asset objects reloaded before import = 0Number of asset objects unloaded after import = 0

========================================================================
Received Import Request.
  Time since last request: 0.000025 seconds.
  path: Assets/Scripts/HubScene/HubLoadoutSlotUI.cs
  artifactKey: Guid(0e6c96ae7b176f645b2819eb876d017e) Importer(815301076,1909f56bfc062723c751e8b465ee728b)
Start importing Assets/Scripts/HubScene/HubLoadoutSlotUI.cs using Guid(0e6c96ae7b176f645b2819eb876d017e) Importer(815301076,1909f56bfc062723c751e8b465ee728b) (PreviewImporter) -> (artifact id: '00000000000000000000000000000000') in 0.0010306 seconds
Import Error Code:(4)
Message: Build asset version error: assets/scripts/hubscene/hubloadoutslotui.cs in SourceAssetDB has modification time of '2026-02-24T13:29:17.0065298Z' while content on disk has modification time of '2026-02-24T13:29:27.8109936Z'
  ERROR: Build asset version error: assets/scripts/hubscene/hubloadoutslotui.cs in SourceAssetDB has modification time of '2026-02-24T13:29:17.0065298Z' while content on disk has modification time of '2026-02-24T13:29:27.8109936Z'
Number of updated asset objects reloaded before import = 0Number of asset objects unloaded after import = 0

========================================================================
Received Import Request.
  Time since last request: 0.000024 seconds.
  path: Assets/Scripts/HubScene/HubLoadoutSlotUI.cs
  artifactKey: Guid(0e6c96ae7b176f645b2819eb876d017e) Importer(815301076,1909f56bfc062723c751e8b465ee728b)
Start importing Assets/Scripts/HubScene/HubLoadoutSlotUI.cs using Guid(0e6c96ae7b176f645b2819eb876d017e) Importer(815301076,1909f56bfc062723c751e8b465ee728b) (PreviewImporter) -> (artifact id: '00000000000000000000000000000000') in 0.0011929 seconds
Import Error Code:(4)
Message: Build asset version error: assets/scripts/hubscene/hubloadoutslotui.cs in SourceAssetDB has modification time of '2026-02-24T13:29:17.0065298Z' while content on disk has modification time of '2026-02-24T13:29:27.8109936Z'
  ERROR: Build asset version error: assets/scripts/hubscene/hubloadoutslotui.cs in SourceAssetDB has modification time of '2026-02-24T13:29:17.0065298Z' while content on disk has modification time of '2026-02-24T13:29:27.8109936Z'
Number of updated asset objects reloaded before import = 0Number of asset objects unloaded after import = 0

========================================================================
Received Import Request.
  Time since last request: 0.000025 seconds.
  path: Assets/Scripts/HubScene/HubLoadoutSlotUI.cs
  artifactKey: Guid(0e6c96ae7b176f645b2819eb876d017e) Importer(815301076,1909f56bfc062723c751e8b465ee728b)
Start importing Assets/Scripts/HubScene/HubLoadoutSlotUI.cs using Guid(0e6c96ae7b176f645b2819eb876d017e) Importer(815301076,1909f56bfc062723c751e8b465ee728b) (PreviewImporter) -> (artifact id: '00000000000000000000000000000000') in 0.0009228 seconds
Import Error Code:(4)
Message: Build asset version error: assets/scripts/hubscene/hubloadoutslotui.cs in SourceAssetDB has modification time of '2026-02-24T13:29:17.0065298Z' while content on disk has modification time of '2026-02-24T13:29:27.8109936Z'
  ERROR: Build asset version error: assets/scripts/hubscene/hubloadoutslotui.cs in SourceAssetDB has modification time of '2026-02-24T13:29:17.0065298Z' while content on disk has modification time of '2026-02-24T13:29:27.8109936Z'
Number of updated asset objects reloaded before import = 0Number of asset objects unloaded after import = 0

========================================================================
Received Import Request.
  Time since last request: 0.000046 seconds.
  path: Assets/Scripts/HubScene/HubLoadoutSlotUI.cs
  artifactKey: Guid(0e6c96ae7b176f645b2819eb876d017e) Importer(815301076,1909f56bfc062723c751e8b465ee728b)
Start importing Assets/Scripts/HubScene/HubLoadoutSlotUI.cs using Guid(0e6c96ae7b176f645b2819eb876d017e) Importer(815301076,1909f56bfc062723c751e8b465ee728b) (PreviewImporter) -> (artifact id: '00000000000000000000000000000000') in 0.0009367 seconds
Import Error Code:(4)
Message: Build asset version error: assets/scripts/hubscene/hubloadoutslotui.cs in SourceAssetDB has modification time of '2026-02-24T13:29:17.0065298Z' while content on disk has modification time of '2026-02-24T13:29:27.8109936Z'
  ERROR: Build asset version error: assets/scripts/hubscene/hubloadoutslotui.cs in SourceAssetDB has modification time of '2026-02-24T13:29:17.0065298Z' while content on disk has modification time of '2026-02-24T13:29:27.8109936Z'
Number of updated asset objects reloaded before import = 0Number of asset objects unloaded after import = 0

========================================================================
Received Import Request.
  Time since last request: 0.000023 seconds.
  path: Assets/Scripts/HubScene/HubLoadoutSlotUI.cs
  artifactKey: Guid(0e6c96ae7b176f645b2819eb876d017e) Importer(815301076,1909f56bfc062723c751e8b465ee728b)
Start importing Assets/Scripts/HubScene/HubLoadoutSlotUI.cs using Guid(0e6c96ae7b176f645b2819eb876d017e) Importer(815301076,1909f56bfc062723c751e8b465ee728b) (PreviewImporter) -> (artifact id: '00000000000000000000000000000000') in 0.0010367 seconds
Import Error Code:(4)
Message: Build asset version error: assets/scripts/hubscene/hubloadoutslotui.cs in SourceAssetDB has modification time of '2026-02-24T13:29:17.0065298Z' while content on disk has modification time of '2026-02-24T13:29:27.8109936Z'
  ERROR: Build asset version error: assets/scripts/hubscene/hubloadoutslotui.cs in SourceAssetDB has modification time of '2026-02-24T13:29:17.0065298Z' while content on disk has modification time of '2026-02-24T13:29:27.8109936Z'
Number of updated asset objects reloaded before import = 0Number of asset objects unloaded after import = 0

========================================================================
Received Import Request.
  Time since last request: 0.000021 seconds.
  path: Assets/Scripts/HubScene/HubLoadoutSlotUI.cs
  artifactKey: Guid(0e6c96ae7b176f645b2819eb876d017e) Importer(815301076,1909f56bfc062723c751e8b465ee728b)
Start importing Assets/Scripts/HubScene/HubLoadoutSlotUI.cs using Guid(0e6c96ae7b176f645b2819eb876d017e) Importer(815301076,1909f56bfc062723c751e8b465ee728b) (PreviewImporter) -> (artifact id: '00000000000000000000000000000000') in 0.0010951 seconds
Import Error Code:(4)
Message: Build asset version error: assets/scripts/hubscene/hubloadoutslotui.cs in SourceAssetDB has modification time of '2026-02-24T13:29:17.0065298Z' while content on disk has modification time of '2026-02-24T13:29:27.8109936Z'
  ERROR: Build asset version error: assets/scripts/hubscene/hubloadoutslotui.cs in SourceAssetDB has modification time of '2026-02-24T13:29:17.0065298Z' while content on disk has modification time of '2026-02-24T13:29:27.8109936Z'
Number of updated asset objects reloaded before import = 0Number of asset objects unloaded after import = 0

========================================================================
Received Import Request.
  Time since last request: 0.000035 seconds.
  path: Assets/Scripts/HubScene/HubLoadoutSlotUI.cs
  artifactKey: Guid(0e6c96ae7b176f645b2819eb876d017e) Importer(815301076,1909f56bfc062723c751e8b465ee728b)
Start importing Assets/Scripts/HubScene/HubLoadoutSlotUI.cs using Guid(0e6c96ae7b176f645b2819eb876d017e) Importer(815301076,1909f56bfc062723c751e8b465ee728b) (PreviewImporter) -> (artifact id: '00000000000000000000000000000000') in 0.0010353 seconds
Import Error Code:(4)
Message: Build asset version error: assets/scripts/hubscene/hubloadoutslotui.cs in SourceAssetDB has modification time of '2026-02-24T13:29:17.0065298Z' while content on disk has modification time of '2026-02-24T13:29:27.8109936Z'
  ERROR: Build asset version error: assets/scripts/hubscene/hubloadoutslotui.cs in SourceAssetDB has modification time of '2026-02-24T13:29:17.0065298Z' while content on disk has modification time of '2026-02-24T13:29:27.8109936Z'
Number of updated asset objects reloaded before import = 0Number of asset objects unloaded after import = 0

========================================================================
Received Import Request.
  Time since last request: 0.000028 seconds.
  path: Assets/Scripts/HubScene/HubLoadoutSlotUI.cs
  artifactKey: Guid(0e6c96ae7b176f645b2819eb876d017e) Importer(815301076,1909f56bfc062723c751e8b465ee728b)
Start importing Assets/Scripts/HubScene/HubLoadoutSlotUI.cs using Guid(0e6c96ae7b176f645b2819eb876d017e) Importer(815301076,1909f56bfc062723c751e8b465ee728b) (PreviewImporter) -> (artifact id: '00000000000000000000000000000000') in 0.0011167 seconds
Import Error Code:(4)
Message: Build asset version error: assets/scripts/hubscene/hubloadoutslotui.cs in SourceAssetDB has modification time of '2026-02-24T13:29:17.0065298Z' while content on disk has modification time of '2026-02-24T13:29:27.8109936Z'
  ERROR: Build asset version error: assets/scripts/hubscene/hubloadoutslotui.cs in SourceAssetDB has modification time of '2026-02-24T13:29:17.0065298Z' while content on disk has modification time of '2026-02-24T13:29:27.8109936Z'
Number of updated asset objects reloaded before import = 0Number of asset objects unloaded after import = 0

========================================================================
Received Import Request.
  Time since last request: 0.000035 seconds.
  path: Assets/Scripts/HubScene/HubLoadoutSlotUI.cs
  artifactKey: Guid(0e6c96ae7b176f645b2819eb876d017e) Importer(815301076,1909f56bfc062723c751e8b465ee728b)
Start importing Assets/Scripts/HubScene/HubLoadoutSlotUI.cs using Guid(0e6c96ae7b176f645b2819eb876d017e) Importer(815301076,1909f56bfc062723c751e8b465ee728b) (PreviewImporter) -> (artifact id: '00000000000000000000000000000000') in 0.0010816 seconds
Import Error Code:(4)
Message: Build asset version error: assets/scripts/hubscene/hubloadoutslotui.cs in SourceAssetDB has modification time of '2026-02-24T13:29:17.0065298Z' while content on disk has modification time of '2026-02-24T13:29:27.8109936Z'
  ERROR: Build asset version error: assets/scripts/hubscene/hubloadoutslotui.cs in SourceAssetDB has modification time of '2026-02-24T13:29:17.0065298Z' while content on disk has modification time of '2026-02-24T13:29:27.8109936Z'
Number of updated asset objects reloaded before import = 0Number of asset objects unloaded after import = 0

========================================================================
Received Import Request.
  Time since last request: 0.000020 seconds.
  path: Assets/Scripts/HubScene/HubLoadoutSlotUI.cs
  artifactKey: Guid(0e6c96ae7b176f645b2819eb876d017e) Importer(815301076,1909f56bfc062723c751e8b465ee728b)
Start importing Assets/Scripts/HubScene/HubLoadoutSlotUI.cs using Guid(0e6c96ae7b176f645b2819eb876d017e) Importer(815301076,1909f56bfc062723c751e8b465ee728b) (PreviewImporter) -> (artifact id: '00000000000000000000000000000000') in 0.0011546 seconds
Import Error Code:(4)
Message: Build asset version error: assets/scripts/hubscene/hubloadoutslotui.cs in SourceAssetDB has modification time of '2026-02-24T13:29:17.0065298Z' while content on disk has modification time of '2026-02-24T13:29:27.8109936Z'
  ERROR: Build asset version error: assets/scripts/hubscene/hubloadoutslotui.cs in SourceAssetDB has modification time of '2026-02-24T13:29:17.0065298Z' while content on disk has modification time of '2026-02-24T13:29:27.8109936Z'
Number of updated asset objects reloaded before import = 0Number of asset objects unloaded after import = 0

========================================================================
Received Import Request.
  Time since last request: 0.000022 seconds.
  path: Assets/Scripts/HubScene/HubLoadoutSlotUI.cs
  artifactKey: Guid(0e6c96ae7b176f645b2819eb876d017e) Importer(815301076,1909f56bfc062723c751e8b465ee728b)
Start importing Assets/Scripts/HubScene/HubLoadoutSlotUI.cs using Guid(0e6c96ae7b176f645b2819eb876d017e) Importer(815301076,1909f56bfc062723c751e8b465ee728b) (PreviewImporter) -> (artifact id: '00000000000000000000000000000000') in 0.0007328 seconds
Import Error Code:(4)
Message: Build asset version error: assets/scripts/hubscene/hubloadoutslotui.cs in SourceAssetDB has modification time of '2026-02-24T13:29:17.0065298Z' while content on disk has modification time of '2026-02-24T13:29:27.8109936Z'
  ERROR: Build asset version error: assets/scripts/hubscene/hubloadoutslotui.cs in SourceAssetDB has modification time of '2026-02-24T13:29:17.0065298Z' while content on disk has modification time of '2026-02-24T13:29:27.8109936Z'
Number of updated asset objects reloaded before import = 0Number of asset objects unloaded after import = 0

========================================================================
Received Import Request.
  Time since last request: 0.000037 seconds.
  path: Assets/Scripts/HubScene/HubLoadoutSlotUI.cs
  artifactKey: Guid(0e6c96ae7b176f645b2819eb876d017e) Importer(815301076,1909f56bfc062723c751e8b465ee728b)
Start importing Assets/Scripts/HubScene/HubLoadoutSlotUI.cs using Guid(0e6c96ae7b176f645b2819eb876d017e) Importer(815301076,1909f56bfc062723c751e8b465ee728b) (PreviewImporter) -> (artifact id: '00000000000000000000000000000000') in 0.0013744 seconds
Import Error Code:(4)
Message: Build asset version error: assets/scripts/hubscene/hubloadoutslotui.cs in SourceAssetDB has modification time of '2026-02-24T13:29:17.0065298Z' while content on disk has modification time of '2026-02-24T13:29:27.8109936Z'
  ERROR: Build asset version error: assets/scripts/hubscene/hubloadoutslotui.cs in SourceAssetDB has modification time of '2026-02-24T13:29:17.0065298Z' while content on disk has modification time of '2026-02-24T13:29:27.8109936Z'
Number of updated asset objects reloaded before import = 0Number of asset objects unloaded after import = 0

========================================================================
Received Import Request.
  Time since last request: 0.000027 seconds.
  path: Assets/Scripts/HubScene/HubLoadoutSlotUI.cs
  artifactKey: Guid(0e6c96ae7b176f645b2819eb876d017e) Importer(815301076,1909f56bfc062723c751e8b465ee728b)
Start importing Assets/Scripts/HubScene/HubLoadoutSlotUI.cs using Guid(0e6c96ae7b176f645b2819eb876d017e) Importer(815301076,1909f56bfc062723c751e8b465ee728b) (PreviewImporter) -> (artifact id: '00000000000000000000000000000000') in 0.0013216 seconds
Import Error Code:(4)
Message: Build asset version error: assets/scripts/hubscene/hubloadoutslotui.cs in SourceAssetDB has modification time of '2026-02-24T13:29:17.0065298Z' while content on disk has modification time of '2026-02-24T13:29:27.8109936Z'
  ERROR: Build asset version error: assets/scripts/hubscene/hubloadoutslotui.cs in SourceAssetDB has modification time of '2026-02-24T13:29:17.0065298Z' while content on disk has modification time of '2026-02-24T13:29:27.8109936Z'
Number of updated asset objects reloaded before import = 0Number of asset objects unloaded after import = 0

========================================================================
Received Import Request.
  Time since last request: 0.000033 seconds.
  path: Assets/Scripts/HubScene/HubLoadoutSlotUI.cs
  artifactKey: Guid(0e6c96ae7b176f645b2819eb876d017e) Importer(815301076,1909f56bfc062723c751e8b465ee728b)
Start importing Assets/Scripts/HubScene/HubLoadoutSlotUI.cs using Guid(0e6c96ae7b176f645b2819eb876d017e) Importer(815301076,1909f56bfc062723c751e8b465ee728b) (PreviewImporter) -> (artifact id: '00000000000000000000000000000000') in 0.0008258 seconds
Import Error Code:(4)
Message: Build asset version error: assets/scripts/hubscene/hubloadoutslotui.cs in SourceAssetDB has modification time of '2026-02-24T13:29:17.0065298Z' while content on disk has modification time of '2026-02-24T13:29:27.8109936Z'
  ERROR: Build asset version error: assets/scripts/hubscene/hubloadoutslotui.cs in SourceAssetDB has modification time of '2026-02-24T13:29:17.0065298Z' while content on disk has modification time of '2026-02-24T13:29:27.8109936Z'
Number of updated asset objects reloaded before import = 0Number of asset objects unloaded after import = 0

========================================================================
Received Import Request.
  Time since last request: 0.000024 seconds.
  path: Assets/Scripts/HubScene/HubLoadoutSlotUI.cs
  artifactKey: Guid(0e6c96ae7b176f645b2819eb876d017e) Importer(815301076,1909f56bfc062723c751e8b465ee728b)
Start importing Assets/Scripts/HubScene/HubLoadoutSlotUI.cs using Guid(0e6c96ae7b176f645b2819eb876d017e) Importer(815301076,1909f56bfc062723c751e8b465ee728b) (PreviewImporter) -> (artifact id: '00000000000000000000000000000000') in 0.0007582 seconds
Import Error Code:(4)
Message: Build asset version error: assets/scripts/hubscene/hubloadoutslotui.cs in SourceAssetDB has modification time of '2026-02-24T13:29:17.0065298Z' while content on disk has modification time of '2026-02-24T13:29:27.8109936Z'
  ERROR: Build asset version error: assets/scripts/hubscene/hubloadoutslotui.cs in SourceAssetDB has modification time of '2026-02-24T13:29:17.0065298Z' while content on disk has modification time of '2026-02-24T13:29:27.8109936Z'
Number of updated asset objects reloaded before import = 0Number of asset objects unloaded after import = 0

========================================================================
Received Import Request.
  Time since last request: 0.000021 seconds.
  path: Assets/Scripts/HubScene/HubLoadoutSlotUI.cs
  artifactKey: Guid(0e6c96ae7b176f645b2819eb876d017e) Importer(815301076,1909f56bfc062723c751e8b465ee728b)
Start importing Assets/Scripts/HubScene/HubLoadoutSlotUI.cs using Guid(0e6c96ae7b176f645b2819eb876d017e) Importer(815301076,1909f56bfc062723c751e8b465ee728b) (PreviewImporter) -> (artifact id: '00000000000000000000000000000000') in 0.0008194 seconds
Import Error Code:(4)
Message: Build asset version error: assets/scripts/hubscene/hubloadoutslotui.cs in SourceAssetDB has modification time of '2026-02-24T13:29:17.0065298Z' while content on disk has modification time of '2026-02-24T13:29:27.8109936Z'
  ERROR: Build asset version error: assets/scripts/hubscene/hubloadoutslotui.cs in SourceAssetDB has modification time of '2026-02-24T13:29:17.0065298Z' while content on disk has modification time of '2026-02-24T13:29:27.8109936Z'
Number of updated asset objects reloaded before import = 0Number of asset objects unloaded after import = 0

========================================================================
Received Import Request.
  Time since last request: 0.000024 seconds.
  path: Assets/Scripts/HubScene/HubLoadoutSlotUI.cs
  artifactKey: Guid(0e6c96ae7b176f645b2819eb876d017e) Importer(815301076,1909f56bfc062723c751e8b465ee728b)
Start importing Assets/Scripts/HubScene/HubLoadoutSlotUI.cs using Guid(0e6c96ae7b176f645b2819eb876d017e) Importer(815301076,1909f56bfc062723c751e8b465ee728b) (PreviewImporter) -> (artifact id: '00000000000000000000000000000000') in 0.0012412 seconds
Import Error Code:(4)
Message: Build asset version error: assets/scripts/hubscene/hubloadoutslotui.cs in SourceAssetDB has modification time of '2026-02-24T13:29:17.0065298Z' while content on disk has modification time of '2026-02-24T13:29:27.8109936Z'
  ERROR: Build asset version error: assets/scripts/hubscene/hubloadoutslotui.cs in SourceAssetDB has modification time of '2026-02-24T13:29:17.0065298Z' while content on disk has modification time of '2026-02-24T13:29:27.8109936Z'
Number of updated asset objects reloaded before import = 0Number of asset objects unloaded after import = 0

========================================================================
Received Import Request.
  Time since last request: 0.000048 seconds.
  path: Assets/Scripts/HubScene/HubLoadoutSlotUI.cs
  artifactKey: Guid(0e6c96ae7b176f645b2819eb876d017e) Importer(815301076,1909f56bfc062723c751e8b465ee728b)
Start importing Assets/Scripts/HubScene/HubLoadoutSlotUI.cs using Guid(0e6c96ae7b176f645b2819eb876d017e) Importer(815301076,1909f56bfc062723c751e8b465ee728b) (PreviewImporter) -> (artifact id: '00000000000000000000000000000000') in 0.0007812 seconds
Import Error Code:(4)
Message: Build asset version error: assets/scripts/hubscene/hubloadoutslotui.cs in SourceAssetDB has modification time of '2026-02-24T13:29:17.0065298Z' while content on disk has modification time of '2026-02-24T13:29:27.8109936Z'
  ERROR: Build asset version error: assets/scripts/hubscene/hubloadoutslotui.cs in SourceAssetDB has modification time of '2026-02-24T13:29:17.0065298Z' while content on disk has modification time of '2026-02-24T13:29:27.8109936Z'
Number of updated asset objects reloaded before import = 0Number of asset objects unloaded after import = 0

========================================================================
Received Import Request.
  Time since last request: 0.000062 seconds.
  path: Assets/Scripts/HubScene/HubLoadoutSlotUI.cs
  artifactKey: Guid(0e6c96ae7b176f645b2819eb876d017e) Importer(815301076,1909f56bfc062723c751e8b465ee728b)
Start importing Assets/Scripts/HubScene/HubLoadoutSlotUI.cs using Guid(0e6c96ae7b176f645b2819eb876d017e) Importer(815301076,1909f56bfc062723c751e8b465ee728b) (PreviewImporter) -> (artifact id: '00000000000000000000000000000000') in 0.0012202 seconds
Import Error Code:(4)
Message: Build asset version error: assets/scripts/hubscene/hubloadoutslotui.cs in SourceAssetDB has modification time of '2026-02-24T13:29:17.0065298Z' while content on disk has modification time of '2026-02-24T13:29:27.8109936Z'
  ERROR: Build asset version error: assets/scripts/hubscene/hubloadoutslotui.cs in SourceAssetDB has modification time of '2026-02-24T13:29:17.0065298Z' while content on disk has modification time of '2026-02-24T13:29:27.8109936Z'
Number of updated asset objects reloaded before import = 0Number of asset objects unloaded after import = 0

========================================================================
Received Import Request.
  Time since last request: 0.000040 seconds.
  path: Assets/Scripts/HubScene/HubLoadoutSlotUI.cs
  artifactKey: Guid(0e6c96ae7b176f645b2819eb876d017e) Importer(815301076,1909f56bfc062723c751e8b465ee728b)
Start importing Assets/Scripts/HubScene/HubLoadoutSlotUI.cs using Guid(0e6c96ae7b176f645b2819eb876d017e) Importer(815301076,1909f56bfc062723c751e8b465ee728b) (PreviewImporter) -> (artifact id: '00000000000000000000000000000000') in 0.0009382 seconds
Import Error Code:(4)
Message: Build asset version error: assets/scripts/hubscene/hubloadoutslotui.cs in SourceAssetDB has modification time of '2026-02-24T13:29:17.0065298Z' while content on disk has modification time of '2026-02-24T13:29:27.8109936Z'
  ERROR: Build asset version error: assets/scripts/hubscene/hubloadoutslotui.cs in SourceAssetDB has modification time of '2026-02-24T13:29:17.0065298Z' while content on disk has modification time of '2026-02-24T13:29:27.8109936Z'
Number of updated asset objects reloaded before import = 0Number of asset objects unloaded after import = 0

========================================================================
Received Import Request.
  Time since last request: 0.000036 seconds.
  path: Assets/Scripts/HubScene/HubLoadoutSlotUI.cs
  artifactKey: Guid(0e6c96ae7b176f645b2819eb876d017e) Importer(815301076,1909f56bfc062723c751e8b465ee728b)
Start importing Assets/Scripts/HubScene/HubLoadoutSlotUI.cs using Guid(0e6c96ae7b176f645b2819eb876d017e) Importer(815301076,1909f56bfc062723c751e8b465ee728b) (PreviewImporter) -> (artifact id: '00000000000000000000000000000000') in 0.000888 seconds
Import Error Code:(4)
Message: Build asset version error: assets/scripts/hubscene/hubloadoutslotui.cs in SourceAssetDB has modification time of '2026-02-24T13:29:17.0065298Z' while content on disk has modification time of '2026-02-24T13:29:27.8109936Z'
  ERROR: Build asset version error: assets/scripts/hubscene/hubloadoutslotui.cs in SourceAssetDB has modification time of '2026-02-24T13:29:17.0065298Z' while content on disk has modification time of '2026-02-24T13:29:27.8109936Z'
Number of updated asset objects reloaded before import = 0Number of asset objects unloaded after import = 0

========================================================================
Received Import Request.
  Time since last request: 0.000043 seconds.
  path: Assets/Scripts/HubScene/HubLoadoutSlotUI.cs
  artifactKey: Guid(0e6c96ae7b176f645b2819eb876d017e) Importer(815301076,1909f56bfc062723c751e8b465ee728b)
Start importing Assets/Scripts/HubScene/HubLoadoutSlotUI.cs using Guid(0e6c96ae7b176f645b2819eb876d017e) Importer(815301076,1909f56bfc062723c751e8b465ee728b) (PreviewImporter) -> (artifact id: '00000000000000000000000000000000') in 0.0008647 seconds
Import Error Code:(4)
Message: Build asset version error: assets/scripts/hubscene/hubloadoutslotui.cs in SourceAssetDB has modification time of '2026-02-24T13:29:17.0065298Z' while content on disk has modification time of '2026-02-24T13:29:27.8109936Z'
  ERROR: Build asset version error: assets/scripts/hubscene/hubloadoutslotui.cs in SourceAssetDB has modification time of '2026-02-24T13:29:17.0065298Z' while content on disk has modification time of '2026-02-24T13:29:27.8109936Z'
Number of updated asset objects reloaded before import = 0Number of asset objects unloaded after import = 0

========================================================================
Received Import Request.
  Time since last request: 0.000054 seconds.
  path: Assets/Scripts/HubScene/HubLoadoutSlotUI.cs
  artifactKey: Guid(0e6c96ae7b176f645b2819eb876d017e) Importer(815301076,1909f56bfc062723c751e8b465ee728b)
Start importing Assets/Scripts/HubScene/HubLoadoutSlotUI.cs using Guid(0e6c96ae7b176f645b2819eb876d017e) Importer(815301076,1909f56bfc062723c751e8b465ee728b) (PreviewImporter) -> (artifact id: '00000000000000000000000000000000') in 0.0015802 seconds
Import Error Code:(4)
Message: Build asset version error: assets/scripts/hubscene/hubloadoutslotui.cs in SourceAssetDB has modification time of '2026-02-24T13:29:17.0065298Z' while content on disk has modification time of '2026-02-24T13:29:27.8109936Z'
  ERROR: Build asset version error: assets/scripts/hubscene/hubloadoutslotui.cs in SourceAssetDB has modification time of '2026-02-24T13:29:17.0065298Z' while content on disk has modification time of '2026-02-24T13:29:27.8109936Z'
Number of updated asset objects reloaded before import = 0Number of asset objects unloaded after import = 0

========================================================================
Received Import Request.
  Time since last request: 0.000020 seconds.
  path: Assets/Scripts/HubScene/HubLoadoutSlotUI.cs
  artifactKey: Guid(0e6c96ae7b176f645b2819eb876d017e) Importer(815301076,1909f56bfc062723c751e8b465ee728b)
Start importing Assets/Scripts/HubScene/HubLoadoutSlotUI.cs using Guid(0e6c96ae7b176f645b2819eb876d017e) Importer(815301076,1909f56bfc062723c751e8b465ee728b) (PreviewImporter) -> (artifact id: '00000000000000000000000000000000') in 0.0011441 seconds
Import Error Code:(4)
Message: Build asset version error: assets/scripts/hubscene/hubloadoutslotui.cs in SourceAssetDB has modification time of '2026-02-24T13:29:17.0065298Z' while content on disk has modification time of '2026-02-24T13:29:27.8109936Z'
  ERROR: Build asset version error: assets/scripts/hubscene/hubloadoutslotui.cs in SourceAssetDB has modification time of '2026-02-24T13:29:17.0065298Z' while content on disk has modification time of '2026-02-24T13:29:27.8109936Z'
Number of updated asset objects reloaded before import = 0Number of asset objects unloaded after import = 0

========================================================================
Received Import Request.
  Time since last request: 0.000021 seconds.
  path: Assets/Scripts/HubScene/HubLoadoutSlotUI.cs
  artifactKey: Guid(0e6c96ae7b176f645b2819eb876d017e) Importer(815301076,1909f56bfc062723c751e8b465ee728b)
Start importing Assets/Scripts/HubScene/HubLoadoutSlotUI.cs using Guid(0e6c96ae7b176f645b2819eb876d017e) Importer(815301076,1909f56bfc062723c751e8b465ee728b) (PreviewImporter) -> (artifact id: '00000000000000000000000000000000') in 0.000869 seconds
Import Error Code:(4)
Message: Build asset version error: assets/scripts/hubscene/hubloadoutslotui.cs in SourceAssetDB has modification time of '2026-02-24T13:29:17.0065298Z' while content on disk has modification time of '2026-02-24T13:29:27.8109936Z'
  ERROR: Build asset version error: assets/scripts/hubscene/hubloadoutslotui.cs in SourceAssetDB has modification time of '2026-02-24T13:29:17.0065298Z' while content on disk has modification time of '2026-02-24T13:29:27.8109936Z'
Number of updated asset objects reloaded before import = 0Number of asset objects unloaded after import = 0

========================================================================
Received Import Request.
  Time since last request: 0.000022 seconds.
  path: Assets/Scripts/HubScene/HubLoadoutSlotUI.cs
  artifactKey: Guid(0e6c96ae7b176f645b2819eb876d017e) Importer(815301076,1909f56bfc062723c751e8b465ee728b)
Start importing Assets/Scripts/HubScene/HubLoadoutSlotUI.cs using Guid(0e6c96ae7b176f645b2819eb876d017e) Importer(815301076,1909f56bfc062723c751e8b465ee728b) (PreviewImporter) -> (artifact id: '00000000000000000000000000000000') in 0.001305 seconds
Import Error Code:(4)
Message: Build asset version error: assets/scripts/hubscene/hubloadoutslotui.cs in SourceAssetDB has modification time of '2026-02-24T13:29:17.0065298Z' while content on disk has modification time of '2026-02-24T13:29:27.8109936Z'
  ERROR: Build asset version error: assets/scripts/hubscene/hubloadoutslotui.cs in SourceAssetDB has modification time of '2026-02-24T13:29:17.0065298Z' while content on disk has modification time of '2026-02-24T13:29:27.8109936Z'
Number of updated asset objects reloaded before import = 0Number of asset objects unloaded after import = 0

========================================================================
Received Import Request.
  Time since last request: 0.000034 seconds.
  path: Assets/Scripts/HubScene/HubLoadoutSlotUI.cs
  artifactKey: Guid(0e6c96ae7b176f645b2819eb876d017e) Importer(815301076,1909f56bfc062723c751e8b465ee728b)
Start importing Assets/Scripts/HubScene/HubLoadoutSlotUI.cs using Guid(0e6c96ae7b176f645b2819eb876d017e) Importer(815301076,1909f56bfc062723c751e8b465ee728b) (PreviewImporter) -> (artifact id: '00000000000000000000000000000000') in 0.000937 seconds
Import Error Code:(4)
Message: Build asset version error: assets/scripts/hubscene/hubloadoutslotui.cs in SourceAssetDB has modification time of '2026-02-24T13:29:17.0065298Z' while content on disk has modification time of '2026-02-24T13:29:27.8109936Z'
  ERROR: Build asset version error: assets/scripts/hubscene/hubloadoutslotui.cs in SourceAssetDB has modification time of '2026-02-24T13:29:17.0065298Z' while content on disk has modification time of '2026-02-24T13:29:27.8109936Z'
Number of updated asset objects reloaded before import = 0Number of asset objects unloaded after import = 0

========================================================================
Received Import Request.
  Time since last request: 0.000035 seconds.
  path: Assets/Scripts/HubScene/HubLoadoutSlotUI.cs
  artifactKey: Guid(0e6c96ae7b176f645b2819eb876d017e) Importer(815301076,1909f56bfc062723c751e8b465ee728b)
Start importing Assets/Scripts/HubScene/HubLoadoutSlotUI.cs using Guid(0e6c96ae7b176f645b2819eb876d017e) Importer(815301076,1909f56bfc062723c751e8b465ee728b) (PreviewImporter) -> (artifact id: '00000000000000000000000000000000') in 0.0008528 seconds
Import Error Code:(4)
Message: Build asset version error: assets/scripts/hubscene/hubloadoutslotui.cs in SourceAssetDB has modification time of '2026-02-24T13:29:17.0065298Z' while content on disk has modification time of '2026-02-24T13:29:27.8109936Z'
  ERROR: Build asset version error: assets/scripts/hubscene/hubloadoutslotui.cs in SourceAssetDB has modification time of '2026-02-24T13:29:17.0065298Z' while content on disk has modification time of '2026-02-24T13:29:27.8109936Z'
Number of updated asset objects reloaded before import = 0Number of asset objects unloaded after import = 0

========================================================================
Received Import Request.
  Time since last request: 0.000019 seconds.
  path: Assets/Scripts/HubScene/HubLoadoutSlotUI.cs
  artifactKey: Guid(0e6c96ae7b176f645b2819eb876d017e) Importer(815301076,1909f56bfc062723c751e8b465ee728b)
Start importing Assets/Scripts/HubScene/HubLoadoutSlotUI.cs using Guid(0e6c96ae7b176f645b2819eb876d017e) Importer(815301076,1909f56bfc062723c751e8b465ee728b) (PreviewImporter) -> (artifact id: '00000000000000000000000000000000') in 0.001256 seconds
Import Error Code:(4)
Message: Build asset version error: assets/scripts/hubscene/hubloadoutslotui.cs in SourceAssetDB has modification time of '2026-02-24T13:29:17.0065298Z' while content on disk has modification time of '2026-02-24T13:29:27.8109936Z'
  ERROR: Build asset version error: assets/scripts/hubscene/hubloadoutslotui.cs in SourceAssetDB has modification time of '2026-02-24T13:29:17.0065298Z' while content on disk has modification time of '2026-02-24T13:29:27.8109936Z'
Number of updated asset objects reloaded before import = 0Number of asset objects unloaded after import = 0

========================================================================
Received Import Request.
  Time since last request: 0.000023 seconds.
  path: Assets/Scripts/HubScene/HubLoadoutSlotUI.cs
  artifactKey: Guid(0e6c96ae7b176f645b2819eb876d017e) Importer(815301076,1909f56bfc062723c751e8b465ee728b)
Start importing Assets/Scripts/HubScene/HubLoadoutSlotUI.cs using Guid(0e6c96ae7b176f645b2819eb876d017e) Importer(815301076,1909f56bfc062723c751e8b465ee728b) (PreviewImporter) -> (artifact id: '00000000000000000000000000000000') in 0.0008165 seconds
Import Error Code:(4)
Message: Build asset version error: assets/scripts/hubscene/hubloadoutslotui.cs in SourceAssetDB has modification time of '2026-02-24T13:29:17.0065298Z' while content on disk has modification time of '2026-02-24T13:29:27.8109936Z'
  ERROR: Build asset version error: assets/scripts/hubscene/hubloadoutslotui.cs in SourceAssetDB has modification time of '2026-02-24T13:29:17.0065298Z' while content on disk has modification time of '2026-02-24T13:29:27.8109936Z'
Number of updated asset objects reloaded before import = 0Number of asset objects unloaded after import = 0

========================================================================
Received Import Request.
  Time since last request: 0.000026 seconds.
  path: Assets/Scripts/HubScene/HubLoadoutSlotUI.cs
  artifactKey: Guid(0e6c96ae7b176f645b2819eb876d017e) Importer(815301076,1909f56bfc062723c751e8b465ee728b)
Start importing Assets/Scripts/HubScene/HubLoadoutSlotUI.cs using Guid(0e6c96ae7b176f645b2819eb876d017e) Importer(815301076,1909f56bfc062723c751e8b465ee728b) (PreviewImporter) -> (artifact id: '00000000000000000000000000000000') in 0.0008633 seconds
Import Error Code:(4)
Message: Build asset version error: assets/scripts/hubscene/hubloadoutslotui.cs in SourceAssetDB has modification time of '2026-02-24T13:29:17.0065298Z' while content on disk has modification time of '2026-02-24T13:29:27.8109936Z'
  ERROR: Build asset version error: assets/scripts/hubscene/hubloadoutslotui.cs in SourceAssetDB has modification time of '2026-02-24T13:29:17.0065298Z' while content on disk has modification time of '2026-02-24T13:29:27.8109936Z'
Number of updated asset objects reloaded before import = 0Number of asset objects unloaded after import = 0

========================================================================
Received Import Request.
  Time since last request: 0.000032 seconds.
  path: Assets/Scripts/HubScene/HubLoadoutSlotUI.cs
  artifactKey: Guid(0e6c96ae7b176f645b2819eb876d017e) Importer(815301076,1909f56bfc062723c751e8b465ee728b)
Start importing Assets/Scripts/HubScene/HubLoadoutSlotUI.cs using Guid(0e6c96ae7b176f645b2819eb876d017e) Importer(815301076,1909f56bfc062723c751e8b465ee728b) (PreviewImporter) -> (artifact id: '00000000000000000000000000000000') in 0.0010528 seconds
Import Error Code:(4)
Message: Build asset version error: assets/scripts/hubscene/hubloadoutslotui.cs in SourceAssetDB has modification time of '2026-02-24T13:29:17.0065298Z' while content on disk has modification time of '2026-02-24T13:29:27.8109936Z'
  ERROR: Build asset version error: assets/scripts/hubscene/hubloadoutslotui.cs in SourceAssetDB has modification time of '2026-02-24T13:29:17.0065298Z' while content on disk has modification time of '2026-02-24T13:29:27.8109936Z'
Number of updated asset objects reloaded before import = 0Number of asset objects unloaded after import = 0

========================================================================
Received Import Request.
  Time since last request: 0.000039 seconds.
  path: Assets/Scripts/HubScene/HubLoadoutSlotUI.cs
  artifactKey: Guid(0e6c96ae7b176f645b2819eb876d017e) Importer(815301076,1909f56bfc062723c751e8b465ee728b)
Start importing Assets/Scripts/HubScene/HubLoadoutSlotUI.cs using Guid(0e6c96ae7b176f645b2819eb876d017e) Importer(815301076,1909f56bfc062723c751e8b465ee728b) (PreviewImporter) -> (artifact id: '00000000000000000000000000000000') in 0.0013462 seconds
Import Error Code:(4)
Message: Build asset version error: assets/scripts/hubscene/hubloadoutslotui.cs in SourceAssetDB has modification time of '2026-02-24T13:29:17.0065298Z' while content on disk has modification time of '2026-02-24T13:29:27.8109936Z'
  ERROR: Build asset version error: assets/scripts/hubscene/hubloadoutslotui.cs in SourceAssetDB has modification time of '2026-02-24T13:29:17.0065298Z' while content on disk has modification time of '2026-02-24T13:29:27.8109936Z'
Number of updated asset objects reloaded before import = 0Number of asset objects unloaded after import = 0

========================================================================
Received Import Request.
  Time since last request: 0.000020 seconds.
  path: Assets/Scripts/HubScene/HubLoadoutSlotUI.cs
  artifactKey: Guid(0e6c96ae7b176f645b2819eb876d017e) Importer(815301076,1909f56bfc062723c751e8b465ee728b)
Start importing Assets/Scripts/HubScene/HubLoadoutSlotUI.cs using Guid(0e6c96ae7b176f645b2819eb876d017e) Importer(815301076,1909f56bfc062723c751e8b465ee728b) (PreviewImporter) -> (artifact id: '00000000000000000000000000000000') in 0.0014547 seconds
Import Error Code:(4)
Message: Build asset version error: assets/scripts/hubscene/hubloadoutslotui.cs in SourceAssetDB has modification time of '2026-02-24T13:29:17.0065298Z' while content on disk has modification time of '2026-02-24T13:29:27.8109936Z'
  ERROR: Build asset version error: assets/scripts/hubscene/hubloadoutslotui.cs in SourceAssetDB has modification time of '2026-02-24T13:29:17.0065298Z' while content on disk has modification time of '2026-02-24T13:29:27.8109936Z'
Number of updated asset objects reloaded before import = 0Number of asset objects unloaded after import = 0

========================================================================
Received Import Request.
  Time since last request: 0.000023 seconds.
  path: Assets/Scripts/HubScene/HubLoadoutSlotUI.cs
  artifactKey: Guid(0e6c96ae7b176f645b2819eb876d017e) Importer(815301076,1909f56bfc062723c751e8b465ee728b)
Start importing Assets/Scripts/HubScene/HubLoadoutSlotUI.cs using Guid(0e6c96ae7b176f645b2819eb876d017e) Importer(815301076,1909f56bfc062723c751e8b465ee728b) (PreviewImporter) -> (artifact id: '00000000000000000000000000000000') in 0.0013301 seconds
Import Error Code:(4)
Message: Build asset version error: assets/scripts/hubscene/hubloadoutslotui.cs in SourceAssetDB has modification time of '2026-02-24T13:29:17.0065298Z' while content on disk has modification time of '2026-02-24T13:29:27.8109936Z'
  ERROR: Build asset version error: assets/scripts/hubscene/hubloadoutslotui.cs in SourceAssetDB has modification time of '2026-02-24T13:29:17.0065298Z' while content on disk has modification time of '2026-02-24T13:29:27.8109936Z'
Number of updated asset objects reloaded before import = 0Number of asset objects unloaded after import = 0

========================================================================
Received Import Request.
  Time since last request: 0.000038 seconds.
  path: Assets/Scripts/HubScene/HubLoadoutSlotUI.cs
  artifactKey: Guid(0e6c96ae7b176f645b2819eb876d017e) Importer(815301076,1909f56bfc062723c751e8b465ee728b)
Start importing Assets/Scripts/HubScene/HubLoadoutSlotUI.cs using Guid(0e6c96ae7b176f645b2819eb876d017e) Importer(815301076,1909f56bfc062723c751e8b465ee728b) (PreviewImporter) -> (artifact id: '00000000000000000000000000000000') in 0.0008513 seconds
Import Error Code:(4)
Message: Build asset version error: assets/scripts/hubscene/hubloadoutslotui.cs in SourceAssetDB has modification time of '2026-02-24T13:29:17.0065298Z' while content on disk has modification time of '2026-02-24T13:29:27.8109936Z'
  ERROR: Build asset version error: assets/scripts/hubscene/hubloadoutslotui.cs in SourceAssetDB has modification time of '2026-02-24T13:29:17.0065298Z' while content on disk has modification time of '2026-02-24T13:29:27.8109936Z'
Number of updated asset objects reloaded before import = 0Number of asset objects unloaded after import = 0

========================================================================
Received Import Request.
  Time since last request: 0.000021 seconds.
  path: Assets/Scripts/HubScene/HubLoadoutSlotUI.cs
  artifactKey: Guid(0e6c96ae7b176f645b2819eb876d017e) Importer(815301076,1909f56bfc062723c751e8b465ee728b)
Start importing Assets/Scripts/HubScene/HubLoadoutSlotUI.cs using Guid(0e6c96ae7b176f645b2819eb876d017e) Importer(815301076,1909f56bfc062723c751e8b465ee728b) (PreviewImporter) -> (artifact id: '00000000000000000000000000000000') in 0.0007497 seconds
Import Error Code:(4)
Message: Build asset version error: assets/scripts/hubscene/hubloadoutslotui.cs in SourceAssetDB has modification time of '2026-02-24T13:29:17.0065298Z' while content on disk has modification time of '2026-02-24T13:29:27.8109936Z'
  ERROR: Build asset version error: assets/scripts/hubscene/hubloadoutslotui.cs in SourceAssetDB has modification time of '2026-02-24T13:29:17.0065298Z' while content on disk has modification time of '2026-02-24T13:29:27.8109936Z'
Number of updated asset objects reloaded before import = 0Number of asset objects unloaded after import = 0

========================================================================
Received Import Request.
  Time since last request: 0.000020 seconds.
  path: Assets/Scripts/HubScene/HubLoadoutSlotUI.cs
  artifactKey: Guid(0e6c96ae7b176f645b2819eb876d017e) Importer(815301076,1909f56bfc062723c751e8b465ee728b)
Start importing Assets/Scripts/HubScene/HubLoadoutSlotUI.cs using Guid(0e6c96ae7b176f645b2819eb876d017e) Importer(815301076,1909f56bfc062723c751e8b465ee728b) (PreviewImporter) -> (artifact id: '00000000000000000000000000000000') in 0.0008929 seconds
Import Error Code:(4)
Message: Build asset version error: assets/scripts/hubscene/hubloadoutslotui.cs in SourceAssetDB has modification time of '2026-02-24T13:29:17.0065298Z' while content on disk has modification time of '2026-02-24T13:29:27.8109936Z'
  ERROR: Build asset version error: assets/scripts/hubscene/hubloadoutslotui.cs in SourceAssetDB has modification time of '2026-02-24T13:29:17.0065298Z' while content on disk has modification time of '2026-02-24T13:29:27.8109936Z'
Number of updated asset objects reloaded before import = 0Number of asset objects unloaded after import = 0

========================================================================
Received Import Request.
  Time since last request: 0.000040 seconds.
  path: Assets/Scripts/HubScene/HubLoadoutSlotUI.cs
  artifactKey: Guid(0e6c96ae7b176f645b2819eb876d017e) Importer(815301076,1909f56bfc062723c751e8b465ee728b)
Start importing Assets/Scripts/HubScene/HubLoadoutSlotUI.cs using Guid(0e6c96ae7b176f645b2819eb876d017e) Importer(815301076,1909f56bfc062723c751e8b465ee728b) (PreviewImporter) -> (artifact id: '00000000000000000000000000000000') in 0.000737 seconds
Import Error Code:(4)
Message: Build asset version error: assets/scripts/hubscene/hubloadoutslotui.cs in SourceAssetDB has modification time of '2026-02-24T13:29:17.0065298Z' while content on disk has modification time of '2026-02-24T13:29:27.8109936Z'
  ERROR: Build asset version error: assets/scripts/hubscene/hubloadoutslotui.cs in SourceAssetDB has modification time of '2026-02-24T13:29:17.0065298Z' while content on disk has modification time of '2026-02-24T13:29:27.8109936Z'
Number of updated asset objects reloaded before import = 0Number of asset objects unloaded after import = 0

========================================================================
Received Import Request.
  Time since last request: 0.000056 seconds.
  path: Assets/Scripts/HubScene/HubLoadoutSlotUI.cs
  artifactKey: Guid(0e6c96ae7b176f645b2819eb876d017e) Importer(815301076,1909f56bfc062723c751e8b465ee728b)
Start importing Assets/Scripts/HubScene/HubLoadoutSlotUI.cs using Guid(0e6c96ae7b176f645b2819eb876d017e) Importer(815301076,1909f56bfc062723c751e8b465ee728b) (PreviewImporter) -> (artifact id: '00000000000000000000000000000000') in 0.0014682 seconds
Import Error Code:(4)
Message: Build asset version error: assets/scripts/hubscene/hubloadoutslotui.cs in SourceAssetDB has modification time of '2026-02-24T13:29:17.0065298Z' while content on disk has modification time of '2026-02-24T13:29:27.8109936Z'
  ERROR: Build asset version error: assets/scripts/hubscene/hubloadoutslotui.cs in SourceAssetDB has modification time of '2026-02-24T13:29:17.0065298Z' while content on disk has modification time of '2026-02-24T13:29:27.8109936Z'
Number of updated asset objects reloaded before import = 0Number of asset objects unloaded after import = 0

========================================================================
Received Import Request.
  Time since last request: 0.000037 seconds.
  path: Assets/Scripts/HubScene/HubLoadoutSlotUI.cs
  artifactKey: Guid(0e6c96ae7b176f645b2819eb876d017e) Importer(815301076,1909f56bfc062723c751e8b465ee728b)
Start importing Assets/Scripts/HubScene/HubLoadoutSlotUI.cs using Guid(0e6c96ae7b176f645b2819eb876d017e) Importer(815301076,1909f56bfc062723c751e8b465ee728b) (PreviewImporter) -> (artifact id: '00000000000000000000000000000000') in 0.0009836 seconds
Import Error Code:(4)
Message: Build asset version error: assets/scripts/hubscene/hubloadoutslotui.cs in SourceAssetDB has modification time of '2026-02-24T13:29:17.0065298Z' while content on disk has modification time of '2026-02-24T13:29:27.8109936Z'
  ERROR: Build asset version error: assets/scripts/hubscene/hubloadoutslotui.cs in SourceAssetDB has modification time of '2026-02-24T13:29:17.0065298Z' while content on disk has modification time of '2026-02-24T13:29:27.8109936Z'
Number of updated asset objects reloaded before import = 0Number of asset objects unloaded after import = 0

========================================================================
Received Import Request.
  Time since last request: 0.000020 seconds.
  path: Assets/Scripts/HubScene/HubLoadoutSlotUI.cs
  artifactKey: Guid(0e6c96ae7b176f645b2819eb876d017e) Importer(815301076,1909f56bfc062723c751e8b465ee728b)
Start importing Assets/Scripts/HubScene/HubLoadoutSlotUI.cs using Guid(0e6c96ae7b176f645b2819eb876d017e) Importer(815301076,1909f56bfc062723c751e8b465ee728b) (PreviewImporter) -> (artifact id: '00000000000000000000000000000000') in 0.00102 seconds
Import Error Code:(4)
Message: Build asset version error: assets/scripts/hubscene/hubloadoutslotui.cs in SourceAssetDB has modification time of '2026-02-24T13:29:17.0065298Z' while content on disk has modification time of '2026-02-24T13:29:27.8109936Z'
  ERROR: Build asset version error: assets/scripts/hubscene/hubloadoutslotui.cs in SourceAssetDB has modification time of '2026-02-24T13:29:17.0065298Z' while content on disk has modification time of '2026-02-24T13:29:27.8109936Z'
Number of updated asset objects reloaded before import = 0Number of asset objects unloaded after import = 0

========================================================================
Received Import Request.
  Time since last request: 0.000038 seconds.
  path: Assets/Scripts/HubScene/HubLoadoutSlotUI.cs
  artifactKey: Guid(0e6c96ae7b176f645b2819eb876d017e) Importer(815301076,1909f56bfc062723c751e8b465ee728b)
Start importing Assets/Scripts/HubScene/HubLoadoutSlotUI.cs using Guid(0e6c96ae7b176f645b2819eb876d017e) Importer(815301076,1909f56bfc062723c751e8b465ee728b) (PreviewImporter) -> (artifact id: '00000000000000000000000000000000') in 0.0007625 seconds
Import Error Code:(4)
Message: Build asset version error: assets/scripts/hubscene/hubloadoutslotui.cs in SourceAssetDB has modification time of '2026-02-24T13:29:17.0065298Z' while content on disk has modification time of '2026-02-24T13:29:27.8109936Z'
  ERROR: Build asset version error: assets/scripts/hubscene/hubloadoutslotui.cs in SourceAssetDB has modification time of '2026-02-24T13:29:17.0065298Z' while content on disk has modification time of '2026-02-24T13:29:27.8109936Z'
Number of updated asset objects reloaded before import = 0Number of asset objects unloaded after import = 0

========================================================================
Received Import Request.
  Time since last request: 0.000027 seconds.
  path: Assets/Scripts/HubScene/HubLoadoutSlotUI.cs
  artifactKey: Guid(0e6c96ae7b176f645b2819eb876d017e) Importer(815301076,1909f56bfc062723c751e8b465ee728b)
Start importing Assets/Scripts/HubScene/HubLoadoutSlotUI.cs using Guid(0e6c96ae7b176f645b2819eb876d017e) Importer(815301076,1909f56bfc062723c751e8b465ee728b) (PreviewImporter) -> (artifact id: '00000000000000000000000000000000') in 0.0007817 seconds
Import Error Code:(4)
Message: Build asset version error: assets/scripts/hubscene/hubloadoutslotui.cs in SourceAssetDB has modification time of '2026-02-24T13:29:17.0065298Z' while content on disk has modification time of '2026-02-24T13:29:27.8109936Z'
  ERROR: Build asset version error: assets/scripts/hubscene/hubloadoutslotui.cs in SourceAssetDB has modification time of '2026-02-24T13:29:17.0065298Z' while content on disk has modification time of '2026-02-24T13:29:27.8109936Z'
Number of updated asset objects reloaded before import = 0Number of asset objects unloaded after import = 0

========================================================================
Received Import Request.
  Time since last request: 0.000051 seconds.
  path: Assets/Scripts/HubScene/HubLoadoutSlotUI.cs
  artifactKey: Guid(0e6c96ae7b176f645b2819eb876d017e) Importer(815301076,1909f56bfc062723c751e8b465ee728b)
Start importing Assets/Scripts/HubScene/HubLoadoutSlotUI.cs using Guid(0e6c96ae7b176f645b2819eb876d017e) Importer(815301076,1909f56bfc062723c751e8b465ee728b) (PreviewImporter) -> (artifact id: '00000000000000000000000000000000') in 0.0008444 seconds
Import Error Code:(4)
Message: Build asset version error: assets/scripts/hubscene/hubloadoutslotui.cs in SourceAssetDB has modification time of '2026-02-24T13:29:17.0065298Z' while content on disk has modification time of '2026-02-24T13:29:27.8109936Z'
  ERROR: Build asset version error: assets/scripts/hubscene/hubloadoutslotui.cs in SourceAssetDB has modification time of '2026-02-24T13:29:17.0065298Z' while content on disk has modification time of '2026-02-24T13:29:27.8109936Z'
Number of updated asset objects reloaded before import = 0Number of asset objects unloaded after import = 0

========================================================================
Received Import Request.
  Time since last request: 0.000056 seconds.
  path: Assets/Scripts/HubScene/HubLoadoutSlotUI.cs
  artifactKey: Guid(0e6c96ae7b176f645b2819eb876d017e) Importer(815301076,1909f56bfc062723c751e8b465ee728b)
Start importing Assets/Scripts/HubScene/HubLoadoutSlotUI.cs using Guid(0e6c96ae7b176f645b2819eb876d017e) Importer(815301076,1909f56bfc062723c751e8b465ee728b) (PreviewImporter) -> (artifact id: '00000000000000000000000000000000') in 0.0008982 seconds
Import Error Code:(4)
Message: Build asset version error: assets/scripts/hubscene/hubloadoutslotui.cs in SourceAssetDB has modification time of '2026-02-24T13:29:17.0065298Z' while content on disk has modification time of '2026-02-24T13:29:27.8109936Z'
  ERROR: Build asset version error: assets/scripts/hubscene/hubloadoutslotui.cs in SourceAssetDB has modification time of '2026-02-24T13:29:17.0065298Z' while content on disk has modification time of '2026-02-24T13:29:27.8109936Z'
Number of updated asset objects reloaded before import = 0Number of asset objects unloaded after import = 0

========================================================================
Received Import Request.
  Time since last request: 0.000021 seconds.
  path: Assets/Scripts/HubScene/HubLoadoutSlotUI.cs
  artifactKey: Guid(0e6c96ae7b176f645b2819eb876d017e) Importer(815301076,1909f56bfc062723c751e8b465ee728b)
Start importing Assets/Scripts/HubScene/HubLoadoutSlotUI.cs using Guid(0e6c96ae7b176f645b2819eb876d017e) Importer(815301076,1909f56bfc062723c751e8b465ee728b) (PreviewImporter) -> (artifact id: '00000000000000000000000000000000') in 0.0009328 seconds
Import Error Code:(4)
Message: Build asset version error: assets/scripts/hubscene/hubloadoutslotui.cs in SourceAssetDB has modification time of '2026-02-24T13:29:17.0065298Z' while content on disk has modification time of '2026-02-24T13:29:27.8109936Z'
  ERROR: Build asset version error: assets/scripts/hubscene/hubloadoutslotui.cs in SourceAssetDB has modification time of '2026-02-24T13:29:17.0065298Z' while content on disk has modification time of '2026-02-24T13:29:27.8109936Z'
Number of updated asset objects reloaded before import = 0Number of asset objects unloaded after import = 0

========================================================================
Received Import Request.
  Time since last request: 0.000021 seconds.
  path: Assets/Scripts/HubScene/HubLoadoutSlotUI.cs
  artifactKey: Guid(0e6c96ae7b176f645b2819eb876d017e) Importer(815301076,1909f56bfc062723c751e8b465ee728b)
Start importing Assets/Scripts/HubScene/HubLoadoutSlotUI.cs using Guid(0e6c96ae7b176f645b2819eb876d017e) Importer(815301076,1909f56bfc062723c751e8b465ee728b) (PreviewImporter) -> (artifact id: '00000000000000000000000000000000') in 0.0011634 seconds
Import Error Code:(4)
Message: Build asset version error: assets/scripts/hubscene/hubloadoutslotui.cs in SourceAssetDB has modification time of '2026-02-24T13:29:17.0065298Z' while content on disk has modification time of '2026-02-24T13:29:27.8109936Z'
  ERROR: Build asset version error: assets/scripts/hubscene/hubloadoutslotui.cs in SourceAssetDB has modification time of '2026-02-24T13:29:17.0065298Z' while content on disk has modification time of '2026-02-24T13:29:27.8109936Z'
Number of updated asset objects reloaded before import = 0Number of asset objects unloaded after import = 0

========================================================================
Received Import Request.
  Time since last request: 0.000025 seconds.
  path: Assets/Scripts/HubScene/HubLoadoutSlotUI.cs
  artifactKey: Guid(0e6c96ae7b176f645b2819eb876d017e) Importer(815301076,1909f56bfc062723c751e8b465ee728b)
Start importing Assets/Scripts/HubScene/HubLoadoutSlotUI.cs using Guid(0e6c96ae7b176f645b2819eb876d017e) Importer(815301076,1909f56bfc062723c751e8b465ee728b) (PreviewImporter) -> (artifact id: '00000000000000000000000000000000') in 0.0009796 seconds
Import Error Code:(4)
Message: Build asset version error: assets/scripts/hubscene/hubloadoutslotui.cs in SourceAssetDB has modification time of '2026-02-24T13:29:17.0065298Z' while content on disk has modification time of '2026-02-24T13:29:27.8109936Z'
  ERROR: Build asset version error: assets/scripts/hubscene/hubloadoutslotui.cs in SourceAssetDB has modification time of '2026-02-24T13:29:17.0065298Z' while content on disk has modification time of '2026-02-24T13:29:27.8109936Z'
Number of updated asset objects reloaded before import = 0Number of asset objects unloaded after import = 0

========================================================================
Received Import Request.
  Time since last request: 0.000035 seconds.
  path: Assets/Scripts/HubScene/HubLoadoutSlotUI.cs
  artifactKey: Guid(0e6c96ae7b176f645b2819eb876d017e) Importer(815301076,1909f56bfc062723c751e8b465ee728b)
Start importing Assets/Scripts/HubScene/HubLoadoutSlotUI.cs using Guid(0e6c96ae7b176f645b2819eb876d017e) Importer(815301076,1909f56bfc062723c751e8b465ee728b) (PreviewImporter) -> (artifact id: '00000000000000000000000000000000') in 0.0011644 seconds
Import Error Code:(4)
Message: Build asset version error: assets/scripts/hubscene/hubloadoutslotui.cs in SourceAssetDB has modification time of '2026-02-24T13:29:17.0065298Z' while content on disk has modification time of '2026-02-24T13:29:27.8109936Z'
  ERROR: Build asset version error: assets/scripts/hubscene/hubloadoutslotui.cs in SourceAssetDB has modification time of '2026-02-24T13:29:17.0065298Z' while content on disk has modification time of '2026-02-24T13:29:27.8109936Z'
Number of updated asset objects reloaded before import = 0Number of asset objects unloaded after import = 0

========================================================================
Received Import Request.
  Time since last request: 0.000089 seconds.
  path: Assets/Scripts/HubScene/HubLoadoutSlotUI.cs
  artifactKey: Guid(0e6c96ae7b176f645b2819eb876d017e) Importer(815301076,1909f56bfc062723c751e8b465ee728b)
Start importing Assets/Scripts/HubScene/HubLoadoutSlotUI.cs using Guid(0e6c96ae7b176f645b2819eb876d017e) Importer(815301076,1909f56bfc062723c751e8b465ee728b) (PreviewImporter) -> (artifact id: '00000000000000000000000000000000') in 0.0008392 seconds
Import Error Code:(4)
Message: Build asset version error: assets/scripts/hubscene/hubloadoutslotui.cs in SourceAssetDB has modification time of '2026-02-24T13:29:17.0065298Z' while content on disk has modification time of '2026-02-24T13:29:27.8109936Z'
  ERROR: Build asset version error: assets/scripts/hubscene/hubloadoutslotui.cs in SourceAssetDB has modification time of '2026-02-24T13:29:17.0065298Z' while content on disk has modification time of '2026-02-24T13:29:27.8109936Z'
Number of updated asset objects reloaded before import = 0Number of asset objects unloaded after import = 0

========================================================================
Received Import Request.
  Time since last request: 0.000024 seconds.
  path: Assets/Scripts/HubScene/HubLoadoutSlotUI.cs
  artifactKey: Guid(0e6c96ae7b176f645b2819eb876d017e) Importer(815301076,1909f56bfc062723c751e8b465ee728b)
Start importing Assets/Scripts/HubScene/HubLoadoutSlotUI.cs using Guid(0e6c96ae7b176f645b2819eb876d017e) Importer(815301076,1909f56bfc062723c751e8b465ee728b) (PreviewImporter) -> (artifact id: '00000000000000000000000000000000') in 0.0010802 seconds
Import Error Code:(4)
Message: Build asset version error: assets/scripts/hubscene/hubloadoutslotui.cs in SourceAssetDB has modification time of '2026-02-24T13:29:17.0065298Z' while content on disk has modification time of '2026-02-24T13:29:27.8109936Z'
  ERROR: Build asset version error: assets/scripts/hubscene/hubloadoutslotui.cs in SourceAssetDB has modification time of '2026-02-24T13:29:17.0065298Z' while content on disk has modification time of '2026-02-24T13:29:27.8109936Z'
Number of updated asset objects reloaded before import = 0Number of asset objects unloaded after import = 0

========================================================================
Received Import Request.
  Time since last request: 0.000021 seconds.
  path: Assets/Scripts/HubScene/HubLoadoutSlotUI.cs
  artifactKey: Guid(0e6c96ae7b176f645b2819eb876d017e) Importer(815301076,1909f56bfc062723c751e8b465ee728b)
Start importing Assets/Scripts/HubScene/HubLoadoutSlotUI.cs using Guid(0e6c96ae7b176f645b2819eb876d017e) Importer(815301076,1909f56bfc062723c751e8b465ee728b) (PreviewImporter) -> (artifact id: '00000000000000000000000000000000') in 0.0008382 seconds
Import Error Code:(4)
Message: Build asset version error: assets/scripts/hubscene/hubloadoutslotui.cs in SourceAssetDB has modification time of '2026-02-24T13:29:17.0065298Z' while content on disk has modification time of '2026-02-24T13:29:27.8109936Z'
  ERROR: Build asset version error: assets/scripts/hubscene/hubloadoutslotui.cs in SourceAssetDB has modification time of '2026-02-24T13:29:17.0065298Z' while content on disk has modification time of '2026-02-24T13:29:27.8109936Z'
Number of updated asset objects reloaded before import = 0Number of asset objects unloaded after import = 0

========================================================================
Received Import Request.
  Time since last request: 0.000042 seconds.
  path: Assets/Scripts/HubScene/HubLoadoutSlotUI.cs
  artifactKey: Guid(0e6c96ae7b176f645b2819eb876d017e) Importer(815301076,1909f56bfc062723c751e8b465ee728b)
Start importing Assets/Scripts/HubScene/HubLoadoutSlotUI.cs using Guid(0e6c96ae7b176f645b2819eb876d017e) Importer(815301076,1909f56bfc062723c751e8b465ee728b) (PreviewImporter) -> (artifact id: '00000000000000000000000000000000') in 0.0009775 seconds
Import Error Code:(4)
Message: Build asset version error: assets/scripts/hubscene/hubloadoutslotui.cs in SourceAssetDB has modification time of '2026-02-24T13:29:17.0065298Z' while content on disk has modification time of '2026-02-24T13:29:27.8109936Z'
  ERROR: Build asset version error: assets/scripts/hubscene/hubloadoutslotui.cs in SourceAssetDB has modification time of '2026-02-24T13:29:17.0065298Z' while content on disk has modification time of '2026-02-24T13:29:27.8109936Z'
Number of updated asset objects reloaded before import = 0Number of asset objects unloaded after import = 0

========================================================================
Received Import Request.
  Time since last request: 0.000045 seconds.
  path: Assets/Scripts/HubScene/HubLoadoutSlotUI.cs
  artifactKey: Guid(0e6c96ae7b176f645b2819eb876d017e) Importer(815301076,1909f56bfc062723c751e8b465ee728b)
Start importing Assets/Scripts/HubScene/HubLoadoutSlotUI.cs using Guid(0e6c96ae7b176f645b2819eb876d017e) Importer(815301076,1909f56bfc062723c751e8b465ee728b) (PreviewImporter) -> (artifact id: '00000000000000000000000000000000') in 0.0010455 seconds
Import Error Code:(4)
Message: Build asset version error: assets/scripts/hubscene/hubloadoutslotui.cs in SourceAssetDB has modification time of '2026-02-24T13:29:17.0065298Z' while content on disk has modification time of '2026-02-24T13:29:27.8109936Z'
  ERROR: Build asset version error: assets/scripts/hubscene/hubloadoutslotui.cs in SourceAssetDB has modification time of '2026-02-24T13:29:17.0065298Z' while content on disk has modification time of '2026-02-24T13:29:27.8109936Z'
Number of updated asset objects reloaded before import = 0Number of asset objects unloaded after import = 0

========================================================================
Received Import Request.
  Time since last request: 0.000021 seconds.
  path: Assets/Scripts/HubScene/HubLoadoutSlotUI.cs
  artifactKey: Guid(0e6c96ae7b176f645b2819eb876d017e) Importer(815301076,1909f56bfc062723c751e8b465ee728b)
Start importing Assets/Scripts/HubScene/HubLoadoutSlotUI.cs using Guid(0e6c96ae7b176f645b2819eb876d017e) Importer(815301076,1909f56bfc062723c751e8b465ee728b) (PreviewImporter) -> (artifact id: '00000000000000000000000000000000') in 0.0007508 seconds
Import Error Code:(4)
Message: Build asset version error: assets/scripts/hubscene/hubloadoutslotui.cs in SourceAssetDB has modification time of '2026-02-24T13:29:17.0065298Z' while content on disk has modification time of '2026-02-24T13:29:27.8109936Z'
  ERROR: Build asset version error: assets/scripts/hubscene/hubloadoutslotui.cs in SourceAssetDB has modification time of '2026-02-24T13:29:17.0065298Z' while content on disk has modification time of '2026-02-24T13:29:27.8109936Z'
Number of updated asset objects reloaded before import = 0Number of asset objects unloaded after import = 0

========================================================================
Received Import Request.
  Time since last request: 0.000029 seconds.
  path: Assets/Scripts/HubScene/HubLoadoutSlotUI.cs
  artifactKey: Guid(0e6c96ae7b176f645b2819eb876d017e) Importer(815301076,1909f56bfc062723c751e8b465ee728b)
Start importing Assets/Scripts/HubScene/HubLoadoutSlotUI.cs using Guid(0e6c96ae7b176f645b2819eb876d017e) Importer(815301076,1909f56bfc062723c751e8b465ee728b) (PreviewImporter) -> (artifact id: '00000000000000000000000000000000') in 0.0008965 seconds
Import Error Code:(4)
Message: Build asset version error: assets/scripts/hubscene/hubloadoutslotui.cs in SourceAssetDB has modification time of '2026-02-24T13:29:17.0065298Z' while content on disk has modification time of '2026-02-24T13:29:27.8109936Z'
  ERROR: Build asset version error: assets/scripts/hubscene/hubloadoutslotui.cs in SourceAssetDB has modification time of '2026-02-24T13:29:17.0065298Z' while content on disk has modification time of '2026-02-24T13:29:27.8109936Z'
Number of updated asset objects reloaded before import = 0Number of asset objects unloaded after import = 0

========================================================================
Received Import Request.
  Time since last request: 0.000022 seconds.
  path: Assets/Scripts/HubScene/HubLoadoutSlotUI.cs
  artifactKey: Guid(0e6c96ae7b176f645b2819eb876d017e) Importer(815301076,1909f56bfc062723c751e8b465ee728b)
Start importing Assets/Scripts/HubScene/HubLoadoutSlotUI.cs using Guid(0e6c96ae7b176f645b2819eb876d017e) Importer(815301076,1909f56bfc062723c751e8b465ee728b) (PreviewImporter) -> (artifact id: '00000000000000000000000000000000') in 0.0011764 seconds
Import Error Code:(4)
Message: Build asset version error: assets/scripts/hubscene/hubloadoutslotui.cs in SourceAssetDB has modification time of '2026-02-24T13:29:17.0065298Z' while content on disk has modification time of '2026-02-24T13:29:27.8109936Z'
  ERROR: Build asset version error: assets/scripts/hubscene/hubloadoutslotui.cs in SourceAssetDB has modification time of '2026-02-24T13:29:17.0065298Z' while content on disk has modification time of '2026-02-24T13:29:27.8109936Z'
Number of updated asset objects reloaded before import = 0Number of asset objects unloaded after import = 0

========================================================================
Received Import Request.
  Time since last request: 0.000025 seconds.
  path: Assets/Scripts/HubScene/HubLoadoutSlotUI.cs
  artifactKey: Guid(0e6c96ae7b176f645b2819eb876d017e) Importer(815301076,1909f56bfc062723c751e8b465ee728b)
Start importing Assets/Scripts/HubScene/HubLoadoutSlotUI.cs using Guid(0e6c96ae7b176f645b2819eb876d017e) Importer(815301076,1909f56bfc062723c751e8b465ee728b) (PreviewImporter) -> (artifact id: '00000000000000000000000000000000') in 0.0008347 seconds
Import Error Code:(4)
Message: Build asset version error: assets/scripts/hubscene/hubloadoutslotui.cs in SourceAssetDB has modification time of '2026-02-24T13:29:17.0065298Z' while content on disk has modification time of '2026-02-24T13:29:27.8109936Z'
  ERROR: Build asset version error: assets/scripts/hubscene/hubloadoutslotui.cs in SourceAssetDB has modification time of '2026-02-24T13:29:17.0065298Z' while content on disk has modification time of '2026-02-24T13:29:27.8109936Z'
Number of updated asset objects reloaded before import = 0Number of asset objects unloaded after import = 0

========================================================================
Received Import Request.
  Time since last request: 0.000034 seconds.
  path: Assets/Scripts/HubScene/HubLoadoutSlotUI.cs
  artifactKey: Guid(0e6c96ae7b176f645b2819eb876d017e) Importer(815301076,1909f56bfc062723c751e8b465ee728b)
Start importing Assets/Scripts/HubScene/HubLoadoutSlotUI.cs using Guid(0e6c96ae7b176f645b2819eb876d017e) Importer(815301076,1909f56bfc062723c751e8b465ee728b) (PreviewImporter) -> (artifact id: '00000000000000000000000000000000') in 0.000956 seconds
Import Error Code:(4)
Message: Build asset version error: assets/scripts/hubscene/hubloadoutslotui.cs in SourceAssetDB has modification time of '2026-02-24T13:29:17.0065298Z' while content on disk has modification time of '2026-02-24T13:29:27.8109936Z'
  ERROR: Build asset version error: assets/scripts/hubscene/hubloadoutslotui.cs in SourceAssetDB has modification time of '2026-02-24T13:29:17.0065298Z' while content on disk has modification time of '2026-02-24T13:29:27.8109936Z'
Number of updated asset objects reloaded before import = 0Number of asset objects unloaded after import = 0

========================================================================
Received Import Request.
  Time since last request: 0.000054 seconds.
  path: Assets/Scripts/HubScene/HubLoadoutSlotUI.cs
  artifactKey: Guid(0e6c96ae7b176f645b2819eb876d017e) Importer(815301076,1909f56bfc062723c751e8b465ee728b)
Start importing Assets/Scripts/HubScene/HubLoadoutSlotUI.cs using Guid(0e6c96ae7b176f645b2819eb876d017e) Importer(815301076,1909f56bfc062723c751e8b465ee728b) (PreviewImporter) -> (artifact id: '00000000000000000000000000000000') in 0.0008452 seconds
Import Error Code:(4)
Message: Build asset version error: assets/scripts/hubscene/hubloadoutslotui.cs in SourceAssetDB has modification time of '2026-02-24T13:29:17.0065298Z' while content on disk has modification time of '2026-02-24T13:29:27.8109936Z'
  ERROR: Build asset version error: assets/scripts/hubscene/hubloadoutslotui.cs in SourceAssetDB has modification time of '2026-02-24T13:29:17.0065298Z' while content on disk has modification time of '2026-02-24T13:29:27.8109936Z'
Number of updated asset objects reloaded before import = 0Number of asset objects unloaded after import = 0

========================================================================
Received Import Request.
  Time since last request: 0.000020 seconds.
  path: Assets/Scripts/HubScene/HubLoadoutSlotUI.cs
  artifactKey: Guid(0e6c96ae7b176f645b2819eb876d017e) Importer(815301076,1909f56bfc062723c751e8b465ee728b)
Start importing Assets/Scripts/HubScene/HubLoadoutSlotUI.cs using Guid(0e6c96ae7b176f645b2819eb876d017e) Importer(815301076,1909f56bfc062723c751e8b465ee728b) (PreviewImporter) -> (artifact id: '00000000000000000000000000000000') in 0.0010271 seconds
Import Error Code:(4)
Message: Build asset version error: assets/scripts/hubscene/hubloadoutslotui.cs in SourceAssetDB has modification time of '2026-02-24T13:29:17.0065298Z' while content on disk has modification time of '2026-02-24T13:29:27.8109936Z'
  ERROR: Build asset version error: assets/scripts/hubscene/hubloadoutslotui.cs in SourceAssetDB has modification time of '2026-02-24T13:29:17.0065298Z' while content on disk has modification time of '2026-02-24T13:29:27.8109936Z'
Number of updated asset objects reloaded before import = 0Number of asset objects unloaded after import = 0

========================================================================
Received Import Request.
  Time since last request: 0.000022 seconds.
  path: Assets/Scripts/HubScene/HubLoadoutSlotUI.cs
  artifactKey: Guid(0e6c96ae7b176f645b2819eb876d017e) Importer(815301076,1909f56bfc062723c751e8b465ee728b)
Start importing Assets/Scripts/HubScene/HubLoadoutSlotUI.cs using Guid(0e6c96ae7b176f645b2819eb876d017e) Importer(815301076,1909f56bfc062723c751e8b465ee728b) (PreviewImporter) -> (artifact id: '00000000000000000000000000000000') in 0.0008489 seconds
Import Error Code:(4)
Message: Build asset version error: assets/scripts/hubscene/hubloadoutslotui.cs in SourceAssetDB has modification time of '2026-02-24T13:29:17.0065298Z' while content on disk has modification time of '2026-02-24T13:29:27.8109936Z'
  ERROR: Build asset version error: assets/scripts/hubscene/hubloadoutslotui.cs in SourceAssetDB has modification time of '2026-02-24T13:29:17.0065298Z' while content on disk has modification time of '2026-02-24T13:29:27.8109936Z'
Number of updated asset objects reloaded before import = 0Number of asset objects unloaded after import = 0

========================================================================
Received Import Request.
  Time since last request: 0.000022 seconds.
  path: Assets/Scripts/HubScene/HubLoadoutSlotUI.cs
  artifactKey: Guid(0e6c96ae7b176f645b2819eb876d017e) Importer(815301076,1909f56bfc062723c751e8b465ee728b)
Start importing Assets/Scripts/HubScene/HubLoadoutSlotUI.cs using Guid(0e6c96ae7b176f645b2819eb876d017e) Importer(815301076,1909f56bfc062723c751e8b465ee728b) (PreviewImporter) -> (artifact id: '00000000000000000000000000000000') in 0.0007279 seconds
Import Error Code:(4)
Message: Build asset version error: assets/scripts/hubscene/hubloadoutslotui.cs in SourceAssetDB has modification time of '2026-02-24T13:29:17.0065298Z' while content on disk has modification time of '2026-02-24T13:29:27.8109936Z'
  ERROR: Build asset version error: assets/scripts/hubscene/hubloadoutslotui.cs in SourceAssetDB has modification time of '2026-02-24T13:29:17.0065298Z' while content on disk has modification time of '2026-02-24T13:29:27.8109936Z'
Number of updated asset objects reloaded before import = 0Number of asset objects unloaded after import = 0

========================================================================
Received Import Request.
  Time since last request: 0.000034 seconds.
  path: Assets/Scripts/HubScene/HubLoadoutSlotUI.cs
  artifactKey: Guid(0e6c96ae7b176f645b2819eb876d017e) Importer(815301076,1909f56bfc062723c751e8b465ee728b)
Start importing Assets/Scripts/HubScene/HubLoadoutSlotUI.cs using Guid(0e6c96ae7b176f645b2819eb876d017e) Importer(815301076,1909f56bfc062723c751e8b465ee728b) (PreviewImporter) -> (artifact id: '00000000000000000000000000000000') in 0.0008467 seconds
Import Error Code:(4)
Message: Build asset version error: assets/scripts/hubscene/hubloadoutslotui.cs in SourceAssetDB has modification time of '2026-02-24T13:29:17.0065298Z' while content on disk has modification time of '2026-02-24T13:29:27.8109936Z'
  ERROR: Build asset version error: assets/scripts/hubscene/hubloadoutslotui.cs in SourceAssetDB has modification time of '2026-02-24T13:29:17.0065298Z' while content on disk has modification time of '2026-02-24T13:29:27.8109936Z'
Number of updated asset objects reloaded before import = 0Number of asset objects unloaded after import = 0

========================================================================
Received Import Request.
  Time since last request: 0.000022 seconds.
  path: Assets/Scripts/HubScene/HubLoadoutSlotUI.cs
  artifactKey: Guid(0e6c96ae7b176f645b2819eb876d017e) Importer(815301076,1909f56bfc062723c751e8b465ee728b)
Start importing Assets/Scripts/HubScene/HubLoadoutSlotUI.cs using Guid(0e6c96ae7b176f645b2819eb876d017e) Importer(815301076,1909f56bfc062723c751e8b465ee728b) (PreviewImporter) -> (artifact id: '00000000000000000000000000000000') in 0.000923 seconds
Import Error Code:(4)
Message: Build asset version error: assets/scripts/hubscene/hubloadoutslotui.cs in SourceAssetDB has modification time of '2026-02-24T13:29:17.0065298Z' while content on disk has modification time of '2026-02-24T13:29:27.8109936Z'
  ERROR: Build asset version error: assets/scripts/hubscene/hubloadoutslotui.cs in SourceAssetDB has modification time of '2026-02-24T13:29:17.0065298Z' while content on disk has modification time of '2026-02-24T13:29:27.8109936Z'
Number of updated asset objects reloaded before import = 0Number of asset objects unloaded after import = 0

========================================================================
Received Import Request.
  Time since last request: 0.000023 seconds.
  path: Assets/Scripts/HubScene/HubLoadoutSlotUI.cs
  artifactKey: Guid(0e6c96ae7b176f645b2819eb876d017e) Importer(815301076,1909f56bfc062723c751e8b465ee728b)
Start importing Assets/Scripts/HubScene/HubLoadoutSlotUI.cs using Guid(0e6c96ae7b176f645b2819eb876d017e) Importer(815301076,1909f56bfc062723c751e8b465ee728b) (PreviewImporter) -> (artifact id: '00000000000000000000000000000000') in 0.0007672 seconds
Import Error Code:(4)
Message: Build asset version error: assets/scripts/hubscene/hubloadoutslotui.cs in SourceAssetDB has modification time of '2026-02-24T13:29:17.0065298Z' while content on disk has modification time of '2026-02-24T13:29:27.8109936Z'
  ERROR: Build asset version error: assets/scripts/hubscene/hubloadoutslotui.cs in SourceAssetDB has modification time of '2026-02-24T13:29:17.0065298Z' while content on disk has modification time of '2026-02-24T13:29:27.8109936Z'
Number of updated asset objects reloaded before import = 0Number of asset objects unloaded after import = 0

========================================================================
Received Import Request.
  Time since last request: 0.000020 seconds.
  path: Assets/Scripts/HubScene/HubLoadoutSlotUI.cs
  artifactKey: Guid(0e6c96ae7b176f645b2819eb876d017e) Importer(815301076,1909f56bfc062723c751e8b465ee728b)
Start importing Assets/Scripts/HubScene/HubLoadoutSlotUI.cs using Guid(0e6c96ae7b176f645b2819eb876d017e) Importer(815301076,1909f56bfc062723c751e8b465ee728b) (PreviewImporter) -> (artifact id: '00000000000000000000000000000000') in 0.0010162 seconds
Import Error Code:(4)
Message: Build asset version error: assets/scripts/hubscene/hubloadoutslotui.cs in SourceAssetDB has modification time of '2026-02-24T13:29:17.0065298Z' while content on disk has modification time of '2026-02-24T13:29:27.8109936Z'
  ERROR: Build asset version error: assets/scripts/hubscene/hubloadoutslotui.cs in SourceAssetDB has modification time of '2026-02-24T13:29:17.0065298Z' while content on disk has modification time of '2026-02-24T13:29:27.8109936Z'
Number of updated asset objects reloaded before import = 0Number of asset objects unloaded after import = 0

========================================================================
Received Import Request.
  Time since last request: 0.000023 seconds.
  path: Assets/Scripts/HubScene/HubLoadoutSlotUI.cs
  artifactKey: Guid(0e6c96ae7b176f645b2819eb876d017e) Importer(815301076,1909f56bfc062723c751e8b465ee728b)
Start importing Assets/Scripts/HubScene/HubLoadoutSlotUI.cs using Guid(0e6c96ae7b176f645b2819eb876d017e) Importer(815301076,1909f56bfc062723c751e8b465ee728b) (PreviewImporter) -> (artifact id: '00000000000000000000000000000000') in 0.000701 seconds
Import Error Code:(4)
Message: Build asset version error: assets/scripts/hubscene/hubloadoutslotui.cs in SourceAssetDB has modification time of '2026-02-24T13:29:17.0065298Z' while content on disk has modification time of '2026-02-24T13:29:27.8109936Z'
  ERROR: Build asset version error: assets/scripts/hubscene/hubloadoutslotui.cs in SourceAssetDB has modification time of '2026-02-24T13:29:17.0065298Z' while content on disk has modification time of '2026-02-24T13:29:27.8109936Z'
Number of updated asset objects reloaded before import = 0Number of asset objects unloaded after import = 0

========================================================================
Received Import Request.
  Time since last request: 0.000037 seconds.
  path: Assets/Scripts/HubScene/HubLoadoutSlotUI.cs
  artifactKey: Guid(0e6c96ae7b176f645b2819eb876d017e) Importer(815301076,1909f56bfc062723c751e8b465ee728b)
Start importing Assets/Scripts/HubScene/HubLoadoutSlotUI.cs using Guid(0e6c96ae7b176f645b2819eb876d017e) Importer(815301076,1909f56bfc062723c751e8b465ee728b) (PreviewImporter) -> (artifact id: '00000000000000000000000000000000') in 0.0009849 seconds
Import Error Code:(4)
Message: Build asset version error: assets/scripts/hubscene/hubloadoutslotui.cs in SourceAssetDB has modification time of '2026-02-24T13:29:17.0065298Z' while content on disk has modification time of '2026-02-24T13:29:27.8109936Z'
  ERROR: Build asset version error: assets/scripts/hubscene/hubloadoutslotui.cs in SourceAssetDB has modification time of '2026-02-24T13:29:17.0065298Z' while content on disk has modification time of '2026-02-24T13:29:27.8109936Z'
Number of updated asset objects reloaded before import = 0Number of asset objects unloaded after import = 0

========================================================================
Received Import Request.
  Time since last request: 0.000021 seconds.
  path: Assets/Scripts/HubScene/HubLoadoutSlotUI.cs
  artifactKey: Guid(0e6c96ae7b176f645b2819eb876d017e) Importer(815301076,1909f56bfc062723c751e8b465ee728b)
Start importing Assets/Scripts/HubScene/HubLoadoutSlotUI.cs using Guid(0e6c96ae7b176f645b2819eb876d017e) Importer(815301076,1909f56bfc062723c751e8b465ee728b) (PreviewImporter) -> (artifact id: '00000000000000000000000000000000') in 0.0024653 seconds
Import Error Code:(4)
Message: Build asset version error: assets/scripts/hubscene/hubloadoutslotui.cs in SourceAssetDB has modification time of '2026-02-24T13:29:17.0065298Z' while content on disk has modification time of '2026-02-24T13:29:27.8109936Z'
  ERROR: Build asset version error: assets/scripts/hubscene/hubloadoutslotui.cs in SourceAssetDB has modification time of '2026-02-24T13:29:17.0065298Z' while content on disk has modification time of '2026-02-24T13:29:27.8109936Z'
Number of updated asset objects reloaded before import = 0Number of asset objects unloaded after import = 0

========================================================================
Received Import Request.
  Time since last request: 0.000046 seconds.
  path: Assets/Scripts/HubScene/HubLoadoutSlotUI.cs
  artifactKey: Guid(0e6c96ae7b176f645b2819eb876d017e) Importer(815301076,1909f56bfc062723c751e8b465ee728b)
Start importing Assets/Scripts/HubScene/HubLoadoutSlotUI.cs using Guid(0e6c96ae7b176f645b2819eb876d017e) Importer(815301076,1909f56bfc062723c751e8b465ee728b) (PreviewImporter) -> (artifact id: '00000000000000000000000000000000') in 0.000982 seconds
Import Error Code:(4)
Message: Build asset version error: assets/scripts/hubscene/hubloadoutslotui.cs in SourceAssetDB has modification time of '2026-02-24T13:29:17.0065298Z' while content on disk has modification time of '2026-02-24T13:29:27.8109936Z'
  ERROR: Build asset version error: assets/scripts/hubscene/hubloadoutslotui.cs in SourceAssetDB has modification time of '2026-02-24T13:29:17.0065298Z' while content on disk has modification time of '2026-02-24T13:29:27.8109936Z'
Number of updated asset objects reloaded before import = 0Number of asset objects unloaded after import = 0

========================================================================
Received Import Request.
  Time since last request: 0.000026 seconds.
  path: Assets/Scripts/HubScene/HubLoadoutSlotUI.cs
  artifactKey: Guid(0e6c96ae7b176f645b2819eb876d017e) Importer(815301076,1909f56bfc062723c751e8b465ee728b)
Start importing Assets/Scripts/HubScene/HubLoadoutSlotUI.cs using Guid(0e6c96ae7b176f645b2819eb876d017e) Importer(815301076,1909f56bfc062723c751e8b465ee728b) (PreviewImporter) -> (artifact id: '00000000000000000000000000000000') in 0.0006916 seconds
Import Error Code:(4)
Message: Build asset version error: assets/scripts/hubscene/hubloadoutslotui.cs in SourceAssetDB has modification time of '2026-02-24T13:29:17.0065298Z' while content on disk has modification time of '2026-02-24T13:29:27.8109936Z'
  ERROR: Build asset version error: assets/scripts/hubscene/hubloadoutslotui.cs in SourceAssetDB has modification time of '2026-02-24T13:29:17.0065298Z' while content on disk has modification time of '2026-02-24T13:29:27.8109936Z'
Number of updated asset objects reloaded before import = 0Number of asset objects unloaded after import = 0

========================================================================
Received Import Request.
  Time since last request: 0.000034 seconds.
  path: Assets/Scripts/HubScene/HubLoadoutSlotUI.cs
  artifactKey: Guid(0e6c96ae7b176f645b2819eb876d017e) Importer(815301076,1909f56bfc062723c751e8b465ee728b)
Start importing Assets/Scripts/HubScene/HubLoadoutSlotUI.cs using Guid(0e6c96ae7b176f645b2819eb876d017e) Importer(815301076,1909f56bfc062723c751e8b465ee728b) (PreviewImporter) -> (artifact id: '00000000000000000000000000000000') in 0.0009421 seconds
Import Error Code:(4)
Message: Build asset version error: assets/scripts/hubscene/hubloadoutslotui.cs in SourceAssetDB has modification time of '2026-02-24T13:29:17.0065298Z' while content on disk has modification time of '2026-02-24T13:29:27.8109936Z'
  ERROR: Build asset version error: assets/scripts/hubscene/hubloadoutslotui.cs in SourceAssetDB has modification time of '2026-02-24T13:29:17.0065298Z' while content on disk has modification time of '2026-02-24T13:29:27.8109936Z'
Number of updated asset objects reloaded before import = 0Number of asset objects unloaded after import = 0

========================================================================
Received Import Request.
  Time since last request: 0.000021 seconds.
  path: Assets/Scripts/HubScene/HubLoadoutSlotUI.cs
  artifactKey: Guid(0e6c96ae7b176f645b2819eb876d017e) Importer(815301076,1909f56bfc062723c751e8b465ee728b)
Start importing Assets/Scripts/HubScene/HubLoadoutSlotUI.cs using Guid(0e6c96ae7b176f645b2819eb876d017e) Importer(815301076,1909f56bfc062723c751e8b465ee728b) (PreviewImporter) -> (artifact id: '00000000000000000000000000000000') in 0.000981 seconds
Import Error Code:(4)
Message: Build asset version error: assets/scripts/hubscene/hubloadoutslotui.cs in SourceAssetDB has modification time of '2026-02-24T13:29:17.0065298Z' while content on disk has modification time of '2026-02-24T13:29:27.8109936Z'
  ERROR: Build asset version error: assets/scripts/hubscene/hubloadoutslotui.cs in SourceAssetDB has modification time of '2026-02-24T13:29:17.0065298Z' while content on disk has modification time of '2026-02-24T13:29:27.8109936Z'
Number of updated asset objects reloaded before import = 0Number of asset objects unloaded after import = 0

========================================================================
Received Import Request.
  Time since last request: 0.000052 seconds.
  path: Assets/Scripts/HubScene/HubLoadoutSlotUI.cs
  artifactKey: Guid(0e6c96ae7b176f645b2819eb876d017e) Importer(815301076,1909f56bfc062723c751e8b465ee728b)
Start importing Assets/Scripts/HubScene/HubLoadoutSlotUI.cs using Guid(0e6c96ae7b176f645b2819eb876d017e) Importer(815301076,1909f56bfc062723c751e8b465ee728b) (PreviewImporter) -> (artifact id: '00000000000000000000000000000000') in 0.0010779 seconds
Import Error Code:(4)
Message: Build asset version error: assets/scripts/hubscene/hubloadoutslotui.cs in SourceAssetDB has modification time of '2026-02-24T13:29:17.0065298Z' while content on disk has modification time of '2026-02-24T13:29:27.8109936Z'
  ERROR: Build asset version error: assets/scripts/hubscene/hubloadoutslotui.cs in SourceAssetDB has modification time of '2026-02-24T13:29:17.0065298Z' while content on disk has modification time of '2026-02-24T13:29:27.8109936Z'
Number of updated asset objects reloaded before import = 0Number of asset objects unloaded after import = 0

========================================================================
Received Import Request.
  Time since last request: 0.000019 seconds.
  path: Assets/Scripts/HubScene/HubLoadoutSlotUI.cs
  artifactKey: Guid(0e6c96ae7b176f645b2819eb876d017e) Importer(815301076,1909f56bfc062723c751e8b465ee728b)
Start importing Assets/Scripts/HubScene/HubLoadoutSlotUI.cs using Guid(0e6c96ae7b176f645b2819eb876d017e) Importer(815301076,1909f56bfc062723c751e8b465ee728b) (PreviewImporter) -> (artifact id: '00000000000000000000000000000000') in 0.0013163 seconds
Import Error Code:(4)
Message: Build asset version error: assets/scripts/hubscene/hubloadoutslotui.cs in SourceAssetDB has modification time of '2026-02-24T13:29:17.0065298Z' while content on disk has modification time of '2026-02-24T13:29:27.8109936Z'
  ERROR: Build asset version error: assets/scripts/hubscene/hubloadoutslotui.cs in SourceAssetDB has modification time of '2026-02-24T13:29:17.0065298Z' while content on disk has modification time of '2026-02-24T13:29:27.8109936Z'
Number of updated asset objects reloaded before import = 0Number of asset objects unloaded after import = 0

========================================================================
Received Import Request.
  Time since last request: 0.000028 seconds.
  path: Assets/Scripts/HubScene/HubLoadoutSlotUI.cs
  artifactKey: Guid(0e6c96ae7b176f645b2819eb876d017e) Importer(815301076,1909f56bfc062723c751e8b465ee728b)
Start importing Assets/Scripts/HubScene/HubLoadoutSlotUI.cs using Guid(0e6c96ae7b176f645b2819eb876d017e) Importer(815301076,1909f56bfc062723c751e8b465ee728b) (PreviewImporter) -> (artifact id: '00000000000000000000000000000000') in 0.0008413 seconds
Import Error Code:(4)
Message: Build asset version error: assets/scripts/hubscene/hubloadoutslotui.cs in SourceAssetDB has modification time of '2026-02-24T13:29:17.0065298Z' while content on disk has modification time of '2026-02-24T13:29:27.8109936Z'
  ERROR: Build asset version error: assets/scripts/hubscene/hubloadoutslotui.cs in SourceAssetDB has modification time of '2026-02-24T13:29:17.0065298Z' while content on disk has modification time of '2026-02-24T13:29:27.8109936Z'
Number of updated asset objects reloaded before import = 0Number of asset objects unloaded after import = 0

========================================================================
Received Import Request.
  Time since last request: 0.000058 seconds.
  path: Assets/Scripts/HubScene/HubLoadoutSlotUI.cs
  artifactKey: Guid(0e6c96ae7b176f645b2819eb876d017e) Importer(815301076,1909f56bfc062723c751e8b465ee728b)
Start importing Assets/Scripts/HubScene/HubLoadoutSlotUI.cs using Guid(0e6c96ae7b176f645b2819eb876d017e) Importer(815301076,1909f56bfc062723c751e8b465ee728b) (PreviewImporter) -> (artifact id: '00000000000000000000000000000000') in 0.0007955 seconds
Import Error Code:(4)
Message: Build asset version error: assets/scripts/hubscene/hubloadoutslotui.cs in SourceAssetDB has modification time of '2026-02-24T13:29:17.0065298Z' while content on disk has modification time of '2026-02-24T13:29:27.8109936Z'
  ERROR: Build asset version error: assets/scripts/hubscene/hubloadoutslotui.cs in SourceAssetDB has modification time of '2026-02-24T13:29:17.0065298Z' while content on disk has modification time of '2026-02-24T13:29:27.8109936Z'
Number of updated asset objects reloaded before import = 0Number of asset objects unloaded after import = 0

========================================================================
Received Import Request.
  Time since last request: 0.000021 seconds.
  path: Assets/Scripts/HubScene/HubLoadoutSlotUI.cs
  artifactKey: Guid(0e6c96ae7b176f645b2819eb876d017e) Importer(815301076,1909f56bfc062723c751e8b465ee728b)
Start importing Assets/Scripts/HubScene/HubLoadoutSlotUI.cs using Guid(0e6c96ae7b176f645b2819eb876d017e) Importer(815301076,1909f56bfc062723c751e8b465ee728b) (PreviewImporter) -> (artifact id: '00000000000000000000000000000000') in 0.0006629 seconds
Import Error Code:(4)
Message: Build asset version error: assets/scripts/hubscene/hubloadoutslotui.cs in SourceAssetDB has modification time of '2026-02-24T13:29:17.0065298Z' while content on disk has modification time of '2026-02-24T13:29:27.8109936Z'
  ERROR: Build asset version error: assets/scripts/hubscene/hubloadoutslotui.cs in SourceAssetDB has modification time of '2026-02-24T13:29:17.0065298Z' while content on disk has modification time of '2026-02-24T13:29:27.8109936Z'
Number of updated asset objects reloaded before import = 0Number of asset objects unloaded after import = 0

========================================================================
Received Import Request.
  Time since last request: 0.000023 seconds.
  path: Assets/Scripts/HubScene/HubLoadoutSlotUI.cs
  artifactKey: Guid(0e6c96ae7b176f645b2819eb876d017e) Importer(815301076,1909f56bfc062723c751e8b465ee728b)
Start importing Assets/Scripts/HubScene/HubLoadoutSlotUI.cs using Guid(0e6c96ae7b176f645b2819eb876d017e) Importer(815301076,1909f56bfc062723c751e8b465ee728b) (PreviewImporter) -> (artifact id: '00000000000000000000000000000000') in 0.0009432 seconds
Import Error Code:(4)
Message: Build asset version error: assets/scripts/hubscene/hubloadoutslotui.cs in SourceAssetDB has modification time of '2026-02-24T13:29:17.0065298Z' while content on disk has modification time of '2026-02-24T13:29:27.8109936Z'
  ERROR: Build asset version error: assets/scripts/hubscene/hubloadoutslotui.cs in SourceAssetDB has modification time of '2026-02-24T13:29:17.0065298Z' while content on disk has modification time of '2026-02-24T13:29:27.8109936Z'
Number of updated asset objects reloaded before import = 0Number of asset objects unloaded after import = 0

========================================================================
Received Import Request.
  Time since last request: 0.000019 seconds.
  path: Assets/Scripts/HubScene/HubLoadoutSlotUI.cs
  artifactKey: Guid(0e6c96ae7b176f645b2819eb876d017e) Importer(815301076,1909f56bfc062723c751e8b465ee728b)
Start importing Assets/Scripts/HubScene/HubLoadoutSlotUI.cs using Guid(0e6c96ae7b176f645b2819eb876d017e) Importer(815301076,1909f56bfc062723c751e8b465ee728b) (PreviewImporter) -> (artifact id: '00000000000000000000000000000000') in 0.000915 seconds
Import Error Code:(4)
Message: Build asset version error: assets/scripts/hubscene/hubloadoutslotui.cs in SourceAssetDB has modification time of '2026-02-24T13:29:17.0065298Z' while content on disk has modification time of '2026-02-24T13:29:27.8109936Z'
  ERROR: Build asset version error: assets/scripts/hubscene/hubloadoutslotui.cs in SourceAssetDB has modification time of '2026-02-24T13:29:17.0065298Z' while content on disk has modification time of '2026-02-24T13:29:27.8109936Z'
Number of updated asset objects reloaded before import = 0Number of asset objects unloaded after import = 0

========================================================================
Received Import Request.
  Time since last request: 0.000024 seconds.
  path: Assets/Scripts/HubScene/HubLoadoutSlotUI.cs
  artifactKey: Guid(0e6c96ae7b176f645b2819eb876d017e) Importer(815301076,1909f56bfc062723c751e8b465ee728b)
Start importing Assets/Scripts/HubScene/HubLoadoutSlotUI.cs using Guid(0e6c96ae7b176f645b2819eb876d017e) Importer(815301076,1909f56bfc062723c751e8b465ee728b) (PreviewImporter) -> (artifact id: '00000000000000000000000000000000') in 0.000835 seconds
Import Error Code:(4)
Message: Build asset version error: assets/scripts/hubscene/hubloadoutslotui.cs in SourceAssetDB has modification time of '2026-02-24T13:29:17.0065298Z' while content on disk has modification time of '2026-02-24T13:29:27.8109936Z'
  ERROR: Build asset version error: assets/scripts/hubscene/hubloadoutslotui.cs in SourceAssetDB has modification time of '2026-02-24T13:29:17.0065298Z' while content on disk has modification time of '2026-02-24T13:29:27.8109936Z'
Number of updated asset objects reloaded before import = 0Number of asset objects unloaded after import = 0

========================================================================
Received Import Request.
  Time since last request: 0.000034 seconds.
  path: Assets/Scripts/HubScene/HubLoadoutSlotUI.cs
  artifactKey: Guid(0e6c96ae7b176f645b2819eb876d017e) Importer(815301076,1909f56bfc062723c751e8b465ee728b)
Start importing Assets/Scripts/HubScene/HubLoadoutSlotUI.cs using Guid(0e6c96ae7b176f645b2819eb876d017e) Importer(815301076,1909f56bfc062723c751e8b465ee728b) (PreviewImporter) -> (artifact id: '00000000000000000000000000000000') in 0.0012402 seconds
Import Error Code:(4)
Message: Build asset version error: assets/scripts/hubscene/hubloadoutslotui.cs in SourceAssetDB has modification time of '2026-02-24T13:29:17.0065298Z' while content on disk has modification time of '2026-02-24T13:29:27.8109936Z'
  ERROR: Build asset version error: assets/scripts/hubscene/hubloadoutslotui.cs in SourceAssetDB has modification time of '2026-02-24T13:29:17.0065298Z' while content on disk has modification time of '2026-02-24T13:29:27.8109936Z'
Number of updated asset objects reloaded before import = 0Number of asset objects unloaded after import = 0

========================================================================
Received Import Request.
  Time since last request: 0.000025 seconds.
  path: Assets/Scripts/HubScene/HubLoadoutSlotUI.cs
  artifactKey: Guid(0e6c96ae7b176f645b2819eb876d017e) Importer(815301076,1909f56bfc062723c751e8b465ee728b)
Start importing Assets/Scripts/HubScene/HubLoadoutSlotUI.cs using Guid(0e6c96ae7b176f645b2819eb876d017e) Importer(815301076,1909f56bfc062723c751e8b465ee728b) (PreviewImporter) -> (artifact id: '00000000000000000000000000000000') in 0.0008523 seconds
Import Error Code:(4)
Message: Build asset version error: assets/scripts/hubscene/hubloadoutslotui.cs in SourceAssetDB has modification time of '2026-02-24T13:29:17.0065298Z' while content on disk has modification time of '2026-02-24T13:29:27.8109936Z'
  ERROR: Build asset version error: assets/scripts/hubscene/hubloadoutslotui.cs in SourceAssetDB has modification time of '2026-02-24T13:29:17.0065298Z' while content on disk has modification time of '2026-02-24T13:29:27.8109936Z'
Number of updated asset objects reloaded before import = 0Number of asset objects unloaded after import = 0

========================================================================
Received Import Request.
  Time since last request: 0.000021 seconds.
  path: Assets/Scripts/HubScene/HubLoadoutSlotUI.cs
  artifactKey: Guid(0e6c96ae7b176f645b2819eb876d017e) Importer(815301076,1909f56bfc062723c751e8b465ee728b)
Start importing Assets/Scripts/HubScene/HubLoadoutSlotUI.cs using Guid(0e6c96ae7b176f645b2819eb876d017e) Importer(815301076,1909f56bfc062723c751e8b465ee728b) (PreviewImporter) -> (artifact id: '00000000000000000000000000000000') in 0.0007541 seconds
Import Error Code:(4)
Message: Build asset version error: assets/scripts/hubscene/hubloadoutslotui.cs in SourceAssetDB has modification time of '2026-02-24T13:29:17.0065298Z' while content on disk has modification time of '2026-02-24T13:29:27.8109936Z'
  ERROR: Build asset version error: assets/scripts/hubscene/hubloadoutslotui.cs in SourceAssetDB has modification time of '2026-02-24T13:29:17.0065298Z' while content on disk has modification time of '2026-02-24T13:29:27.8109936Z'
Number of updated asset objects reloaded before import = 0Number of asset objects unloaded after import = 0

========================================================================
Received Import Request.
  Time since last request: 0.000026 seconds.
  path: Assets/Scripts/HubScene/HubLoadoutSlotUI.cs
  artifactKey: Guid(0e6c96ae7b176f645b2819eb876d017e) Importer(815301076,1909f56bfc062723c751e8b465ee728b)
Start importing Assets/Scripts/HubScene/HubLoadoutSlotUI.cs using Guid(0e6c96ae7b176f645b2819eb876d017e) Importer(815301076,1909f56bfc062723c751e8b465ee728b) (PreviewImporter) -> (artifact id: '00000000000000000000000000000000') in 0.0010912 seconds
Import Error Code:(4)
Message: Build asset version error: assets/scripts/hubscene/hubloadoutslotui.cs in SourceAssetDB has modification time of '2026-02-24T13:29:17.0065298Z' while content on disk has modification time of '2026-02-24T13:29:27.8109936Z'
  ERROR: Build asset version error: assets/scripts/hubscene/hubloadoutslotui.cs in SourceAssetDB has modification time of '2026-02-24T13:29:17.0065298Z' while content on disk has modification time of '2026-02-24T13:29:27.8109936Z'
Number of updated asset objects reloaded before import = 0Number of asset objects unloaded after import = 0

========================================================================
Received Import Request.
  Time since last request: 0.000036 seconds.
  path: Assets/Scripts/HubScene/HubLoadoutSlotUI.cs
  artifactKey: Guid(0e6c96ae7b176f645b2819eb876d017e) Importer(815301076,1909f56bfc062723c751e8b465ee728b)
Start importing Assets/Scripts/HubScene/HubLoadoutSlotUI.cs using Guid(0e6c96ae7b176f645b2819eb876d017e) Importer(815301076,1909f56bfc062723c751e8b465ee728b) (PreviewImporter) -> (artifact id: '00000000000000000000000000000000') in 0.0008933 seconds
Import Error Code:(4)
Message: Build asset version error: assets/scripts/hubscene/hubloadoutslotui.cs in SourceAssetDB has modification time of '2026-02-24T13:29:17.0065298Z' while content on disk has modification time of '2026-02-24T13:29:27.8109936Z'
  ERROR: Build asset version error: assets/scripts/hubscene/hubloadoutslotui.cs in SourceAssetDB has modification time of '2026-02-24T13:29:17.0065298Z' while content on disk has modification time of '2026-02-24T13:29:27.8109936Z'
Number of updated asset objects reloaded before import = 0Number of asset objects unloaded after import = 0

========================================================================
Received Import Request.
  Time since last request: 0.000093 seconds.
  path: Assets/Scripts/HubScene/HubLoadoutSlotUI.cs
  artifactKey: Guid(0e6c96ae7b176f645b2819eb876d017e) Importer(815301076,1909f56bfc062723c751e8b465ee728b)
Start importing Assets/Scripts/HubScene/HubLoadoutSlotUI.cs using Guid(0e6c96ae7b176f645b2819eb876d017e) Importer(815301076,1909f56bfc062723c751e8b465ee728b) (PreviewImporter) -> (artifact id: '00000000000000000000000000000000') in 0.0009132 seconds
Import Error Code:(4)
Message: Build asset version error: assets/scripts/hubscene/hubloadoutslotui.cs in SourceAssetDB has modification time of '2026-02-24T13:29:17.0065298Z' while content on disk has modification time of '2026-02-24T13:29:27.8109936Z'
  ERROR: Build asset version error: assets/scripts/hubscene/hubloadoutslotui.cs in SourceAssetDB has modification time of '2026-02-24T13:29:17.0065298Z' while content on disk has modification time of '2026-02-24T13:29:27.8109936Z'
Number of updated asset objects reloaded before import = 0Number of asset objects unloaded after import = 0

========================================================================
Received Import Request.
  Time since last request: 0.000021 seconds.
  path: Assets/Scripts/HubScene/HubLoadoutSlotUI.cs
  artifactKey: Guid(0e6c96ae7b176f645b2819eb876d017e) Importer(815301076,1909f56bfc062723c751e8b465ee728b)
Start importing Assets/Scripts/HubScene/HubLoadoutSlotUI.cs using Guid(0e6c96ae7b176f645b2819eb876d017e) Importer(815301076,1909f56bfc062723c751e8b465ee728b) (PreviewImporter) -> (artifact id: '00000000000000000000000000000000') in 0.0009995 seconds
Import Error Code:(4)
Message: Build asset version error: assets/scripts/hubscene/hubloadoutslotui.cs in SourceAssetDB has modification time of '2026-02-24T13:29:17.0065298Z' while content on disk has modification time of '2026-02-24T13:29:27.8109936Z'
  ERROR: Build asset version error: assets/scripts/hubscene/hubloadoutslotui.cs in SourceAssetDB has modification time of '2026-02-24T13:29:17.0065298Z' while content on disk has modification time of '2026-02-24T13:29:27.8109936Z'
Number of updated asset objects reloaded before import = 0Number of asset objects unloaded after import = 0

========================================================================
Received Import Request.
  Time since last request: 0.000023 seconds.
  path: Assets/Scripts/HubScene/HubLoadoutSlotUI.cs
  artifactKey: Guid(0e6c96ae7b176f645b2819eb876d017e) Importer(815301076,1909f56bfc062723c751e8b465ee728b)
Start importing Assets/Scripts/HubScene/HubLoadoutSlotUI.cs using Guid(0e6c96ae7b176f645b2819eb876d017e) Importer(815301076,1909f56bfc062723c751e8b465ee728b) (PreviewImporter) -> (artifact id: '00000000000000000000000000000000') in 0.0011518 seconds
Import Error Code:(4)
Message: Build asset version error: assets/scripts/hubscene/hubloadoutslotui.cs in SourceAssetDB has modification time of '2026-02-24T13:29:17.0065298Z' while content on disk has modification time of '2026-02-24T13:29:27.8109936Z'
  ERROR: Build asset version error: assets/scripts/hubscene/hubloadoutslotui.cs in SourceAssetDB has modification time of '2026-02-24T13:29:17.0065298Z' while content on disk has modification time of '2026-02-24T13:29:27.8109936Z'
Number of updated asset objects reloaded before import = 0Number of asset objects unloaded after import = 0

========================================================================
Received Import Request.
  Time since last request: 0.000023 seconds.
  path: Assets/Scripts/HubScene/HubLoadoutSlotUI.cs
  artifactKey: Guid(0e6c96ae7b176f645b2819eb876d017e) Importer(815301076,1909f56bfc062723c751e8b465ee728b)
Start importing Assets/Scripts/HubScene/HubLoadoutSlotUI.cs using Guid(0e6c96ae7b176f645b2819eb876d017e) Importer(815301076,1909f56bfc062723c751e8b465ee728b) (PreviewImporter) -> (artifact id: '00000000000000000000000000000000') in 0.0008976 seconds
Import Error Code:(4)
Message: Build asset version error: assets/scripts/hubscene/hubloadoutslotui.cs in SourceAssetDB has modification time of '2026-02-24T13:29:17.0065298Z' while content on disk has modification time of '2026-02-24T13:29:27.8109936Z'
  ERROR: Build asset version error: assets/scripts/hubscene/hubloadoutslotui.cs in SourceAssetDB has modification time of '2026-02-24T13:29:17.0065298Z' while content on disk has modification time of '2026-02-24T13:29:27.8109936Z'
Number of updated asset objects reloaded before import = 0Number of asset objects unloaded after import = 0

========================================================================
Received Import Request.
  Time since last request: 0.000023 seconds.
  path: Assets/Scripts/HubScene/HubLoadoutSlotUI.cs
  artifactKey: Guid(0e6c96ae7b176f645b2819eb876d017e) Importer(815301076,1909f56bfc062723c751e8b465ee728b)
Start importing Assets/Scripts/HubScene/HubLoadoutSlotUI.cs using Guid(0e6c96ae7b176f645b2819eb876d017e) Importer(815301076,1909f56bfc062723c751e8b465ee728b) (PreviewImporter) -> (artifact id: '00000000000000000000000000000000') in 0.0007109 seconds
Import Error Code:(4)
Message: Build asset version error: assets/scripts/hubscene/hubloadoutslotui.cs in SourceAssetDB has modification time of '2026-02-24T13:29:17.0065298Z' while content on disk has modification time of '2026-02-24T13:29:27.8109936Z'
  ERROR: Build asset version error: assets/scripts/hubscene/hubloadoutslotui.cs in SourceAssetDB has modification time of '2026-02-24T13:29:17.0065298Z' while content on disk has modification time of '2026-02-24T13:29:27.8109936Z'
Number of updated asset objects reloaded before import = 0Number of asset objects unloaded after import = 0

========================================================================
Received Import Request.
  Time since last request: 0.000032 seconds.
  path: Assets/Scripts/HubScene/HubLoadoutSlotUI.cs
  artifactKey: Guid(0e6c96ae7b176f645b2819eb876d017e) Importer(815301076,1909f56bfc062723c751e8b465ee728b)
Start importing Assets/Scripts/HubScene/HubLoadoutSlotUI.cs using Guid(0e6c96ae7b176f645b2819eb876d017e) Importer(815301076,1909f56bfc062723c751e8b465ee728b) (PreviewImporter) -> (artifact id: '00000000000000000000000000000000') in 0.0010961 seconds
Import Error Code:(4)
Message: Build asset version error: assets/scripts/hubscene/hubloadoutslotui.cs in SourceAssetDB has modification time of '2026-02-24T13:29:17.0065298Z' while content on disk has modification time of '2026-02-24T13:29:27.8109936Z'
  ERROR: Build asset version error: assets/scripts/hubscene/hubloadoutslotui.cs in SourceAssetDB has modification time of '2026-02-24T13:29:17.0065298Z' while content on disk has modification time of '2026-02-24T13:29:27.8109936Z'
Number of updated asset objects reloaded before import = 0Number of asset objects unloaded after import = 0

========================================================================
Received Import Request.
  Time since last request: 0.000023 seconds.
  path: Assets/Scripts/HubScene/HubLoadoutSlotUI.cs
  artifactKey: Guid(0e6c96ae7b176f645b2819eb876d017e) Importer(815301076,1909f56bfc062723c751e8b465ee728b)
Start importing Assets/Scripts/HubScene/HubLoadoutSlotUI.cs using Guid(0e6c96ae7b176f645b2819eb876d017e) Importer(815301076,1909f56bfc062723c751e8b465ee728b) (PreviewImporter) -> (artifact id: '00000000000000000000000000000000') in 0.0015281 seconds
Import Error Code:(4)
Message: Build asset version error: assets/scripts/hubscene/hubloadoutslotui.cs in SourceAssetDB has modification time of '2026-02-24T13:29:17.0065298Z' while content on disk has modification time of '2026-02-24T13:29:27.8109936Z'
  ERROR: Build asset version error: assets/scripts/hubscene/hubloadoutslotui.cs in SourceAssetDB has modification time of '2026-02-24T13:29:17.0065298Z' while content on disk has modification time of '2026-02-24T13:29:27.8109936Z'
Number of updated asset objects reloaded before import = 0Number of asset objects unloaded after import = 0

========================================================================
Received Import Request.
  Time since last request: 0.000020 seconds.
  path: Assets/Scripts/HubScene/HubLoadoutSlotUI.cs
  artifactKey: Guid(0e6c96ae7b176f645b2819eb876d017e) Importer(815301076,1909f56bfc062723c751e8b465ee728b)
Start importing Assets/Scripts/HubScene/HubLoadoutSlotUI.cs using Guid(0e6c96ae7b176f645b2819eb876d017e) Importer(815301076,1909f56bfc062723c751e8b465ee728b) (PreviewImporter) -> (artifact id: '00000000000000000000000000000000') in 0.0011581 seconds
Import Error Code:(4)
Message: Build asset version error: assets/scripts/hubscene/hubloadoutslotui.cs in SourceAssetDB has modification time of '2026-02-24T13:29:17.0065298Z' while content on disk has modification time of '2026-02-24T13:29:27.8109936Z'
  ERROR: Build asset version error: assets/scripts/hubscene/hubloadoutslotui.cs in SourceAssetDB has modification time of '2026-02-24T13:29:17.0065298Z' while content on disk has modification time of '2026-02-24T13:29:27.8109936Z'
Number of updated asset objects reloaded before import = 0Number of asset objects unloaded after import = 0

========================================================================
Received Import Request.
  Time since last request: 0.000026 seconds.
  path: Assets/Scripts/HubScene/HubLoadoutSlotUI.cs
  artifactKey: Guid(0e6c96ae7b176f645b2819eb876d017e) Importer(815301076,1909f56bfc062723c751e8b465ee728b)
Start importing Assets/Scripts/HubScene/HubLoadoutSlotUI.cs using Guid(0e6c96ae7b176f645b2819eb876d017e) Importer(815301076,1909f56bfc062723c751e8b465ee728b) (PreviewImporter) -> (artifact id: '00000000000000000000000000000000') in 0.000795 seconds
Import Error Code:(4)
Message: Build asset version error: assets/scripts/hubscene/hubloadoutslotui.cs in SourceAssetDB has modification time of '2026-02-24T13:29:17.0065298Z' while content on disk has modification time of '2026-02-24T13:29:27.8109936Z'
  ERROR: Build asset version error: assets/scripts/hubscene/hubloadoutslotui.cs in SourceAssetDB has modification time of '2026-02-24T13:29:17.0065298Z' while content on disk has modification time of '2026-02-24T13:29:27.8109936Z'
Number of updated asset objects reloaded before import = 0Number of asset objects unloaded after import = 0

========================================================================
Received Import Request.
  Time since last request: 0.000036 seconds.
  path: Assets/Scripts/HubScene/HubLoadoutSlotUI.cs
  artifactKey: Guid(0e6c96ae7b176f645b2819eb876d017e) Importer(815301076,1909f56bfc062723c751e8b465ee728b)
Start importing Assets/Scripts/HubScene/HubLoadoutSlotUI.cs using Guid(0e6c96ae7b176f645b2819eb876d017e) Importer(815301076,1909f56bfc062723c751e8b465ee728b) (PreviewImporter) -> (artifact id: '00000000000000000000000000000000') in 0.0012575 seconds
Import Error Code:(4)
Message: Build asset version error: assets/scripts/hubscene/hubloadoutslotui.cs in SourceAssetDB has modification time of '2026-02-24T13:29:17.0065298Z' while content on disk has modification time of '2026-02-24T13:29:27.8109936Z'
  ERROR: Build asset version error: assets/scripts/hubscene/hubloadoutslotui.cs in SourceAssetDB has modification time of '2026-02-24T13:29:17.0065298Z' while content on disk has modification time of '2026-02-24T13:29:27.8109936Z'
Number of updated asset objects reloaded before import = 0Number of asset objects unloaded after import = 0

========================================================================
Received Import Request.
  Time since last request: 0.000037 seconds.
  path: Assets/Scripts/HubScene/HubLoadoutSlotUI.cs
  artifactKey: Guid(0e6c96ae7b176f645b2819eb876d017e) Importer(815301076,1909f56bfc062723c751e8b465ee728b)
Start importing Assets/Scripts/HubScene/HubLoadoutSlotUI.cs using Guid(0e6c96ae7b176f645b2819eb876d017e) Importer(815301076,1909f56bfc062723c751e8b465ee728b) (PreviewImporter) -> (artifact id: '00000000000000000000000000000000') in 0.0010122 seconds
Import Error Code:(4)
Message: Build asset version error: assets/scripts/hubscene/hubloadoutslotui.cs in SourceAssetDB has modification time of '2026-02-24T13:29:17.0065298Z' while content on disk has modification time of '2026-02-24T13:29:27.8109936Z'
  ERROR: Build asset version error: assets/scripts/hubscene/hubloadoutslotui.cs in SourceAssetDB has modification time of '2026-02-24T13:29:17.0065298Z' while content on disk has modification time of '2026-02-24T13:29:27.8109936Z'
Number of updated asset objects reloaded before import = 0Number of asset objects unloaded after import = 0

========================================================================
Received Import Request.
  Time since last request: 0.000023 seconds.
  path: Assets/Scripts/HubScene/HubLoadoutSlotUI.cs
  artifactKey: Guid(0e6c96ae7b176f645b2819eb876d017e) Importer(815301076,1909f56bfc062723c751e8b465ee728b)
Start importing Assets/Scripts/HubScene/HubLoadoutSlotUI.cs using Guid(0e6c96ae7b176f645b2819eb876d017e) Importer(815301076,1909f56bfc062723c751e8b465ee728b) (PreviewImporter) -> (artifact id: '00000000000000000000000000000000') in 0.0010266 seconds
Import Error Code:(4)
Message: Build asset version error: assets/scripts/hubscene/hubloadoutslotui.cs in SourceAssetDB has modification time of '2026-02-24T13:29:17.0065298Z' while content on disk has modification time of '2026-02-24T13:29:27.8109936Z'
  ERROR: Build asset version error: assets/scripts/hubscene/hubloadoutslotui.cs in SourceAssetDB has modification time of '2026-02-24T13:29:17.0065298Z' while content on disk has modification time of '2026-02-24T13:29:27.8109936Z'
Number of updated asset objects reloaded before import = 0Number of asset objects unloaded after import = 0

========================================================================
Received Import Request.
  Time since last request: 0.000041 seconds.
  path: Assets/Scripts/HubScene/HubLoadoutSlotUI.cs
  artifactKey: Guid(0e6c96ae7b176f645b2819eb876d017e) Importer(815301076,1909f56bfc062723c751e8b465ee728b)
Start importing Assets/Scripts/HubScene/HubLoadoutSlotUI.cs using Guid(0e6c96ae7b176f645b2819eb876d017e) Importer(815301076,1909f56bfc062723c751e8b465ee728b) (PreviewImporter) -> (artifact id: '00000000000000000000000000000000') in 0.0010995 seconds
Import Error Code:(4)
Message: Build asset version error: assets/scripts/hubscene/hubloadoutslotui.cs in SourceAssetDB has modification time of '2026-02-24T13:29:17.0065298Z' while content on disk has modification time of '2026-02-24T13:29:27.8109936Z'
  ERROR: Build asset version error: assets/scripts/hubscene/hubloadoutslotui.cs in SourceAssetDB has modification time of '2026-02-24T13:29:17.0065298Z' while content on disk has modification time of '2026-02-24T13:29:27.8109936Z'
Number of updated asset objects reloaded before import = 0Number of asset objects unloaded after import = 0

========================================================================
Received Import Request.
  Time since last request: 0.000034 seconds.
  path: Assets/Scripts/HubScene/HubLoadoutSlotUI.cs
  artifactKey: Guid(0e6c96ae7b176f645b2819eb876d017e) Importer(815301076,1909f56bfc062723c751e8b465ee728b)
Start importing Assets/Scripts/HubScene/HubLoadoutSlotUI.cs using Guid(0e6c96ae7b176f645b2819eb876d017e) Importer(815301076,1909f56bfc062723c751e8b465ee728b) (PreviewImporter) -> (artifact id: '00000000000000000000000000000000') in 0.0012151 seconds
Import Error Code:(4)
Message: Build asset version error: assets/scripts/hubscene/hubloadoutslotui.cs in SourceAssetDB has modification time of '2026-02-24T13:29:17.0065298Z' while content on disk has modification time of '2026-02-24T13:29:27.8109936Z'
  ERROR: Build asset version error: assets/scripts/hubscene/hubloadoutslotui.cs in SourceAssetDB has modification time of '2026-02-24T13:29:17.0065298Z' while content on disk has modification time of '2026-02-24T13:29:27.8109936Z'
Number of updated asset objects reloaded before import = 0Number of asset objects unloaded after import = 0

========================================================================
Received Import Request.
  Time since last request: 0.000025 seconds.
  path: Assets/Scripts/HubScene/HubLoadoutSlotUI.cs
  artifactKey: Guid(0e6c96ae7b176f645b2819eb876d017e) Importer(815301076,1909f56bfc062723c751e8b465ee728b)
Start importing Assets/Scripts/HubScene/HubLoadoutSlotUI.cs using Guid(0e6c96ae7b176f645b2819eb876d017e) Importer(815301076,1909f56bfc062723c751e8b465ee728b) (PreviewImporter) -> (artifact id: '00000000000000000000000000000000') in 0.0009109 seconds
Import Error Code:(4)
Message: Build asset version error: assets/scripts/hubscene/hubloadoutslotui.cs in SourceAssetDB has modification time of '2026-02-24T13:29:17.0065298Z' while content on disk has modification time of '2026-02-24T13:29:27.8109936Z'
  ERROR: Build asset version error: assets/scripts/hubscene/hubloadoutslotui.cs in SourceAssetDB has modification time of '2026-02-24T13:29:17.0065298Z' while content on disk has modification time of '2026-02-24T13:29:27.8109936Z'
Number of updated asset objects reloaded before import = 0Number of asset objects unloaded after import = 0

========================================================================
Received Import Request.
  Time since last request: 0.000023 seconds.
  path: Assets/Scripts/HubScene/HubLoadoutSlotUI.cs
  artifactKey: Guid(0e6c96ae7b176f645b2819eb876d017e) Importer(815301076,1909f56bfc062723c751e8b465ee728b)
Start importing Assets/Scripts/HubScene/HubLoadoutSlotUI.cs using Guid(0e6c96ae7b176f645b2819eb876d017e) Importer(815301076,1909f56bfc062723c751e8b465ee728b) (PreviewImporter) -> (artifact id: '00000000000000000000000000000000') in 0.0009108 seconds
Import Error Code:(4)
Message: Build asset version error: assets/scripts/hubscene/hubloadoutslotui.cs in SourceAssetDB has modification time of '2026-02-24T13:29:17.0065298Z' while content on disk has modification time of '2026-02-24T13:29:27.8109936Z'
  ERROR: Build asset version error: assets/scripts/hubscene/hubloadoutslotui.cs in SourceAssetDB has modification time of '2026-02-24T13:29:17.0065298Z' while content on disk has modification time of '2026-02-24T13:29:27.8109936Z'
Number of updated asset objects reloaded before import = 0Number of asset objects unloaded after import = 0

========================================================================
Received Import Request.
  Time since last request: 0.000025 seconds.
  path: Assets/Scripts/HubScene/HubLoadoutSlotUI.cs
  artifactKey: Guid(0e6c96ae7b176f645b2819eb876d017e) Importer(815301076,1909f56bfc062723c751e8b465ee728b)
Start importing Assets/Scripts/HubScene/HubLoadoutSlotUI.cs using Guid(0e6c96ae7b176f645b2819eb876d017e) Importer(815301076,1909f56bfc062723c751e8b465ee728b) (PreviewImporter) -> (artifact id: '00000000000000000000000000000000') in 0.0010672 seconds
Import Error Code:(4)
Message: Build asset version error: assets/scripts/hubscene/hubloadoutslotui.cs in SourceAssetDB has modification time of '2026-02-24T13:29:17.0065298Z' while content on disk has modification time of '2026-02-24T13:29:27.8109936Z'
  ERROR: Build asset version error: assets/scripts/hubscene/hubloadoutslotui.cs in SourceAssetDB has modification time of '2026-02-24T13:29:17.0065298Z' while content on disk has modification time of '2026-02-24T13:29:27.8109936Z'
Number of updated asset objects reloaded before import = 0Number of asset objects unloaded after import = 0

========================================================================
Received Import Request.
  Time since last request: 0.000037 seconds.
  path: Assets/Scripts/HubScene/HubLoadoutSlotUI.cs
  artifactKey: Guid(0e6c96ae7b176f645b2819eb876d017e) Importer(815301076,1909f56bfc062723c751e8b465ee728b)
Start importing Assets/Scripts/HubScene/HubLoadoutSlotUI.cs using Guid(0e6c96ae7b176f645b2819eb876d017e) Importer(815301076,1909f56bfc062723c751e8b465ee728b) (PreviewImporter) -> (artifact id: '00000000000000000000000000000000') in 0.0010741 seconds
Import Error Code:(4)
Message: Build asset version error: assets/scripts/hubscene/hubloadoutslotui.cs in SourceAssetDB has modification time of '2026-02-24T13:29:17.0065298Z' while content on disk has modification time of '2026-02-24T13:29:27.8109936Z'
  ERROR: Build asset version error: assets/scripts/hubscene/hubloadoutslotui.cs in SourceAssetDB has modification time of '2026-02-24T13:29:17.0065298Z' while content on disk has modification time of '2026-02-24T13:29:27.8109936Z'
Number of updated asset objects reloaded before import = 0Number of asset objects unloaded after import = 0

========================================================================
Received Import Request.
  Time since last request: 0.000037 seconds.
  path: Assets/Scripts/HubScene/HubLoadoutSlotUI.cs
  artifactKey: Guid(0e6c96ae7b176f645b2819eb876d017e) Importer(815301076,1909f56bfc062723c751e8b465ee728b)
Start importing Assets/Scripts/HubScene/HubLoadoutSlotUI.cs using Guid(0e6c96ae7b176f645b2819eb876d017e) Importer(815301076,1909f56bfc062723c751e8b465ee728b) (PreviewImporter) -> (artifact id: '00000000000000000000000000000000') in 0.0009965 seconds
Import Error Code:(4)
Message: Build asset version error: assets/scripts/hubscene/hubloadoutslotui.cs in SourceAssetDB has modification time of '2026-02-24T13:29:17.0065298Z' while content on disk has modification time of '2026-02-24T13:29:27.8109936Z'
  ERROR: Build asset version error: assets/scripts/hubscene/hubloadoutslotui.cs in SourceAssetDB has modification time of '2026-02-24T13:29:17.0065298Z' while content on disk has modification time of '2026-02-24T13:29:27.8109936Z'
Number of updated asset objects reloaded before import = 0Number of asset objects unloaded after import = 0

========================================================================
Received Import Request.
  Time since last request: 0.000028 seconds.
  path: Assets/Scripts/HubScene/HubLoadoutSlotUI.cs
  artifactKey: Guid(0e6c96ae7b176f645b2819eb876d017e) Importer(815301076,1909f56bfc062723c751e8b465ee728b)
Start importing Assets/Scripts/HubScene/HubLoadoutSlotUI.cs using Guid(0e6c96ae7b176f645b2819eb876d017e) Importer(815301076,1909f56bfc062723c751e8b465ee728b) (PreviewImporter) -> (artifact id: '00000000000000000000000000000000') in 0.0015313 seconds
Import Error Code:(4)
Message: Build asset version error: assets/scripts/hubscene/hubloadoutslotui.cs in SourceAssetDB has modification time of '2026-02-24T13:29:17.0065298Z' while content on disk has modification time of '2026-02-24T13:29:27.8109936Z'
  ERROR: Build asset version error: assets/scripts/hubscene/hubloadoutslotui.cs in SourceAssetDB has modification time of '2026-02-24T13:29:17.0065298Z' while content on disk has modification time of '2026-02-24T13:29:27.8109936Z'
Number of updated asset objects reloaded before import = 0Number of asset objects unloaded after import = 0

========================================================================
Received Import Request.
  Time since last request: 0.000023 seconds.
  path: Assets/Scripts/HubScene/HubLoadoutSlotUI.cs
  artifactKey: Guid(0e6c96ae7b176f645b2819eb876d017e) Importer(815301076,1909f56bfc062723c751e8b465ee728b)
Start importing Assets/Scripts/HubScene/HubLoadoutSlotUI.cs using Guid(0e6c96ae7b176f645b2819eb876d017e) Importer(815301076,1909f56bfc062723c751e8b465ee728b) (PreviewImporter) -> (artifact id: '00000000000000000000000000000000') in 0.0009379 seconds
Import Error Code:(4)
Message: Build asset version error: assets/scripts/hubscene/hubloadoutslotui.cs in SourceAssetDB has modification time of '2026-02-24T13:29:17.0065298Z' while content on disk has modification time of '2026-02-24T13:29:27.8109936Z'
  ERROR: Build asset version error: assets/scripts/hubscene/hubloadoutslotui.cs in SourceAssetDB has modification time of '2026-02-24T13:29:17.0065298Z' while content on disk has modification time of '2026-02-24T13:29:27.8109936Z'
Number of updated asset objects reloaded before import = 0Number of asset objects unloaded after import = 0

========================================================================
Received Import Request.
  Time since last request: 0.000036 seconds.
  path: Assets/Scripts/HubScene/HubLoadoutSlotUI.cs
  artifactKey: Guid(0e6c96ae7b176f645b2819eb876d017e) Importer(815301076,1909f56bfc062723c751e8b465ee728b)
Start importing Assets/Scripts/HubScene/HubLoadoutSlotUI.cs using Guid(0e6c96ae7b176f645b2819eb876d017e) Importer(815301076,1909f56bfc062723c751e8b465ee728b) (PreviewImporter) -> (artifact id: '00000000000000000000000000000000') in 0.0008339 seconds
Import Error Code:(4)
Message: Build asset version error: assets/scripts/hubscene/hubloadoutslotui.cs in SourceAssetDB has modification time of '2026-02-24T13:29:17.0065298Z' while content on disk has modification time of '2026-02-24T13:29:27.8109936Z'
  ERROR: Build asset version error: assets/scripts/hubscene/hubloadoutslotui.cs in SourceAssetDB has modification time of '2026-02-24T13:29:17.0065298Z' while content on disk has modification time of '2026-02-24T13:29:27.8109936Z'
Number of updated asset objects reloaded before import = 0Number of asset objects unloaded after import = 0

========================================================================
Received Import Request.
  Time since last request: 0.000024 seconds.
  path: Assets/Scripts/HubScene/HubLoadoutSlotUI.cs
  artifactKey: Guid(0e6c96ae7b176f645b2819eb876d017e) Importer(815301076,1909f56bfc062723c751e8b465ee728b)
Start importing Assets/Scripts/HubScene/HubLoadoutSlotUI.cs using Guid(0e6c96ae7b176f645b2819eb876d017e) Importer(815301076,1909f56bfc062723c751e8b465ee728b) (PreviewImporter) -> (artifact id: '00000000000000000000000000000000') in 0.001067 seconds
Import Error Code:(4)
Message: Build asset version error: assets/scripts/hubscene/hubloadoutslotui.cs in SourceAssetDB has modification time of '2026-02-24T13:29:17.0065298Z' while content on disk has modification time of '2026-02-24T13:29:27.8109936Z'
  ERROR: Build asset version error: assets/scripts/hubscene/hubloadoutslotui.cs in SourceAssetDB has modification time of '2026-02-24T13:29:17.0065298Z' while content on disk has modification time of '2026-02-24T13:29:27.8109936Z'
Number of updated asset objects reloaded before import = 0Number of asset objects unloaded after import = 0

========================================================================
Received Import Request.
  Time since last request: 0.000041 seconds.
  path: Assets/Scripts/HubScene/HubLoadoutSlotUI.cs
  artifactKey: Guid(0e6c96ae7b176f645b2819eb876d017e) Importer(815301076,1909f56bfc062723c751e8b465ee728b)
Start importing Assets/Scripts/HubScene/HubLoadoutSlotUI.cs using Guid(0e6c96ae7b176f645b2819eb876d017e) Importer(815301076,1909f56bfc062723c751e8b465ee728b) (PreviewImporter) -> (artifact id: '00000000000000000000000000000000') in 0.0012569 seconds
Import Error Code:(4)
Message: Build asset version error: assets/scripts/hubscene/hubloadoutslotui.cs in SourceAssetDB has modification time of '2026-02-24T13:29:17.0065298Z' while content on disk has modification time of '2026-02-24T13:29:27.8109936Z'
  ERROR: Build asset version error: assets/scripts/hubscene/hubloadoutslotui.cs in SourceAssetDB has modification time of '2026-02-24T13:29:17.0065298Z' while content on disk has modification time of '2026-02-24T13:29:27.8109936Z'
Number of updated asset objects reloaded before import = 0Number of asset objects unloaded after import = 0

========================================================================
Received Import Request.
  Time since last request: 0.000023 seconds.
  path: Assets/Scripts/HubScene/HubLoadoutSlotUI.cs
  artifactKey: Guid(0e6c96ae7b176f645b2819eb876d017e) Importer(815301076,1909f56bfc062723c751e8b465ee728b)
Start importing Assets/Scripts/HubScene/HubLoadoutSlotUI.cs using Guid(0e6c96ae7b176f645b2819eb876d017e) Importer(815301076,1909f56bfc062723c751e8b465ee728b) (PreviewImporter) -> (artifact id: '00000000000000000000000000000000') in 0.0008276 seconds
Import Error Code:(4)
Message: Build asset version error: assets/scripts/hubscene/hubloadoutslotui.cs in SourceAssetDB has modification time of '2026-02-24T13:29:17.0065298Z' while content on disk has modification time of '2026-02-24T13:29:27.8109936Z'
  ERROR: Build asset version error: assets/scripts/hubscene/hubloadoutslotui.cs in SourceAssetDB has modification time of '2026-02-24T13:29:17.0065298Z' while content on disk has modification time of '2026-02-24T13:29:27.8109936Z'
Number of updated asset objects reloaded before import = 0Number of asset objects unloaded after import = 0

========================================================================
Received Import Request.
  Time since last request: 0.000115 seconds.
  path: Assets/Scripts/HubScene/HubLoadoutSlotUI.cs
  artifactKey: Guid(0e6c96ae7b176f645b2819eb876d017e) Importer(815301076,1909f56bfc062723c751e8b465ee728b)
Start importing Assets/Scripts/HubScene/HubLoadoutSlotUI.cs using Guid(0e6c96ae7b176f645b2819eb876d017e) Importer(815301076,1909f56bfc062723c751e8b465ee728b) (PreviewImporter) -> (artifact id: '00000000000000000000000000000000') in 0.0011024 seconds
Import Error Code:(4)
Message: Build asset version error: assets/scripts/hubscene/hubloadoutslotui.cs in SourceAssetDB has modification time of '2026-02-24T13:29:17.0065298Z' while content on disk has modification time of '2026-02-24T13:29:27.8109936Z'
  ERROR: Build asset version error: assets/scripts/hubscene/hubloadoutslotui.cs in SourceAssetDB has modification time of '2026-02-24T13:29:17.0065298Z' while content on disk has modification time of '2026-02-24T13:29:27.8109936Z'
Number of updated asset objects reloaded before import = 0Number of asset objects unloaded after import = 0

========================================================================
Received Import Request.
  Time since last request: 0.000038 seconds.
  path: Assets/Scripts/HubScene/HubLoadoutSlotUI.cs
  artifactKey: Guid(0e6c96ae7b176f645b2819eb876d017e) Importer(815301076,1909f56bfc062723c751e8b465ee728b)
Start importing Assets/Scripts/HubScene/HubLoadoutSlotUI.cs using Guid(0e6c96ae7b176f645b2819eb876d017e) Importer(815301076,1909f56bfc062723c751e8b465ee728b) (PreviewImporter) -> (artifact id: '00000000000000000000000000000000') in 0.00107 seconds
Import Error Code:(4)
Message: Build asset version error: assets/scripts/hubscene/hubloadoutslotui.cs in SourceAssetDB has modification time of '2026-02-24T13:29:17.0065298Z' while content on disk has modification time of '2026-02-24T13:29:27.8109936Z'
  ERROR: Build asset version error: assets/scripts/hubscene/hubloadoutslotui.cs in SourceAssetDB has modification time of '2026-02-24T13:29:17.0065298Z' while content on disk has modification time of '2026-02-24T13:29:27.8109936Z'
Number of updated asset objects reloaded before import = 0Number of asset objects unloaded after import = 0

========================================================================
Received Import Request.
  Time since last request: 0.000031 seconds.
  path: Assets/Scripts/HubScene/HubLoadoutSlotUI.cs
  artifactKey: Guid(0e6c96ae7b176f645b2819eb876d017e) Importer(815301076,1909f56bfc062723c751e8b465ee728b)
Start importing Assets/Scripts/HubScene/HubLoadoutSlotUI.cs using Guid(0e6c96ae7b176f645b2819eb876d017e) Importer(815301076,1909f56bfc062723c751e8b465ee728b) (PreviewImporter) -> (artifact id: '00000000000000000000000000000000') in 0.0014986 seconds
Import Error Code:(4)
Message: Build asset version error: assets/scripts/hubscene/hubloadoutslotui.cs in SourceAssetDB has modification time of '2026-02-24T13:29:17.0065298Z' while content on disk has modification time of '2026-02-24T13:29:27.8109936Z'
  ERROR: Build asset version error: assets/scripts/hubscene/hubloadoutslotui.cs in SourceAssetDB has modification time of '2026-02-24T13:29:17.0065298Z' while content on disk has modification time of '2026-02-24T13:29:27.8109936Z'
Number of updated asset objects reloaded before import = 0Number of asset objects unloaded after import = 0

========================================================================
Received Import Request.
  Time since last request: 0.000024 seconds.
  path: Assets/Scripts/HubScene/HubLoadoutSlotUI.cs
  artifactKey: Guid(0e6c96ae7b176f645b2819eb876d017e) Importer(815301076,1909f56bfc062723c751e8b465ee728b)
Start importing Assets/Scripts/HubScene/HubLoadoutSlotUI.cs using Guid(0e6c96ae7b176f645b2819eb876d017e) Importer(815301076,1909f56bfc062723c751e8b465ee728b) (PreviewImporter) -> (artifact id: '00000000000000000000000000000000') in 0.0011561 seconds
Import Error Code:(4)
Message: Build asset version error: assets/scripts/hubscene/hubloadoutslotui.cs in SourceAssetDB has modification time of '2026-02-24T13:29:17.0065298Z' while content on disk has modification time of '2026-02-24T13:29:27.8109936Z'
  ERROR: Build asset version error: assets/scripts/hubscene/hubloadoutslotui.cs in SourceAssetDB has modification time of '2026-02-24T13:29:17.0065298Z' while content on disk has modification time of '2026-02-24T13:29:27.8109936Z'
Number of updated asset objects reloaded before import = 0Number of asset objects unloaded after import = 0

========================================================================
Received Import Request.
  Time since last request: 0.000042 seconds.
  path: Assets/Scripts/HubScene/HubLoadoutSlotUI.cs
  artifactKey: Guid(0e6c96ae7b176f645b2819eb876d017e) Importer(815301076,1909f56bfc062723c751e8b465ee728b)
Start importing Assets/Scripts/HubScene/HubLoadoutSlotUI.cs using Guid(0e6c96ae7b176f645b2819eb876d017e) Importer(815301076,1909f56bfc062723c751e8b465ee728b) (PreviewImporter) -> (artifact id: '00000000000000000000000000000000') in 0.0009926 seconds
Import Error Code:(4)
Message: Build asset version error: assets/scripts/hubscene/hubloadoutslotui.cs in SourceAssetDB has modification time of '2026-02-24T13:29:17.0065298Z' while content on disk has modification time of '2026-02-24T13:29:27.8109936Z'
  ERROR: Build asset version error: assets/scripts/hubscene/hubloadoutslotui.cs in SourceAssetDB has modification time of '2026-02-24T13:29:17.0065298Z' while content on disk has modification time of '2026-02-24T13:29:27.8109936Z'
Number of updated asset objects reloaded before import = 0Number of asset objects unloaded after import = 0

========================================================================
Received Import Request.
  Time since last request: 0.000043 seconds.
  path: Assets/Scripts/HubScene/HubLoadoutSlotUI.cs
  artifactKey: Guid(0e6c96ae7b176f645b2819eb876d017e) Importer(815301076,1909f56bfc062723c751e8b465ee728b)
Start importing Assets/Scripts/HubScene/HubLoadoutSlotUI.cs using Guid(0e6c96ae7b176f645b2819eb876d017e) Importer(815301076,1909f56bfc062723c751e8b465ee728b) (PreviewImporter) -> (artifact id: '00000000000000000000000000000000') in 0.0010948 seconds
Import Error Code:(4)
Message: Build asset version error: assets/scripts/hubscene/hubloadoutslotui.cs in SourceAssetDB has modification time of '2026-02-24T13:29:17.0065298Z' while content on disk has modification time of '2026-02-24T13:29:27.8109936Z'
  ERROR: Build asset version error: assets/scripts/hubscene/hubloadoutslotui.cs in SourceAssetDB has modification time of '2026-02-24T13:29:17.0065298Z' while content on disk has modification time of '2026-02-24T13:29:27.8109936Z'
Number of updated asset objects reloaded before import = 0Number of asset objects unloaded after import = 0

========================================================================
Received Import Request.
  Time since last request: 0.000025 seconds.
  path: Assets/Scripts/HubScene/HubLoadoutSlotUI.cs
  artifactKey: Guid(0e6c96ae7b176f645b2819eb876d017e) Importer(815301076,1909f56bfc062723c751e8b465ee728b)
Start importing Assets/Scripts/HubScene/HubLoadoutSlotUI.cs using Guid(0e6c96ae7b176f645b2819eb876d017e) Importer(815301076,1909f56bfc062723c751e8b465ee728b) (PreviewImporter) -> (artifact id: '00000000000000000000000000000000') in 0.0011816 seconds
Import Error Code:(4)
Message: Build asset version error: assets/scripts/hubscene/hubloadoutslotui.cs in SourceAssetDB has modification time of '2026-02-24T13:29:17.0065298Z' while content on disk has modification time of '2026-02-24T13:29:27.8109936Z'
  ERROR: Build asset version error: assets/scripts/hubscene/hubloadoutslotui.cs in SourceAssetDB has modification time of '2026-02-24T13:29:17.0065298Z' while content on disk has modification time of '2026-02-24T13:29:27.8109936Z'
Number of updated asset objects reloaded before import = 0Number of asset objects unloaded after import = 0

========================================================================
Received Import Request.
  Time since last request: 0.000027 seconds.
  path: Assets/Scripts/HubScene/HubLoadoutSlotUI.cs
  artifactKey: Guid(0e6c96ae7b176f645b2819eb876d017e) Importer(815301076,1909f56bfc062723c751e8b465ee728b)
Start importing Assets/Scripts/HubScene/HubLoadoutSlotUI.cs using Guid(0e6c96ae7b176f645b2819eb876d017e) Importer(815301076,1909f56bfc062723c751e8b465ee728b) (PreviewImporter) -> (artifact id: '00000000000000000000000000000000') in 0.0013389 seconds
Import Error Code:(4)
Message: Build asset version error: assets/scripts/hubscene/hubloadoutslotui.cs in SourceAssetDB has modification time of '2026-02-24T13:29:17.0065298Z' while content on disk has modification time of '2026-02-24T13:29:27.8109936Z'
  ERROR: Build asset version error: assets/scripts/hubscene/hubloadoutslotui.cs in SourceAssetDB has modification time of '2026-02-24T13:29:17.0065298Z' while content on disk has modification time of '2026-02-24T13:29:27.8109936Z'
Number of updated asset objects reloaded before import = 0Number of asset objects unloaded after import = 0

========================================================================
Received Import Request.
  Time since last request: 0.000038 seconds.
  path: Assets/Scripts/HubScene/HubLoadoutSlotUI.cs
  artifactKey: Guid(0e6c96ae7b176f645b2819eb876d017e) Importer(815301076,1909f56bfc062723c751e8b465ee728b)
Start importing Assets/Scripts/HubScene/HubLoadoutSlotUI.cs using Guid(0e6c96ae7b176f645b2819eb876d017e) Importer(815301076,1909f56bfc062723c751e8b465ee728b) (PreviewImporter) -> (artifact id: '00000000000000000000000000000000') in 0.0014662 seconds
Import Error Code:(4)
Message: Build asset version error: assets/scripts/hubscene/hubloadoutslotui.cs in SourceAssetDB has modification time of '2026-02-24T13:29:17.0065298Z' while content on disk has modification time of '2026-02-24T13:29:27.8109936Z'
  ERROR: Build asset version error: assets/scripts/hubscene/hubloadoutslotui.cs in SourceAssetDB has modification time of '2026-02-24T13:29:17.0065298Z' while content on disk has modification time of '2026-02-24T13:29:27.8109936Z'
Number of updated asset objects reloaded before import = 0Number of asset objects unloaded after import = 0

========================================================================
Received Import Request.
  Time since last request: 0.000026 seconds.
  path: Assets/Scripts/HubScene/HubLoadoutSlotUI.cs
  artifactKey: Guid(0e6c96ae7b176f645b2819eb876d017e) Importer(815301076,1909f56bfc062723c751e8b465ee728b)
Start importing Assets/Scripts/HubScene/HubLoadoutSlotUI.cs using Guid(0e6c96ae7b176f645b2819eb876d017e) Importer(815301076,1909f56bfc062723c751e8b465ee728b) (PreviewImporter) -> (artifact id: '00000000000000000000000000000000') in 0.0011809 seconds
Import Error Code:(4)
Message: Build asset version error: assets/scripts/hubscene/hubloadoutslotui.cs in SourceAssetDB has modification time of '2026-02-24T13:29:17.0065298Z' while content on disk has modification time of '2026-02-24T13:29:27.8109936Z'
  ERROR: Build asset version error: assets/scripts/hubscene/hubloadoutslotui.cs in SourceAssetDB has modification time of '2026-02-24T13:29:17.0065298Z' while content on disk has modification time of '2026-02-24T13:29:27.8109936Z'
Number of updated asset objects reloaded before import = 0Number of asset objects unloaded after import = 0

========================================================================
Received Import Request.
  Time since last request: 0.000027 seconds.
  path: Assets/Scripts/HubScene/HubLoadoutSlotUI.cs
  artifactKey: Guid(0e6c96ae7b176f645b2819eb876d017e) Importer(815301076,1909f56bfc062723c751e8b465ee728b)
Start importing Assets/Scripts/HubScene/HubLoadoutSlotUI.cs using Guid(0e6c96ae7b176f645b2819eb876d017e) Importer(815301076,1909f56bfc062723c751e8b465ee728b) (PreviewImporter) -> (artifact id: '00000000000000000000000000000000') in 0.0013443 seconds
Import Error Code:(4)
Message: Build asset version error: assets/scripts/hubscene/hubloadoutslotui.cs in SourceAssetDB has modification time of '2026-02-24T13:29:17.0065298Z' while content on disk has modification time of '2026-02-24T13:29:27.8109936Z'
  ERROR: Build asset version error: assets/scripts/hubscene/hubloadoutslotui.cs in SourceAssetDB has modification time of '2026-02-24T13:29:17.0065298Z' while content on disk has modification time of '2026-02-24T13:29:27.8109936Z'
Number of updated asset objects reloaded before import = 0Number of asset objects unloaded after import = 0

========================================================================
Received Import Request.
  Time since last request: 0.000032 seconds.
  path: Assets/Scripts/HubScene/HubLoadoutSlotUI.cs
  artifactKey: Guid(0e6c96ae7b176f645b2819eb876d017e) Importer(815301076,1909f56bfc062723c751e8b465ee728b)
Start importing Assets/Scripts/HubScene/HubLoadoutSlotUI.cs using Guid(0e6c96ae7b176f645b2819eb876d017e) Importer(815301076,1909f56bfc062723c751e8b465ee728b) (PreviewImporter) -> (artifact id: '00000000000000000000000000000000') in 0.0011469 seconds
Import Error Code:(4)
Message: Build asset version error: assets/scripts/hubscene/hubloadoutslotui.cs in SourceAssetDB has modification time of '2026-02-24T13:29:17.0065298Z' while content on disk has modification time of '2026-02-24T13:29:27.8109936Z'
  ERROR: Build asset version error: assets/scripts/hubscene/hubloadoutslotui.cs in SourceAssetDB has modification time of '2026-02-24T13:29:17.0065298Z' while content on disk has modification time of '2026-02-24T13:29:27.8109936Z'
Number of updated asset objects reloaded before import = 0Number of asset objects unloaded after import = 0

========================================================================
Received Import Request.
  Time since last request: 0.000038 seconds.
  path: Assets/Scripts/HubScene/HubLoadoutSlotUI.cs
  artifactKey: Guid(0e6c96ae7b176f645b2819eb876d017e) Importer(815301076,1909f56bfc062723c751e8b465ee728b)
Start importing Assets/Scripts/HubScene/HubLoadoutSlotUI.cs using Guid(0e6c96ae7b176f645b2819eb876d017e) Importer(815301076,1909f56bfc062723c751e8b465ee728b) (PreviewImporter) -> (artifact id: '00000000000000000000000000000000') in 0.0008215 seconds
Import Error Code:(4)
Message: Build asset version error: assets/scripts/hubscene/hubloadoutslotui.cs in SourceAssetDB has modification time of '2026-02-24T13:29:17.0065298Z' while content on disk has modification time of '2026-02-24T13:29:27.8109936Z'
  ERROR: Build asset version error: assets/scripts/hubscene/hubloadoutslotui.cs in SourceAssetDB has modification time of '2026-02-24T13:29:17.0065298Z' while content on disk has modification time of '2026-02-24T13:29:27.8109936Z'
Number of updated asset objects reloaded before import = 0Number of asset objects unloaded after import = 0

========================================================================
Received Import Request.
  Time since last request: 0.000023 seconds.
  path: Assets/Scripts/HubScene/HubLoadoutSlotUI.cs
  artifactKey: Guid(0e6c96ae7b176f645b2819eb876d017e) Importer(815301076,1909f56bfc062723c751e8b465ee728b)
Start importing Assets/Scripts/HubScene/HubLoadoutSlotUI.cs using Guid(0e6c96ae7b176f645b2819eb876d017e) Importer(815301076,1909f56bfc062723c751e8b465ee728b) (PreviewImporter) -> (artifact id: '00000000000000000000000000000000') in 0.0013428 seconds
Import Error Code:(4)
Message: Build asset version error: assets/scripts/hubscene/hubloadoutslotui.cs in SourceAssetDB has modification time of '2026-02-24T13:29:17.0065298Z' while content on disk has modification time of '2026-02-24T13:29:27.8109936Z'
  ERROR: Build asset version error: assets/scripts/hubscene/hubloadoutslotui.cs in SourceAssetDB has modification time of '2026-02-24T13:29:17.0065298Z' while content on disk has modification time of '2026-02-24T13:29:27.8109936Z'
Number of updated asset objects reloaded before import = 0Number of asset objects unloaded after import = 0

========================================================================
Received Import Request.
  Time since last request: 0.000025 seconds.
  path: Assets/Scripts/HubScene/HubLoadoutSlotUI.cs
  artifactKey: Guid(0e6c96ae7b176f645b2819eb876d017e) Importer(815301076,1909f56bfc062723c751e8b465ee728b)
Start importing Assets/Scripts/HubScene/HubLoadoutSlotUI.cs using Guid(0e6c96ae7b176f645b2819eb876d017e) Importer(815301076,1909f56bfc062723c751e8b465ee728b) (PreviewImporter) -> (artifact id: '00000000000000000000000000000000') in 0.0010004 seconds
Import Error Code:(4)
Message: Build asset version error: assets/scripts/hubscene/hubloadoutslotui.cs in SourceAssetDB has modification time of '2026-02-24T13:29:17.0065298Z' while content on disk has modification time of '2026-02-24T13:29:27.8109936Z'
  ERROR: Build asset version error: assets/scripts/hubscene/hubloadoutslotui.cs in SourceAssetDB has modification time of '2026-02-24T13:29:17.0065298Z' while content on disk has modification time of '2026-02-24T13:29:27.8109936Z'
Number of updated asset objects reloaded before import = 0Number of asset objects unloaded after import = 0

========================================================================
Received Import Request.
  Time since last request: 0.000047 seconds.
  path: Assets/Scripts/HubScene/HubLoadoutSlotUI.cs
  artifactKey: Guid(0e6c96ae7b176f645b2819eb876d017e) Importer(815301076,1909f56bfc062723c751e8b465ee728b)
Start importing Assets/Scripts/HubScene/HubLoadoutSlotUI.cs using Guid(0e6c96ae7b176f645b2819eb876d017e) Importer(815301076,1909f56bfc062723c751e8b465ee728b) (PreviewImporter) -> (artifact id: '00000000000000000000000000000000') in 0.0009751 seconds
Import Error Code:(4)
Message: Build asset version error: assets/scripts/hubscene/hubloadoutslotui.cs in SourceAssetDB has modification time of '2026-02-24T13:29:17.0065298Z' while content on disk has modification time of '2026-02-24T13:29:27.8109936Z'
  ERROR: Build asset version error: assets/scripts/hubscene/hubloadoutslotui.cs in SourceAssetDB has modification time of '2026-02-24T13:29:17.0065298Z' while content on disk has modification time of '2026-02-24T13:29:27.8109936Z'
Number of updated asset objects reloaded before import = 0Number of asset objects unloaded after import = 0

========================================================================
Received Import Request.
  Time since last request: 0.000047 seconds.
  path: Assets/Scripts/HubScene/HubLoadoutSlotUI.cs
  artifactKey: Guid(0e6c96ae7b176f645b2819eb876d017e) Importer(815301076,1909f56bfc062723c751e8b465ee728b)
Start importing Assets/Scripts/HubScene/HubLoadoutSlotUI.cs using Guid(0e6c96ae7b176f645b2819eb876d017e) Importer(815301076,1909f56bfc062723c751e8b465ee728b) (PreviewImporter) -> (artifact id: '00000000000000000000000000000000') in 0.0012647 seconds
Import Error Code:(4)
Message: Build asset version error: assets/scripts/hubscene/hubloadoutslotui.cs in SourceAssetDB has modification time of '2026-02-24T13:29:17.0065298Z' while content on disk has modification time of '2026-02-24T13:29:27.8109936Z'
  ERROR: Build asset version error: assets/scripts/hubscene/hubloadoutslotui.cs in SourceAssetDB has modification time of '2026-02-24T13:29:17.0065298Z' while content on disk has modification time of '2026-02-24T13:29:27.8109936Z'
Number of updated asset objects reloaded before import = 0Number of asset objects unloaded after import = 0

========================================================================
Received Import Request.
  Time since last request: 0.000023 seconds.
  path: Assets/Scripts/HubScene/HubLoadoutSlotUI.cs
  artifactKey: Guid(0e6c96ae7b176f645b2819eb876d017e) Importer(815301076,1909f56bfc062723c751e8b465ee728b)
Start importing Assets/Scripts/HubScene/HubLoadoutSlotUI.cs using Guid(0e6c96ae7b176f645b2819eb876d017e) Importer(815301076,1909f56bfc062723c751e8b465ee728b) (PreviewImporter) -> (artifact id: '00000000000000000000000000000000') in 0.0009502 seconds
Import Error Code:(4)
Message: Build asset version error: assets/scripts/hubscene/hubloadoutslotui.cs in SourceAssetDB has modification time of '2026-02-24T13:29:17.0065298Z' while content on disk has modification time of '2026-02-24T13:29:27.8109936Z'
  ERROR: Build asset version error: assets/scripts/hubscene/hubloadoutslotui.cs in SourceAssetDB has modification time of '2026-02-24T13:29:17.0065298Z' while content on disk has modification time of '2026-02-24T13:29:27.8109936Z'
Number of updated asset objects reloaded before import = 0Number of asset objects unloaded after import = 0

========================================================================
Received Import Request.
  Time since last request: 0.000027 seconds.
  path: Assets/Scripts/HubScene/HubLoadoutSlotUI.cs
  artifactKey: Guid(0e6c96ae7b176f645b2819eb876d017e) Importer(815301076,1909f56bfc062723c751e8b465ee728b)
Start importing Assets/Scripts/HubScene/HubLoadoutSlotUI.cs using Guid(0e6c96ae7b176f645b2819eb876d017e) Importer(815301076,1909f56bfc062723c751e8b465ee728b) (PreviewImporter) -> (artifact id: '00000000000000000000000000000000') in 0.0011381 seconds
Import Error Code:(4)
Message: Build asset version error: assets/scripts/hubscene/hubloadoutslotui.cs in SourceAssetDB has modification time of '2026-02-24T13:29:17.0065298Z' while content on disk has modification time of '2026-02-24T13:29:27.8109936Z'
  ERROR: Build asset version error: assets/scripts/hubscene/hubloadoutslotui.cs in SourceAssetDB has modification time of '2026-02-24T13:29:17.0065298Z' while content on disk has modification time of '2026-02-24T13:29:27.8109936Z'
Number of updated asset objects reloaded before import = 0Number of asset objects unloaded after import = 0

========================================================================
Received Import Request.
  Time since last request: 0.000029 seconds.
  path: Assets/Scripts/HubScene/HubLoadoutSlotUI.cs
  artifactKey: Guid(0e6c96ae7b176f645b2819eb876d017e) Importer(815301076,1909f56bfc062723c751e8b465ee728b)
Start importing Assets/Scripts/HubScene/HubLoadoutSlotUI.cs using Guid(0e6c96ae7b176f645b2819eb876d017e) Importer(815301076,1909f56bfc062723c751e8b465ee728b) (PreviewImporter) -> (artifact id: '00000000000000000000000000000000') in 0.000856 seconds
Import Error Code:(4)
Message: Build asset version error: assets/scripts/hubscene/hubloadoutslotui.cs in SourceAssetDB has modification time of '2026-02-24T13:29:17.0065298Z' while content on disk has modification time of '2026-02-24T13:29:27.8109936Z'
  ERROR: Build asset version error: assets/scripts/hubscene/hubloadoutslotui.cs in SourceAssetDB has modification time of '2026-02-24T13:29:17.0065298Z' while content on disk has modification time of '2026-02-24T13:29:27.8109936Z'
Number of updated asset objects reloaded before import = 0Number of asset objects unloaded after import = 0

========================================================================
Received Import Request.
  Time since last request: 0.000041 seconds.
  path: Assets/Scripts/HubScene/HubLoadoutSlotUI.cs
  artifactKey: Guid(0e6c96ae7b176f645b2819eb876d017e) Importer(815301076,1909f56bfc062723c751e8b465ee728b)
Start importing Assets/Scripts/HubScene/HubLoadoutSlotUI.cs using Guid(0e6c96ae7b176f645b2819eb876d017e) Importer(815301076,1909f56bfc062723c751e8b465ee728b) (PreviewImporter) -> (artifact id: '00000000000000000000000000000000') in 0.0011002 seconds
Import Error Code:(4)
Message: Build asset version error: assets/scripts/hubscene/hubloadoutslotui.cs in SourceAssetDB has modification time of '2026-02-24T13:29:17.0065298Z' while content on disk has modification time of '2026-02-24T13:29:27.8109936Z'
  ERROR: Build asset version error: assets/scripts/hubscene/hubloadoutslotui.cs in SourceAssetDB has modification time of '2026-02-24T13:29:17.0065298Z' while content on disk has modification time of '2026-02-24T13:29:27.8109936Z'
Number of updated asset objects reloaded before import = 0Number of asset objects unloaded after import = 0

========================================================================
Received Import Request.
  Time since last request: 0.000026 seconds.
  path: Assets/Scripts/HubScene/HubLoadoutSlotUI.cs
  artifactKey: Guid(0e6c96ae7b176f645b2819eb876d017e) Importer(815301076,1909f56bfc062723c751e8b465ee728b)
Start importing Assets/Scripts/HubScene/HubLoadoutSlotUI.cs using Guid(0e6c96ae7b176f645b2819eb876d017e) Importer(815301076,1909f56bfc062723c751e8b465ee728b) (PreviewImporter) -> (artifact id: '00000000000000000000000000000000') in 0.001767 seconds
Import Error Code:(4)
Message: Build asset version error: assets/scripts/hubscene/hubloadoutslotui.cs in SourceAssetDB has modification time of '2026-02-24T13:29:17.0065298Z' while content on disk has modification time of '2026-02-24T13:29:27.8109936Z'
  ERROR: Build asset version error: assets/scripts/hubscene/hubloadoutslotui.cs in SourceAssetDB has modification time of '2026-02-24T13:29:17.0065298Z' while content on disk has modification time of '2026-02-24T13:29:27.8109936Z'
Number of updated asset objects reloaded before import = 0Number of asset objects unloaded after import = 0

========================================================================
Received Import Request.
  Time since last request: 0.000024 seconds.
  path: Assets/Scripts/HubScene/HubLoadoutSlotUI.cs
  artifactKey: Guid(0e6c96ae7b176f645b2819eb876d017e) Importer(815301076,1909f56bfc062723c751e8b465ee728b)
Start importing Assets/Scripts/HubScene/HubLoadoutSlotUI.cs using Guid(0e6c96ae7b176f645b2819eb876d017e) Importer(815301076,1909f56bfc062723c751e8b465ee728b) (PreviewImporter) -> (artifact id: '00000000000000000000000000000000') in 0.0010864 seconds
Import Error Code:(4)
Message: Build asset version error: assets/scripts/hubscene/hubloadoutslotui.cs in SourceAssetDB has modification time of '2026-02-24T13:29:17.0065298Z' while content on disk has modification time of '2026-02-24T13:29:27.8109936Z'
  ERROR: Build asset version error: assets/scripts/hubscene/hubloadoutslotui.cs in SourceAssetDB has modification time of '2026-02-24T13:29:17.0065298Z' while content on disk has modification time of '2026-02-24T13:29:27.8109936Z'
Number of updated asset objects reloaded before import = 0Number of asset objects unloaded after import = 0

========================================================================
Received Import Request.
  Time since last request: 0.000035 seconds.
  path: Assets/Scripts/HubScene/HubLoadoutSlotUI.cs
  artifactKey: Guid(0e6c96ae7b176f645b2819eb876d017e) Importer(815301076,1909f56bfc062723c751e8b465ee728b)
Start importing Assets/Scripts/HubScene/HubLoadoutSlotUI.cs using Guid(0e6c96ae7b176f645b2819eb876d017e) Importer(815301076,1909f56bfc062723c751e8b465ee728b) (PreviewImporter) -> (artifact id: '00000000000000000000000000000000') in 0.0008347 seconds
Import Error Code:(4)
Message: Build asset version error: assets/scripts/hubscene/hubloadoutslotui.cs in SourceAssetDB has modification time of '2026-02-24T13:29:17.0065298Z' while content on disk has modification time of '2026-02-24T13:29:27.8109936Z'
  ERROR: Build asset version error: assets/scripts/hubscene/hubloadoutslotui.cs in SourceAssetDB has modification time of '2026-02-24T13:29:17.0065298Z' while content on disk has modification time of '2026-02-24T13:29:27.8109936Z'
Number of updated asset objects reloaded before import = 0Number of asset objects unloaded after import = 0

========================================================================
Received Import Request.
  Time since last request: 0.000036 seconds.
  path: Assets/Scripts/HubScene/HubLoadoutSlotUI.cs
  artifactKey: Guid(0e6c96ae7b176f645b2819eb876d017e) Importer(815301076,1909f56bfc062723c751e8b465ee728b)
Start importing Assets/Scripts/HubScene/HubLoadoutSlotUI.cs using Guid(0e6c96ae7b176f645b2819eb876d017e) Importer(815301076,1909f56bfc062723c751e8b465ee728b) (PreviewImporter) -> (artifact id: '00000000000000000000000000000000') in 0.0012649 seconds
Import Error Code:(4)
Message: Build asset version error: assets/scripts/hubscene/hubloadoutslotui.cs in SourceAssetDB has modification time of '2026-02-24T13:29:17.0065298Z' while content on disk has modification time of '2026-02-24T13:29:27.8109936Z'
  ERROR: Build asset version error: assets/scripts/hubscene/hubloadoutslotui.cs in SourceAssetDB has modification time of '2026-02-24T13:29:17.0065298Z' while content on disk has modification time of '2026-02-24T13:29:27.8109936Z'
Number of updated asset objects reloaded before import = 0Number of asset objects unloaded after import = 0

========================================================================
Received Import Request.
  Time since last request: 0.000037 seconds.
  path: Assets/Scripts/HubScene/HubLoadoutSlotUI.cs
  artifactKey: Guid(0e6c96ae7b176f645b2819eb876d017e) Importer(815301076,1909f56bfc062723c751e8b465ee728b)
Start importing Assets/Scripts/HubScene/HubLoadoutSlotUI.cs using Guid(0e6c96ae7b176f645b2819eb876d017e) Importer(815301076,1909f56bfc062723c751e8b465ee728b) (PreviewImporter) -> (artifact id: '00000000000000000000000000000000') in 0.0009474 seconds
Import Error Code:(4)
Message: Build asset version error: assets/scripts/hubscene/hubloadoutslotui.cs in SourceAssetDB has modification time of '2026-02-24T13:29:17.0065298Z' while content on disk has modification time of '2026-02-24T13:29:27.8109936Z'
  ERROR: Build asset version error: assets/scripts/hubscene/hubloadoutslotui.cs in SourceAssetDB has modification time of '2026-02-24T13:29:17.0065298Z' while content on disk has modification time of '2026-02-24T13:29:27.8109936Z'
Number of updated asset objects reloaded before import = 0Number of asset objects unloaded after import = 0

========================================================================
Received Import Request.
  Time since last request: 0.000042 seconds.
  path: Assets/Scripts/HubScene/HubLoadoutSlotUI.cs
  artifactKey: Guid(0e6c96ae7b176f645b2819eb876d017e) Importer(815301076,1909f56bfc062723c751e8b465ee728b)
Start importing Assets/Scripts/HubScene/HubLoadoutSlotUI.cs using Guid(0e6c96ae7b176f645b2819eb876d017e) Importer(815301076,1909f56bfc062723c751e8b465ee728b) (PreviewImporter) -> (artifact id: '00000000000000000000000000000000') in 0.0007765 seconds
Import Error Code:(4)
Message: Build asset version error: assets/scripts/hubscene/hubloadoutslotui.cs in SourceAssetDB has modification time of '2026-02-24T13:29:17.0065298Z' while content on disk has modification time of '2026-02-24T13:29:27.8109936Z'
  ERROR: Build asset version error: assets/scripts/hubscene/hubloadoutslotui.cs in SourceAssetDB has modification time of '2026-02-24T13:29:17.0065298Z' while content on disk has modification time of '2026-02-24T13:29:27.8109936Z'
Number of updated asset objects reloaded before import = 0Number of asset objects unloaded after import = 0

========================================================================
Received Import Request.
  Time since last request: 0.000039 seconds.
  path: Assets/Scripts/HubScene/HubLoadoutSlotUI.cs
  artifactKey: Guid(0e6c96ae7b176f645b2819eb876d017e) Importer(815301076,1909f56bfc062723c751e8b465ee728b)
Start importing Assets/Scripts/HubScene/HubLoadoutSlotUI.cs using Guid(0e6c96ae7b176f645b2819eb876d017e) Importer(815301076,1909f56bfc062723c751e8b465ee728b) (PreviewImporter) -> (artifact id: '00000000000000000000000000000000') in 0.0011572 seconds
Import Error Code:(4)
Message: Build asset version error: assets/scripts/hubscene/hubloadoutslotui.cs in SourceAssetDB has modification time of '2026-02-24T13:29:17.0065298Z' while content on disk has modification time of '2026-02-24T13:29:27.8109936Z'
  ERROR: Build asset version error: assets/scripts/hubscene/hubloadoutslotui.cs in SourceAssetDB has modification time of '2026-02-24T13:29:17.0065298Z' while content on disk has modification time of '2026-02-24T13:29:27.8109936Z'
Number of updated asset objects reloaded before import = 0Number of asset objects unloaded after import = 0

========================================================================
Received Import Request.
  Time since last request: 0.000043 seconds.
  path: Assets/Scripts/HubScene/HubLoadoutSlotUI.cs
  artifactKey: Guid(0e6c96ae7b176f645b2819eb876d017e) Importer(815301076,1909f56bfc062723c751e8b465ee728b)
Start importing Assets/Scripts/HubScene/HubLoadoutSlotUI.cs using Guid(0e6c96ae7b176f645b2819eb876d017e) Importer(815301076,1909f56bfc062723c751e8b465ee728b) (PreviewImporter) -> (artifact id: '00000000000000000000000000000000') in 0.0011485 seconds
Import Error Code:(4)
Message: Build asset version error: assets/scripts/hubscene/hubloadoutslotui.cs in SourceAssetDB has modification time of '2026-02-24T13:29:17.0065298Z' while content on disk has modification time of '2026-02-24T13:29:27.8109936Z'
  ERROR: Build asset version error: assets/scripts/hubscene/hubloadoutslotui.cs in SourceAssetDB has modification time of '2026-02-24T13:29:17.0065298Z' while content on disk has modification time of '2026-02-24T13:29:27.8109936Z'
Number of updated asset objects reloaded before import = 0Number of asset objects unloaded after import = 0

========================================================================
Received Import Request.
  Time since last request: 0.000044 seconds.
  path: Assets/Scripts/HubScene/HubLoadoutSlotUI.cs
  artifactKey: Guid(0e6c96ae7b176f645b2819eb876d017e) Importer(815301076,1909f56bfc062723c751e8b465ee728b)
Start importing Assets/Scripts/HubScene/HubLoadoutSlotUI.cs using Guid(0e6c96ae7b176f645b2819eb876d017e) Importer(815301076,1909f56bfc062723c751e8b465ee728b) (PreviewImporter) -> (artifact id: '00000000000000000000000000000000') in 0.0014393 seconds
Import Error Code:(4)
Message: Build asset version error: assets/scripts/hubscene/hubloadoutslotui.cs in SourceAssetDB has modification time of '2026-02-24T13:29:17.0065298Z' while content on disk has modification time of '2026-02-24T13:29:27.8109936Z'
  ERROR: Build asset version error: assets/scripts/hubscene/hubloadoutslotui.cs in SourceAssetDB has modification time of '2026-02-24T13:29:17.0065298Z' while content on disk has modification time of '2026-02-24T13:29:27.8109936Z'
Number of updated asset objects reloaded before import = 0Number of asset objects unloaded after import = 0

========================================================================
Received Import Request.
  Time since last request: 0.000029 seconds.
  path: Assets/Scripts/HubScene/HubLoadoutSlotUI.cs
  artifactKey: Guid(0e6c96ae7b176f645b2819eb876d017e) Importer(815301076,1909f56bfc062723c751e8b465ee728b)
Start importing Assets/Scripts/HubScene/HubLoadoutSlotUI.cs using Guid(0e6c96ae7b176f645b2819eb876d017e) Importer(815301076,1909f56bfc062723c751e8b465ee728b) (PreviewImporter) -> (artifact id: '00000000000000000000000000000000') in 0.0010426 seconds
Import Error Code:(4)
Message: Build asset version error: assets/scripts/hubscene/hubloadoutslotui.cs in SourceAssetDB has modification time of '2026-02-24T13:29:17.0065298Z' while content on disk has modification time of '2026-02-24T13:29:27.8109936Z'
  ERROR: Build asset version error: assets/scripts/hubscene/hubloadoutslotui.cs in SourceAssetDB has modification time of '2026-02-24T13:29:17.0065298Z' while content on disk has modification time of '2026-02-24T13:29:27.8109936Z'
Number of updated asset objects reloaded before import = 0Number of asset objects unloaded after import = 0

========================================================================
Received Import Request.
  Time since last request: 0.000034 seconds.
  path: Assets/Scripts/HubScene/HubLoadoutSlotUI.cs
  artifactKey: Guid(0e6c96ae7b176f645b2819eb876d017e) Importer(815301076,1909f56bfc062723c751e8b465ee728b)
Start importing Assets/Scripts/HubScene/HubLoadoutSlotUI.cs using Guid(0e6c96ae7b176f645b2819eb876d017e) Importer(815301076,1909f56bfc062723c751e8b465ee728b) (PreviewImporter) -> (artifact id: '00000000000000000000000000000000') in 0.0013097 seconds
Import Error Code:(4)
Message: Build asset version error: assets/scripts/hubscene/hubloadoutslotui.cs in SourceAssetDB has modification time of '2026-02-24T13:29:17.0065298Z' while content on disk has modification time of '2026-02-24T13:29:27.8109936Z'
  ERROR: Build asset version error: assets/scripts/hubscene/hubloadoutslotui.cs in SourceAssetDB has modification time of '2026-02-24T13:29:17.0065298Z' while content on disk has modification time of '2026-02-24T13:29:27.8109936Z'
Number of updated asset objects reloaded before import = 0Number of asset objects unloaded after import = 0

========================================================================
Received Import Request.
  Time since last request: 0.000039 seconds.
  path: Assets/Scripts/HubScene/HubLoadoutSlotUI.cs
  artifactKey: Guid(0e6c96ae7b176f645b2819eb876d017e) Importer(815301076,1909f56bfc062723c751e8b465ee728b)
Start importing Assets/Scripts/HubScene/HubLoadoutSlotUI.cs using Guid(0e6c96ae7b176f645b2819eb876d017e) Importer(815301076,1909f56bfc062723c751e8b465ee728b) (PreviewImporter) -> (artifact id: '00000000000000000000000000000000') in 0.0009755 seconds
Import Error Code:(4)
Message: Build asset version error: assets/scripts/hubscene/hubloadoutslotui.cs in SourceAssetDB has modification time of '2026-02-24T13:29:17.0065298Z' while content on disk has modification time of '2026-02-24T13:29:27.8109936Z'
  ERROR: Build asset version error: assets/scripts/hubscene/hubloadoutslotui.cs in SourceAssetDB has modification time of '2026-02-24T13:29:17.0065298Z' while content on disk has modification time of '2026-02-24T13:29:27.8109936Z'
Number of updated asset objects reloaded before import = 0Number of asset objects unloaded after import = 0

========================================================================
Received Import Request.
  Time since last request: 0.000023 seconds.
  path: Assets/Scripts/HubScene/HubLoadoutSlotUI.cs
  artifactKey: Guid(0e6c96ae7b176f645b2819eb876d017e) Importer(815301076,1909f56bfc062723c751e8b465ee728b)
Start importing Assets/Scripts/HubScene/HubLoadoutSlotUI.cs using Guid(0e6c96ae7b176f645b2819eb876d017e) Importer(815301076,1909f56bfc062723c751e8b465ee728b) (PreviewImporter) -> (artifact id: '00000000000000000000000000000000') in 0.0010331 seconds
Import Error Code:(4)
Message: Build asset version error: assets/scripts/hubscene/hubloadoutslotui.cs in SourceAssetDB has modification time of '2026-02-24T13:29:17.0065298Z' while content on disk has modification time of '2026-02-24T13:29:27.8109936Z'
  ERROR: Build asset version error: assets/scripts/hubscene/hubloadoutslotui.cs in SourceAssetDB has modification time of '2026-02-24T13:29:17.0065298Z' while content on disk has modification time of '2026-02-24T13:29:27.8109936Z'
Number of updated asset objects reloaded before import = 0Number of asset objects unloaded after import = 0

========================================================================
Received Import Request.
  Time since last request: 0.000028 seconds.
  path: Assets/Scripts/HubScene/HubLoadoutSlotUI.cs
  artifactKey: Guid(0e6c96ae7b176f645b2819eb876d017e) Importer(815301076,1909f56bfc062723c751e8b465ee728b)
Start importing Assets/Scripts/HubScene/HubLoadoutSlotUI.cs using Guid(0e6c96ae7b176f645b2819eb876d017e) Importer(815301076,1909f56bfc062723c751e8b465ee728b) (PreviewImporter) -> (artifact id: '00000000000000000000000000000000') in 0.0015768 seconds
Import Error Code:(4)
Message: Build asset version error: assets/scripts/hubscene/hubloadoutslotui.cs in SourceAssetDB has modification time of '2026-02-24T13:29:17.0065298Z' while content on disk has modification time of '2026-02-24T13:29:27.8109936Z'
  ERROR: Build asset version error: assets/scripts/hubscene/hubloadoutslotui.cs in SourceAssetDB has modification time of '2026-02-24T13:29:17.0065298Z' while content on disk has modification time of '2026-02-24T13:29:27.8109936Z'
Number of updated asset objects reloaded before import = 0Number of asset objects unloaded after import = 0

========================================================================
Received Import Request.
  Time since last request: 0.000029 seconds.
  path: Assets/Scripts/HubScene/HubLoadoutSlotUI.cs
  artifactKey: Guid(0e6c96ae7b176f645b2819eb876d017e) Importer(815301076,1909f56bfc062723c751e8b465ee728b)
Start importing Assets/Scripts/HubScene/HubLoadoutSlotUI.cs using Guid(0e6c96ae7b176f645b2819eb876d017e) Importer(815301076,1909f56bfc062723c751e8b465ee728b) (PreviewImporter) -> (artifact id: '00000000000000000000000000000000') in 0.0008915 seconds
Import Error Code:(4)
Message: Build asset version error: assets/scripts/hubscene/hubloadoutslotui.cs in SourceAssetDB has modification time of '2026-02-24T13:29:17.0065298Z' while content on disk has modification time of '2026-02-24T13:29:27.8109936Z'
  ERROR: Build asset version error: assets/scripts/hubscene/hubloadoutslotui.cs in SourceAssetDB has modification time of '2026-02-24T13:29:17.0065298Z' while content on disk has modification time of '2026-02-24T13:29:27.8109936Z'
Number of updated asset objects reloaded before import = 0Number of asset objects unloaded after import = 0

========================================================================
Received Import Request.
  Time since last request: 0.000042 seconds.
  path: Assets/Scripts/HubScene/HubLoadoutSlotUI.cs
  artifactKey: Guid(0e6c96ae7b176f645b2819eb876d017e) Importer(815301076,1909f56bfc062723c751e8b465ee728b)
Start importing Assets/Scripts/HubScene/HubLoadoutSlotUI.cs using Guid(0e6c96ae7b176f645b2819eb876d017e) Importer(815301076,1909f56bfc062723c751e8b465ee728b) (PreviewImporter) -> (artifact id: '00000000000000000000000000000000') in 0.0011619 seconds
Import Error Code:(4)
Message: Build asset version error: assets/scripts/hubscene/hubloadoutslotui.cs in SourceAssetDB has modification time of '2026-02-24T13:29:17.0065298Z' while content on disk has modification time of '2026-02-24T13:29:27.8109936Z'
  ERROR: Build asset version error: assets/scripts/hubscene/hubloadoutslotui.cs in SourceAssetDB has modification time of '2026-02-24T13:29:17.0065298Z' while content on disk has modification time of '2026-02-24T13:29:27.8109936Z'
Number of updated asset objects reloaded before import = 0Number of asset objects unloaded after import = 0

========================================================================
Received Import Request.
  Time since last request: 0.000029 seconds.
  path: Assets/Scripts/HubScene/HubLoadoutSlotUI.cs
  artifactKey: Guid(0e6c96ae7b176f645b2819eb876d017e) Importer(815301076,1909f56bfc062723c751e8b465ee728b)
Start importing Assets/Scripts/HubScene/HubLoadoutSlotUI.cs using Guid(0e6c96ae7b176f645b2819eb876d017e) Importer(815301076,1909f56bfc062723c751e8b465ee728b) (PreviewImporter) -> (artifact id: '00000000000000000000000000000000') in 0.0009472 seconds
Import Error Code:(4)
Message: Build asset version error: assets/scripts/hubscene/hubloadoutslotui.cs in SourceAssetDB has modification time of '2026-02-24T13:29:17.0065298Z' while content on disk has modification time of '2026-02-24T13:29:27.8109936Z'
  ERROR: Build asset version error: assets/scripts/hubscene/hubloadoutslotui.cs in SourceAssetDB has modification time of '2026-02-24T13:29:17.0065298Z' while content on disk has modification time of '2026-02-24T13:29:27.8109936Z'
Number of updated asset objects reloaded before import = 0Number of asset objects unloaded after import = 0

========================================================================
Received Import Request.
  Time since last request: 0.008245 seconds.
  path: Assets/Scripts/HubScene/HubLoadoutSlotUI.cs
  artifactKey: Guid(0e6c96ae7b176f645b2819eb876d017e) Importer(815301076,1909f56bfc062723c751e8b465ee728b)
Start importing Assets/Scripts/HubScene/HubLoadoutSlotUI.cs using Guid(0e6c96ae7b176f645b2819eb876d017e) Importer(815301076,1909f56bfc062723c751e8b465ee728b) (PreviewImporter) -> (artifact id: '00000000000000000000000000000000') in 0.001154 seconds
Import Error Code:(4)
Message: Build asset version error: assets/scripts/hubscene/hubloadoutslotui.cs in SourceAssetDB has modification time of '2026-02-24T13:29:17.0065298Z' while content on disk has modification time of '2026-02-24T13:29:27.8109936Z'
  ERROR: Build asset version error: assets/scripts/hubscene/hubloadoutslotui.cs in SourceAssetDB has modification time of '2026-02-24T13:29:17.0065298Z' while content on disk has modification time of '2026-02-24T13:29:27.8109936Z'
Number of updated asset objects reloaded before import = 0Number of asset objects unloaded after import = 0

========================================================================
Received Import Request.
  Time since last request: 0.000028 seconds.
  path: Assets/Scripts/HubScene/HubLoadoutSlotUI.cs
  artifactKey: Guid(0e6c96ae7b176f645b2819eb876d017e) Importer(815301076,1909f56bfc062723c751e8b465ee728b)
Start importing Assets/Scripts/HubScene/HubLoadoutSlotUI.cs using Guid(0e6c96ae7b176f645b2819eb876d017e) Importer(815301076,1909f56bfc062723c751e8b465ee728b) (PreviewImporter) -> (artifact id: '00000000000000000000000000000000') in 0.0010446 seconds
Import Error Code:(4)
Message: Build asset version error: assets/scripts/hubscene/hubloadoutslotui.cs in SourceAssetDB has modification time of '2026-02-24T13:29:17.0065298Z' while content on disk has modification time of '2026-02-24T13:29:27.8109936Z'
  ERROR: Build asset version error: assets/scripts/hubscene/hubloadoutslotui.cs in SourceAssetDB has modification time of '2026-02-24T13:29:17.0065298Z' while content on disk has modification time of '2026-02-24T13:29:27.8109936Z'
Number of updated asset objects reloaded before import = 0Number of asset objects unloaded after import = 0

========================================================================
Received Import Request.
  Time since last request: 0.000041 seconds.
  path: Assets/Scripts/HubScene/HubLoadoutSlotUI.cs
  artifactKey: Guid(0e6c96ae7b176f645b2819eb876d017e) Importer(815301076,1909f56bfc062723c751e8b465ee728b)
Start importing Assets/Scripts/HubScene/HubLoadoutSlotUI.cs using Guid(0e6c96ae7b176f645b2819eb876d017e) Importer(815301076,1909f56bfc062723c751e8b465ee728b) (PreviewImporter) -> (artifact id: '00000000000000000000000000000000') in 0.0012393 seconds
Import Error Code:(4)
Message: Build asset version error: assets/scripts/hubscene/hubloadoutslotui.cs in SourceAssetDB has modification time of '2026-02-24T13:29:17.0065298Z' while content on disk has modification time of '2026-02-24T13:29:27.8109936Z'
  ERROR: Build asset version error: assets/scripts/hubscene/hubloadoutslotui.cs in SourceAssetDB has modification time of '2026-02-24T13:29:17.0065298Z' while content on disk has modification time of '2026-02-24T13:29:27.8109936Z'
Number of updated asset objects reloaded before import = 0Number of asset objects unloaded after import = 0

========================================================================
Received Import Request.
  Time since last request: 0.000023 seconds.
  path: Assets/Scripts/HubScene/HubLoadoutSlotUI.cs
  artifactKey: Guid(0e6c96ae7b176f645b2819eb876d017e) Importer(815301076,1909f56bfc062723c751e8b465ee728b)
Start importing Assets/Scripts/HubScene/HubLoadoutSlotUI.cs using Guid(0e6c96ae7b176f645b2819eb876d017e) Importer(815301076,1909f56bfc062723c751e8b465ee728b) (PreviewImporter) -> (artifact id: '00000000000000000000000000000000') in 0.0009477 seconds
Import Error Code:(4)
Message: Build asset version error: assets/scripts/hubscene/hubloadoutslotui.cs in SourceAssetDB has modification time of '2026-02-24T13:29:17.0065298Z' while content on disk has modification time of '2026-02-24T13:29:27.8109936Z'
  ERROR: Build asset version error: assets/scripts/hubscene/hubloadoutslotui.cs in SourceAssetDB has modification time of '2026-02-24T13:29:17.0065298Z' while content on disk has modification time of '2026-02-24T13:29:27.8109936Z'
Number of updated asset objects reloaded before import = 0Number of asset objects unloaded after import = 0

========================================================================
Received Import Request.
  Time since last request: 0.000040 seconds.
  path: Assets/Scripts/HubScene/HubLoadoutSlotUI.cs
  artifactKey: Guid(0e6c96ae7b176f645b2819eb876d017e) Importer(815301076,1909f56bfc062723c751e8b465ee728b)
Start importing Assets/Scripts/HubScene/HubLoadoutSlotUI.cs using Guid(0e6c96ae7b176f645b2819eb876d017e) Importer(815301076,1909f56bfc062723c751e8b465ee728b) (PreviewImporter) -> (artifact id: '00000000000000000000000000000000') in 0.0010435 seconds
Import Error Code:(4)
Message: Build asset version error: assets/scripts/hubscene/hubloadoutslotui.cs in SourceAssetDB has modification time of '2026-02-24T13:29:17.0065298Z' while content on disk has modification time of '2026-02-24T13:29:27.8109936Z'
  ERROR: Build asset version error: assets/scripts/hubscene/hubloadoutslotui.cs in SourceAssetDB has modification time of '2026-02-24T13:29:17.0065298Z' while content on disk has modification time of '2026-02-24T13:29:27.8109936Z'
Number of updated asset objects reloaded before import = 0Number of asset objects unloaded after import = 0

========================================================================
Received Import Request.
  Time since last request: 0.000027 seconds.
  path: Assets/Scripts/HubScene/HubLoadoutSlotUI.cs
  artifactKey: Guid(0e6c96ae7b176f645b2819eb876d017e) Importer(815301076,1909f56bfc062723c751e8b465ee728b)
Start importing Assets/Scripts/HubScene/HubLoadoutSlotUI.cs using Guid(0e6c96ae7b176f645b2819eb876d017e) Importer(815301076,1909f56bfc062723c751e8b465ee728b) (PreviewImporter) -> (artifact id: '00000000000000000000000000000000') in 0.0009978 seconds
Import Error Code:(4)
Message: Build asset version error: assets/scripts/hubscene/hubloadoutslotui.cs in SourceAssetDB has modification time of '2026-02-24T13:29:17.0065298Z' while content on disk has modification time of '2026-02-24T13:29:27.8109936Z'
  ERROR: Build asset version error: assets/scripts/hubscene/hubloadoutslotui.cs in SourceAssetDB has modification time of '2026-02-24T13:29:17.0065298Z' while content on disk has modification time of '2026-02-24T13:29:27.8109936Z'
Number of updated asset objects reloaded before import = 0Number of asset objects unloaded after import = 0

========================================================================
Received Import Request.
  Time since last request: 0.000040 seconds.
  path: Assets/Scripts/HubScene/HubLoadoutSlotUI.cs
  artifactKey: Guid(0e6c96ae7b176f645b2819eb876d017e) Importer(815301076,1909f56bfc062723c751e8b465ee728b)
Start importing Assets/Scripts/HubScene/HubLoadoutSlotUI.cs using Guid(0e6c96ae7b176f645b2819eb876d017e) Importer(815301076,1909f56bfc062723c751e8b465ee728b) (PreviewImporter) -> (artifact id: '00000000000000000000000000000000') in 0.0011232 seconds
Import Error Code:(4)
Message: Build asset version error: assets/scripts/hubscene/hubloadoutslotui.cs in SourceAssetDB has modification time of '2026-02-24T13:29:17.0065298Z' while content on disk has modification time of '2026-02-24T13:29:27.8109936Z'
  ERROR: Build asset version error: assets/scripts/hubscene/hubloadoutslotui.cs in SourceAssetDB has modification time of '2026-02-24T13:29:17.0065298Z' while content on disk has modification time of '2026-02-24T13:29:27.8109936Z'
Number of updated asset objects reloaded before import = 0Number of asset objects unloaded after import = 0

========================================================================
Received Import Request.
  Time since last request: 0.000025 seconds.
  path: Assets/Scripts/HubScene/HubLoadoutSlotUI.cs
  artifactKey: Guid(0e6c96ae7b176f645b2819eb876d017e) Importer(815301076,1909f56bfc062723c751e8b465ee728b)
Start importing Assets/Scripts/HubScene/HubLoadoutSlotUI.cs using Guid(0e6c96ae7b176f645b2819eb876d017e) Importer(815301076,1909f56bfc062723c751e8b465ee728b) (PreviewImporter) -> (artifact id: '00000000000000000000000000000000') in 0.0012309 seconds
Import Error Code:(4)
Message: Build asset version error: assets/scripts/hubscene/hubloadoutslotui.cs in SourceAssetDB has modification time of '2026-02-24T13:29:17.0065298Z' while content on disk has modification time of '2026-02-24T13:29:27.8109936Z'
  ERROR: Build asset version error: assets/scripts/hubscene/hubloadoutslotui.cs in SourceAssetDB has modification time of '2026-02-24T13:29:17.0065298Z' while content on disk has modification time of '2026-02-24T13:29:27.8109936Z'
Number of updated asset objects reloaded before import = 0Number of asset objects unloaded after import = 0

========================================================================
Received Import Request.
  Time since last request: 0.000030 seconds.
  path: Assets/Scripts/HubScene/HubLoadoutSlotUI.cs
  artifactKey: Guid(0e6c96ae7b176f645b2819eb876d017e) Importer(815301076,1909f56bfc062723c751e8b465ee728b)
Start importing Assets/Scripts/HubScene/HubLoadoutSlotUI.cs using Guid(0e6c96ae7b176f645b2819eb876d017e) Importer(815301076,1909f56bfc062723c751e8b465ee728b) (PreviewImporter) -> (artifact id: '00000000000000000000000000000000') in 0.0010424 seconds
Import Error Code:(4)
Message: Build asset version error: assets/scripts/hubscene/hubloadoutslotui.cs in SourceAssetDB has modification time of '2026-02-24T13:29:17.0065298Z' while content on disk has modification time of '2026-02-24T13:29:27.8109936Z'
  ERROR: Build asset version error: assets/scripts/hubscene/hubloadoutslotui.cs in SourceAssetDB has modification time of '2026-02-24T13:29:17.0065298Z' while content on disk has modification time of '2026-02-24T13:29:27.8109936Z'
Number of updated asset objects reloaded before import = 0Number of asset objects unloaded after import = 0

========================================================================
Received Import Request.
  Time since last request: 0.000037 seconds.
  path: Assets/Scripts/HubScene/HubLoadoutSlotUI.cs
  artifactKey: Guid(0e6c96ae7b176f645b2819eb876d017e) Importer(815301076,1909f56bfc062723c751e8b465ee728b)
Start importing Assets/Scripts/HubScene/HubLoadoutSlotUI.cs using Guid(0e6c96ae7b176f645b2819eb876d017e) Importer(815301076,1909f56bfc062723c751e8b465ee728b) (PreviewImporter) -> (artifact id: '00000000000000000000000000000000') in 0.000976 seconds
Import Error Code:(4)
Message: Build asset version error: assets/scripts/hubscene/hubloadoutslotui.cs in SourceAssetDB has modification time of '2026-02-24T13:29:17.0065298Z' while content on disk has modification time of '2026-02-24T13:29:27.8109936Z'
  ERROR: Build asset version error: assets/scripts/hubscene/hubloadoutslotui.cs in SourceAssetDB has modification time of '2026-02-24T13:29:17.0065298Z' while content on disk has modification time of '2026-02-24T13:29:27.8109936Z'
Number of updated asset objects reloaded before import = 0Number of asset objects unloaded after import = 0

========================================================================
Received Import Request.
  Time since last request: 0.000056 seconds.
  path: Assets/Scripts/HubScene/HubLoadoutSlotUI.cs
  artifactKey: Guid(0e6c96ae7b176f645b2819eb876d017e) Importer(815301076,1909f56bfc062723c751e8b465ee728b)
Start importing Assets/Scripts/HubScene/HubLoadoutSlotUI.cs using Guid(0e6c96ae7b176f645b2819eb876d017e) Importer(815301076,1909f56bfc062723c751e8b465ee728b) (PreviewImporter) -> (artifact id: '00000000000000000000000000000000') in 0.0010258 seconds
Import Error Code:(4)
Message: Build asset version error: assets/scripts/hubscene/hubloadoutslotui.cs in SourceAssetDB has modification time of '2026-02-24T13:29:17.0065298Z' while content on disk has modification time of '2026-02-24T13:29:27.8109936Z'
  ERROR: Build asset version error: assets/scripts/hubscene/hubloadoutslotui.cs in SourceAssetDB has modification time of '2026-02-24T13:29:17.0065298Z' while content on disk has modification time of '2026-02-24T13:29:27.8109936Z'
Number of updated asset objects reloaded before import = 0Number of asset objects unloaded after import = 0

========================================================================
Received Import Request.
  Time since last request: 0.000035 seconds.
  path: Assets/Scripts/HubScene/HubLoadoutSlotUI.cs
  artifactKey: Guid(0e6c96ae7b176f645b2819eb876d017e) Importer(815301076,1909f56bfc062723c751e8b465ee728b)
Start importing Assets/Scripts/HubScene/HubLoadoutSlotUI.cs using Guid(0e6c96ae7b176f645b2819eb876d017e) Importer(815301076,1909f56bfc062723c751e8b465ee728b) (PreviewImporter) -> (artifact id: '00000000000000000000000000000000') in 0.0011435 seconds
Import Error Code:(4)
Message: Build asset version error: assets/scripts/hubscene/hubloadoutslotui.cs in SourceAssetDB has modification time of '2026-02-24T13:29:17.0065298Z' while content on disk has modification time of '2026-02-24T13:29:27.8109936Z'
  ERROR: Build asset version error: assets/scripts/hubscene/hubloadoutslotui.cs in SourceAssetDB has modification time of '2026-02-24T13:29:17.0065298Z' while content on disk has modification time of '2026-02-24T13:29:27.8109936Z'
Number of updated asset objects reloaded before import = 0Number of asset objects unloaded after import = 0

========================================================================
Received Import Request.
  Time since last request: 0.000023 seconds.
  path: Assets/Scripts/HubScene/HubLoadoutSlotUI.cs
  artifactKey: Guid(0e6c96ae7b176f645b2819eb876d017e) Importer(815301076,1909f56bfc062723c751e8b465ee728b)
Start importing Assets/Scripts/HubScene/HubLoadoutSlotUI.cs using Guid(0e6c96ae7b176f645b2819eb876d017e) Importer(815301076,1909f56bfc062723c751e8b465ee728b) (PreviewImporter) -> (artifact id: '00000000000000000000000000000000') in 0.0011313 seconds
Import Error Code:(4)
Message: Build asset version error: assets/scripts/hubscene/hubloadoutslotui.cs in SourceAssetDB has modification time of '2026-02-24T13:29:17.0065298Z' while content on disk has modification time of '2026-02-24T13:29:27.8109936Z'
  ERROR: Build asset version error: assets/scripts/hubscene/hubloadoutslotui.cs in SourceAssetDB has modification time of '2026-02-24T13:29:17.0065298Z' while content on disk has modification time of '2026-02-24T13:29:27.8109936Z'
Number of updated asset objects reloaded before import = 0Number of asset objects unloaded after import = 0

========================================================================
Received Import Request.
  Time since last request: 0.000033 seconds.
  path: Assets/Scripts/HubScene/HubLoadoutSlotUI.cs
  artifactKey: Guid(0e6c96ae7b176f645b2819eb876d017e) Importer(815301076,1909f56bfc062723c751e8b465ee728b)
Start importing Assets/Scripts/HubScene/HubLoadoutSlotUI.cs using Guid(0e6c96ae7b176f645b2819eb876d017e) Importer(815301076,1909f56bfc062723c751e8b465ee728b) (PreviewImporter) -> (artifact id: '00000000000000000000000000000000') in 0.0012141 seconds
Import Error Code:(4)
Message: Build asset version error: assets/scripts/hubscene/hubloadoutslotui.cs in SourceAssetDB has modification time of '2026-02-24T13:29:17.0065298Z' while content on disk has modification time of '2026-02-24T13:29:27.8109936Z'
  ERROR: Build asset version error: assets/scripts/hubscene/hubloadoutslotui.cs in SourceAssetDB has modification time of '2026-02-24T13:29:17.0065298Z' while content on disk has modification time of '2026-02-24T13:29:27.8109936Z'
Number of updated asset objects reloaded before import = 0Number of asset objects unloaded after import = 0

========================================================================
Received Import Request.
  Time since last request: 0.000043 seconds.
  path: Assets/Scripts/HubScene/HubLoadoutSlotUI.cs
  artifactKey: Guid(0e6c96ae7b176f645b2819eb876d017e) Importer(815301076,1909f56bfc062723c751e8b465ee728b)
Start importing Assets/Scripts/HubScene/HubLoadoutSlotUI.cs using Guid(0e6c96ae7b176f645b2819eb876d017e) Importer(815301076,1909f56bfc062723c751e8b465ee728b) (PreviewImporter) -> (artifact id: '00000000000000000000000000000000') in 0.0011241 seconds
Import Error Code:(4)
Message: Build asset version error: assets/scripts/hubscene/hubloadoutslotui.cs in SourceAssetDB has modification time of '2026-02-24T13:29:17.0065298Z' while content on disk has modification time of '2026-02-24T13:29:27.8109936Z'
  ERROR: Build asset version error: assets/scripts/hubscene/hubloadoutslotui.cs in SourceAssetDB has modification time of '2026-02-24T13:29:17.0065298Z' while content on disk has modification time of '2026-02-24T13:29:27.8109936Z'
Number of updated asset objects reloaded before import = 0Number of asset objects unloaded after import = 0

========================================================================
Received Import Request.
  Time since last request: 0.000024 seconds.
  path: Assets/Scripts/HubScene/HubLoadoutSlotUI.cs
  artifactKey: Guid(0e6c96ae7b176f645b2819eb876d017e) Importer(815301076,1909f56bfc062723c751e8b465ee728b)
Start importing Assets/Scripts/HubScene/HubLoadoutSlotUI.cs using Guid(0e6c96ae7b176f645b2819eb876d017e) Importer(815301076,1909f56bfc062723c751e8b465ee728b) (PreviewImporter) -> (artifact id: '00000000000000000000000000000000') in 0.0008744 seconds
Import Error Code:(4)
Message: Build asset version error: assets/scripts/hubscene/hubloadoutslotui.cs in SourceAssetDB has modification time of '2026-02-24T13:29:17.0065298Z' while content on disk has modification time of '2026-02-24T13:29:27.8109936Z'
  ERROR: Build asset version error: assets/scripts/hubscene/hubloadoutslotui.cs in SourceAssetDB has modification time of '2026-02-24T13:29:17.0065298Z' while content on disk has modification time of '2026-02-24T13:29:27.8109936Z'
Number of updated asset objects reloaded before import = 0Number of asset objects unloaded after import = 0

========================================================================
Received Import Request.
  Time since last request: 0.000027 seconds.
  path: Assets/Scripts/HubScene/HubLoadoutSlotUI.cs
  artifactKey: Guid(0e6c96ae7b176f645b2819eb876d017e) Importer(815301076,1909f56bfc062723c751e8b465ee728b)
Start importing Assets/Scripts/HubScene/HubLoadoutSlotUI.cs using Guid(0e6c96ae7b176f645b2819eb876d017e) Importer(815301076,1909f56bfc062723c751e8b465ee728b) (PreviewImporter) -> (artifact id: '00000000000000000000000000000000') in 0.0012953 seconds
Import Error Code:(4)
Message: Build asset version error: assets/scripts/hubscene/hubloadoutslotui.cs in SourceAssetDB has modification time of '2026-02-24T13:29:17.0065298Z' while content on disk has modification time of '2026-02-24T13:29:27.8109936Z'
  ERROR: Build asset version error: assets/scripts/hubscene/hubloadoutslotui.cs in SourceAssetDB has modification time of '2026-02-24T13:29:17.0065298Z' while content on disk has modification time of '2026-02-24T13:29:27.8109936Z'
Number of updated asset objects reloaded before import = 0Number of asset objects unloaded after import = 0

========================================================================
Received Import Request.
  Time since last request: 0.000028 seconds.
  path: Assets/Scripts/HubScene/HubLoadoutSlotUI.cs
  artifactKey: Guid(0e6c96ae7b176f645b2819eb876d017e) Importer(815301076,1909f56bfc062723c751e8b465ee728b)
Start importing Assets/Scripts/HubScene/HubLoadoutSlotUI.cs using Guid(0e6c96ae7b176f645b2819eb876d017e) Importer(815301076,1909f56bfc062723c751e8b465ee728b) (PreviewImporter) -> (artifact id: '00000000000000000000000000000000') in 0.0011549 seconds
Import Error Code:(4)
Message: Build asset version error: assets/scripts/hubscene/hubloadoutslotui.cs in SourceAssetDB has modification time of '2026-02-24T13:29:17.0065298Z' while content on disk has modification time of '2026-02-24T13:29:27.8109936Z'
  ERROR: Build asset version error: assets/scripts/hubscene/hubloadoutslotui.cs in SourceAssetDB has modification time of '2026-02-24T13:29:17.0065298Z' while content on disk has modification time of '2026-02-24T13:29:27.8109936Z'
Number of updated asset objects reloaded before import = 0Number of asset objects unloaded after import = 0

========================================================================
Received Import Request.
  Time since last request: 0.000043 seconds.
  path: Assets/Scripts/HubScene/HubLoadoutSlotUI.cs
  artifactKey: Guid(0e6c96ae7b176f645b2819eb876d017e) Importer(815301076,1909f56bfc062723c751e8b465ee728b)
Start importing Assets/Scripts/HubScene/HubLoadoutSlotUI.cs using Guid(0e6c96ae7b176f645b2819eb876d017e) Importer(815301076,1909f56bfc062723c751e8b465ee728b) (PreviewImporter) -> (artifact id: '00000000000000000000000000000000') in 0.0010107 seconds
Import Error Code:(4)
Message: Build asset version error: assets/scripts/hubscene/hubloadoutslotui.cs in SourceAssetDB has modification time of '2026-02-24T13:29:17.0065298Z' while content on disk has modification time of '2026-02-24T13:29:27.8109936Z'
  ERROR: Build asset version error: assets/scripts/hubscene/hubloadoutslotui.cs in SourceAssetDB has modification time of '2026-02-24T13:29:17.0065298Z' while content on disk has modification time of '2026-02-24T13:29:27.8109936Z'
Number of updated asset objects reloaded before import = 0Number of asset objects unloaded after import = 0

========================================================================
Received Import Request.
  Time since last request: 0.000025 seconds.
  path: Assets/Scripts/HubScene/HubLoadoutSlotUI.cs
  artifactKey: Guid(0e6c96ae7b176f645b2819eb876d017e) Importer(815301076,1909f56bfc062723c751e8b465ee728b)
Start importing Assets/Scripts/HubScene/HubLoadoutSlotUI.cs using Guid(0e6c96ae7b176f645b2819eb876d017e) Importer(815301076,1909f56bfc062723c751e8b465ee728b) (PreviewImporter) -> (artifact id: '00000000000000000000000000000000') in 0.0010481 seconds
Import Error Code:(4)
Message: Build asset version error: assets/scripts/hubscene/hubloadoutslotui.cs in SourceAssetDB has modification time of '2026-02-24T13:29:17.0065298Z' while content on disk has modification time of '2026-02-24T13:29:27.8109936Z'
  ERROR: Build asset version error: assets/scripts/hubscene/hubloadoutslotui.cs in SourceAssetDB has modification time of '2026-02-24T13:29:17.0065298Z' while content on disk has modification time of '2026-02-24T13:29:27.8109936Z'
Number of updated asset objects reloaded before import = 0Number of asset objects unloaded after import = 0

========================================================================
Received Import Request.
  Time since last request: 0.000024 seconds.
  path: Assets/Scripts/HubScene/HubLoadoutSlotUI.cs
  artifactKey: Guid(0e6c96ae7b176f645b2819eb876d017e) Importer(815301076,1909f56bfc062723c751e8b465ee728b)
Start importing Assets/Scripts/HubScene/HubLoadoutSlotUI.cs using Guid(0e6c96ae7b176f645b2819eb876d017e) Importer(815301076,1909f56bfc062723c751e8b465ee728b) (PreviewImporter) -> (artifact id: '00000000000000000000000000000000') in 0.0011463 seconds
Import Error Code:(4)
Message: Build asset version error: assets/scripts/hubscene/hubloadoutslotui.cs in SourceAssetDB has modification time of '2026-02-24T13:29:17.0065298Z' while content on disk has modification time of '2026-02-24T13:29:27.8109936Z'
  ERROR: Build asset version error: assets/scripts/hubscene/hubloadoutslotui.cs in SourceAssetDB has modification time of '2026-02-24T13:29:17.0065298Z' while content on disk has modification time of '2026-02-24T13:29:27.8109936Z'
Number of updated asset objects reloaded before import = 0Number of asset objects unloaded after import = 0

========================================================================
Received Import Request.
  Time since last request: 0.000031 seconds.
  path: Assets/Scripts/HubScene/HubLoadoutSlotUI.cs
  artifactKey: Guid(0e6c96ae7b176f645b2819eb876d017e) Importer(815301076,1909f56bfc062723c751e8b465ee728b)
Start importing Assets/Scripts/HubScene/HubLoadoutSlotUI.cs using Guid(0e6c96ae7b176f645b2819eb876d017e) Importer(815301076,1909f56bfc062723c751e8b465ee728b) (PreviewImporter) -> (artifact id: '00000000000000000000000000000000') in 0.0010505 seconds
Import Error Code:(4)
Message: Build asset version error: assets/scripts/hubscene/hubloadoutslotui.cs in SourceAssetDB has modification time of '2026-02-24T13:29:17.0065298Z' while content on disk has modification time of '2026-02-24T13:29:27.8109936Z'
  ERROR: Build asset version error: assets/scripts/hubscene/hubloadoutslotui.cs in SourceAssetDB has modification time of '2026-02-24T13:29:17.0065298Z' while content on disk has modification time of '2026-02-24T13:29:27.8109936Z'
Number of updated asset objects reloaded before import = 0Number of asset objects unloaded after import = 0

========================================================================
Received Import Request.
  Time since last request: 0.000038 seconds.
  path: Assets/Scripts/HubScene/HubLoadoutSlotUI.cs
  artifactKey: Guid(0e6c96ae7b176f645b2819eb876d017e) Importer(815301076,1909f56bfc062723c751e8b465ee728b)
Start importing Assets/Scripts/HubScene/HubLoadoutSlotUI.cs using Guid(0e6c96ae7b176f645b2819eb876d017e) Importer(815301076,1909f56bfc062723c751e8b465ee728b) (PreviewImporter) -> (artifact id: '00000000000000000000000000000000') in 0.0011569 seconds
Import Error Code:(4)
Message: Build asset version error: assets/scripts/hubscene/hubloadoutslotui.cs in SourceAssetDB has modification time of '2026-02-24T13:29:17.0065298Z' while content on disk has modification time of '2026-02-24T13:29:27.8109936Z'
  ERROR: Build asset version error: assets/scripts/hubscene/hubloadoutslotui.cs in SourceAssetDB has modification time of '2026-02-24T13:29:17.0065298Z' while content on disk has modification time of '2026-02-24T13:29:27.8109936Z'
Number of updated asset objects reloaded before import = 0Number of asset objects unloaded after import = 0

========================================================================
Received Import Request.
  Time since last request: 0.000058 seconds.
  path: Assets/Scripts/HubScene/HubLoadoutSlotUI.cs
  artifactKey: Guid(0e6c96ae7b176f645b2819eb876d017e) Importer(815301076,1909f56bfc062723c751e8b465ee728b)
Start importing Assets/Scripts/HubScene/HubLoadoutSlotUI.cs using Guid(0e6c96ae7b176f645b2819eb876d017e) Importer(815301076,1909f56bfc062723c751e8b465ee728b) (PreviewImporter) -> (artifact id: '00000000000000000000000000000000') in 0.0014862 seconds
Import Error Code:(4)
Message: Build asset version error: assets/scripts/hubscene/hubloadoutslotui.cs in SourceAssetDB has modification time of '2026-02-24T13:29:17.0065298Z' while content on disk has modification time of '2026-02-24T13:29:27.8109936Z'
  ERROR: Build asset version error: assets/scripts/hubscene/hubloadoutslotui.cs in SourceAssetDB has modification time of '2026-02-24T13:29:17.0065298Z' while content on disk has modification time of '2026-02-24T13:29:27.8109936Z'
Number of updated asset objects reloaded before import = 0Number of asset objects unloaded after import = 0

========================================================================
Received Import Request.
  Time since last request: 0.000034 seconds.
  path: Assets/Scripts/HubScene/HubLoadoutSlotUI.cs
  artifactKey: Guid(0e6c96ae7b176f645b2819eb876d017e) Importer(815301076,1909f56bfc062723c751e8b465ee728b)
Start importing Assets/Scripts/HubScene/HubLoadoutSlotUI.cs using Guid(0e6c96ae7b176f645b2819eb876d017e) Importer(815301076,1909f56bfc062723c751e8b465ee728b) (PreviewImporter) -> (artifact id: '00000000000000000000000000000000') in 0.0011183 seconds
Import Error Code:(4)
Message: Build asset version error: assets/scripts/hubscene/hubloadoutslotui.cs in SourceAssetDB has modification time of '2026-02-24T13:29:17.0065298Z' while content on disk has modification time of '2026-02-24T13:29:27.8109936Z'
  ERROR: Build asset version error: assets/scripts/hubscene/hubloadoutslotui.cs in SourceAssetDB has modification time of '2026-02-24T13:29:17.0065298Z' while content on disk has modification time of '2026-02-24T13:29:27.8109936Z'
Number of updated asset objects reloaded before import = 0Number of asset objects unloaded after import = 0

========================================================================
Received Import Request.
  Time since last request: 0.000032 seconds.
  path: Assets/Scripts/HubScene/HubLoadoutSlotUI.cs
  artifactKey: Guid(0e6c96ae7b176f645b2819eb876d017e) Importer(815301076,1909f56bfc062723c751e8b465ee728b)
Start importing Assets/Scripts/HubScene/HubLoadoutSlotUI.cs using Guid(0e6c96ae7b176f645b2819eb876d017e) Importer(815301076,1909f56bfc062723c751e8b465ee728b) (PreviewImporter) -> (artifact id: '00000000000000000000000000000000') in 0.0008912 seconds
Import Error Code:(4)
Message: Build asset version error: assets/scripts/hubscene/hubloadoutslotui.cs in SourceAssetDB has modification time of '2026-02-24T13:29:17.0065298Z' while content on disk has modification time of '2026-02-24T13:29:27.8109936Z'
  ERROR: Build asset version error: assets/scripts/hubscene/hubloadoutslotui.cs in SourceAssetDB has modification time of '2026-02-24T13:29:17.0065298Z' while content on disk has modification time of '2026-02-24T13:29:27.8109936Z'
Number of updated asset objects reloaded before import = 0Number of asset objects unloaded after import = 0

========================================================================
Received Import Request.
  Time since last request: 0.000039 seconds.
  path: Assets/Scripts/HubScene/HubLoadoutSlotUI.cs
  artifactKey: Guid(0e6c96ae7b176f645b2819eb876d017e) Importer(815301076,1909f56bfc062723c751e8b465ee728b)
Start importing Assets/Scripts/HubScene/HubLoadoutSlotUI.cs using Guid(0e6c96ae7b176f645b2819eb876d017e) Importer(815301076,1909f56bfc062723c751e8b465ee728b) (PreviewImporter) -> (artifact id: '00000000000000000000000000000000') in 0.0012013 seconds
Import Error Code:(4)
Message: Build asset version error: assets/scripts/hubscene/hubloadoutslotui.cs in SourceAssetDB has modification time of '2026-02-24T13:29:17.0065298Z' while content on disk has modification time of '2026-02-24T13:29:27.8109936Z'
  ERROR: Build asset version error: assets/scripts/hubscene/hubloadoutslotui.cs in SourceAssetDB has modification time of '2026-02-24T13:29:17.0065298Z' while content on disk has modification time of '2026-02-24T13:29:27.8109936Z'
Number of updated asset objects reloaded before import = 0Number of asset objects unloaded after import = 0

========================================================================
Received Import Request.
  Time since last request: 0.000045 seconds.
  path: Assets/Scripts/HubScene/HubLoadoutSlotUI.cs
  artifactKey: Guid(0e6c96ae7b176f645b2819eb876d017e) Importer(815301076,1909f56bfc062723c751e8b465ee728b)
Start importing Assets/Scripts/HubScene/HubLoadoutSlotUI.cs using Guid(0e6c96ae7b176f645b2819eb876d017e) Importer(815301076,1909f56bfc062723c751e8b465ee728b) (PreviewImporter) -> (artifact id: '00000000000000000000000000000000') in 0.0010588 seconds
Import Error Code:(4)
Message: Build asset version error: assets/scripts/hubscene/hubloadoutslotui.cs in SourceAssetDB has modification time of '2026-02-24T13:29:17.0065298Z' while content on disk has modification time of '2026-02-24T13:29:27.8109936Z'
  ERROR: Build asset version error: assets/scripts/hubscene/hubloadoutslotui.cs in SourceAssetDB has modification time of '2026-02-24T13:29:17.0065298Z' while content on disk has modification time of '2026-02-24T13:29:27.8109936Z'
Number of updated asset objects reloaded before import = 0Number of asset objects unloaded after import = 0

========================================================================
Received Import Request.
  Time since last request: 0.000023 seconds.
  path: Assets/Scripts/HubScene/HubLoadoutSlotUI.cs
  artifactKey: Guid(0e6c96ae7b176f645b2819eb876d017e) Importer(815301076,1909f56bfc062723c751e8b465ee728b)
Start importing Assets/Scripts/HubScene/HubLoadoutSlotUI.cs using Guid(0e6c96ae7b176f645b2819eb876d017e) Importer(815301076,1909f56bfc062723c751e8b465ee728b) (PreviewImporter) -> (artifact id: '00000000000000000000000000000000') in 0.0008102 seconds
Import Error Code:(4)
Message: Build asset version error: assets/scripts/hubscene/hubloadoutslotui.cs in SourceAssetDB has modification time of '2026-02-24T13:29:17.0065298Z' while content on disk has modification time of '2026-02-24T13:29:27.8109936Z'
  ERROR: Build asset version error: assets/scripts/hubscene/hubloadoutslotui.cs in SourceAssetDB has modification time of '2026-02-24T13:29:17.0065298Z' while content on disk has modification time of '2026-02-24T13:29:27.8109936Z'
Number of updated asset objects reloaded before import = 0Number of asset objects unloaded after import = 0

========================================================================
Received Import Request.
  Time since last request: 0.000047 seconds.
  path: Assets/Scripts/HubScene/HubLoadoutSlotUI.cs
  artifactKey: Guid(0e6c96ae7b176f645b2819eb876d017e) Importer(815301076,1909f56bfc062723c751e8b465ee728b)
Start importing Assets/Scripts/HubScene/HubLoadoutSlotUI.cs using Guid(0e6c96ae7b176f645b2819eb876d017e) Importer(815301076,1909f56bfc062723c751e8b465ee728b) (PreviewImporter) -> (artifact id: '00000000000000000000000000000000') in 0.0010144 seconds
Import Error Code:(4)
Message: Build asset version error: assets/scripts/hubscene/hubloadoutslotui.cs in SourceAssetDB has modification time of '2026-02-24T13:29:17.0065298Z' while content on disk has modification time of '2026-02-24T13:29:27.8109936Z'
  ERROR: Build asset version error: assets/scripts/hubscene/hubloadoutslotui.cs in SourceAssetDB has modification time of '2026-02-24T13:29:17.0065298Z' while content on disk has modification time of '2026-02-24T13:29:27.8109936Z'
Number of updated asset objects reloaded before import = 0Number of asset objects unloaded after import = 0

========================================================================
Received Import Request.
  Time since last request: 0.000039 seconds.
  path: Assets/Scripts/HubScene/HubLoadoutSlotUI.cs
  artifactKey: Guid(0e6c96ae7b176f645b2819eb876d017e) Importer(815301076,1909f56bfc062723c751e8b465ee728b)
Start importing Assets/Scripts/HubScene/HubLoadoutSlotUI.cs using Guid(0e6c96ae7b176f645b2819eb876d017e) Importer(815301076,1909f56bfc062723c751e8b465ee728b) (PreviewImporter) -> (artifact id: '00000000000000000000000000000000') in 0.0009738 seconds
Import Error Code:(4)
Message: Build asset version error: assets/scripts/hubscene/hubloadoutslotui.cs in SourceAssetDB has modification time of '2026-02-24T13:29:17.0065298Z' while content on disk has modification time of '2026-02-24T13:29:27.8109936Z'
  ERROR: Build asset version error: assets/scripts/hubscene/hubloadoutslotui.cs in SourceAssetDB has modification time of '2026-02-24T13:29:17.0065298Z' while content on disk has modification time of '2026-02-24T13:29:27.8109936Z'
Number of updated asset objects reloaded before import = 0Number of asset objects unloaded after import = 0

========================================================================
Received Import Request.
  Time since last request: 0.000024 seconds.
  path: Assets/Scripts/HubScene/HubLoadoutSlotUI.cs
  artifactKey: Guid(0e6c96ae7b176f645b2819eb876d017e) Importer(815301076,1909f56bfc062723c751e8b465ee728b)
Start importing Assets/Scripts/HubScene/HubLoadoutSlotUI.cs using Guid(0e6c96ae7b176f645b2819eb876d017e) Importer(815301076,1909f56bfc062723c751e8b465ee728b) (PreviewImporter) -> (artifact id: '00000000000000000000000000000000') in 0.0013613 seconds
Import Error Code:(4)
Message: Build asset version error: assets/scripts/hubscene/hubloadoutslotui.cs in SourceAssetDB has modification time of '2026-02-24T13:29:17.0065298Z' while content on disk has modification time of '2026-02-24T13:29:27.8109936Z'
  ERROR: Build asset version error: assets/scripts/hubscene/hubloadoutslotui.cs in SourceAssetDB has modification time of '2026-02-24T13:29:17.0065298Z' while content on disk has modification time of '2026-02-24T13:29:27.8109936Z'
Number of updated asset objects reloaded before import = 0Number of asset objects unloaded after import = 0

========================================================================
Received Import Request.
  Time since last request: 0.000024 seconds.
  path: Assets/Scripts/HubScene/HubLoadoutSlotUI.cs
  artifactKey: Guid(0e6c96ae7b176f645b2819eb876d017e) Importer(815301076,1909f56bfc062723c751e8b465ee728b)
Start importing Assets/Scripts/HubScene/HubLoadoutSlotUI.cs using Guid(0e6c96ae7b176f645b2819eb876d017e) Importer(815301076,1909f56bfc062723c751e8b465ee728b) (PreviewImporter) -> (artifact id: '00000000000000000000000000000000') in 0.0010912 seconds
Import Error Code:(4)
Message: Build asset version error: assets/scripts/hubscene/hubloadoutslotui.cs in SourceAssetDB has modification time of '2026-02-24T13:29:17.0065298Z' while content on disk has modification time of '2026-02-24T13:29:27.8109936Z'
  ERROR: Build asset version error: assets/scripts/hubscene/hubloadoutslotui.cs in SourceAssetDB has modification time of '2026-02-24T13:29:17.0065298Z' while content on disk has modification time of '2026-02-24T13:29:27.8109936Z'
Number of updated asset objects reloaded before import = 0Number of asset objects unloaded after import = 0

========================================================================
Received Import Request.
  Time since last request: 0.000031 seconds.
  path: Assets/Scripts/HubScene/HubLoadoutSlotUI.cs
  artifactKey: Guid(0e6c96ae7b176f645b2819eb876d017e) Importer(815301076,1909f56bfc062723c751e8b465ee728b)
Start importing Assets/Scripts/HubScene/HubLoadoutSlotUI.cs using Guid(0e6c96ae7b176f645b2819eb876d017e) Importer(815301076,1909f56bfc062723c751e8b465ee728b) (PreviewImporter) -> (artifact id: '00000000000000000000000000000000') in 0.0011842 seconds
Import Error Code:(4)
Message: Build asset version error: assets/scripts/hubscene/hubloadoutslotui.cs in SourceAssetDB has modification time of '2026-02-24T13:29:17.0065298Z' while content on disk has modification time of '2026-02-24T13:29:27.8109936Z'
  ERROR: Build asset version error: assets/scripts/hubscene/hubloadoutslotui.cs in SourceAssetDB has modification time of '2026-02-24T13:29:17.0065298Z' while content on disk has modification time of '2026-02-24T13:29:27.8109936Z'
Number of updated asset objects reloaded before import = 0Number of asset objects unloaded after import = 0

========================================================================
Received Import Request.
  Time since last request: 0.000050 seconds.
  path: Assets/Scripts/HubScene/HubLoadoutSlotUI.cs
  artifactKey: Guid(0e6c96ae7b176f645b2819eb876d017e) Importer(815301076,1909f56bfc062723c751e8b465ee728b)
Start importing Assets/Scripts/HubScene/HubLoadoutSlotUI.cs using Guid(0e6c96ae7b176f645b2819eb876d017e) Importer(815301076,1909f56bfc062723c751e8b465ee728b) (PreviewImporter) -> (artifact id: '00000000000000000000000000000000') in 0.0008723 seconds
Import Error Code:(4)
Message: Build asset version error: assets/scripts/hubscene/hubloadoutslotui.cs in SourceAssetDB has modification time of '2026-02-24T13:29:17.0065298Z' while content on disk has modification time of '2026-02-24T13:29:27.8109936Z'
  ERROR: Build asset version error: assets/scripts/hubscene/hubloadoutslotui.cs in SourceAssetDB has modification time of '2026-02-24T13:29:17.0065298Z' while content on disk has modification time of '2026-02-24T13:29:27.8109936Z'
Number of updated asset objects reloaded before import = 0Number of asset objects unloaded after import = 0

========================================================================
Received Import Request.
  Time since last request: 0.000025 seconds.
  path: Assets/Scripts/HubScene/HubLoadoutSlotUI.cs
  artifactKey: Guid(0e6c96ae7b176f645b2819eb876d017e) Importer(815301076,1909f56bfc062723c751e8b465ee728b)
Start importing Assets/Scripts/HubScene/HubLoadoutSlotUI.cs using Guid(0e6c96ae7b176f645b2819eb876d017e) Importer(815301076,1909f56bfc062723c751e8b465ee728b) (PreviewImporter) -> (artifact id: '00000000000000000000000000000000') in 0.0009153 seconds
Import Error Code:(4)
Message: Build asset version error: assets/scripts/hubscene/hubloadoutslotui.cs in SourceAssetDB has modification time of '2026-02-24T13:29:17.0065298Z' while content on disk has modification time of '2026-02-24T13:29:27.8109936Z'
  ERROR: Build asset version error: assets/scripts/hubscene/hubloadoutslotui.cs in SourceAssetDB has modification time of '2026-02-24T13:29:17.0065298Z' while content on disk has modification time of '2026-02-24T13:29:27.8109936Z'
Number of updated asset objects reloaded before import = 0Number of asset objects unloaded after import = 0

========================================================================
Received Import Request.
  Time since last request: 0.000022 seconds.
  path: Assets/Scripts/HubScene/HubLoadoutSlotUI.cs
  artifactKey: Guid(0e6c96ae7b176f645b2819eb876d017e) Importer(815301076,1909f56bfc062723c751e8b465ee728b)
Start importing Assets/Scripts/HubScene/HubLoadoutSlotUI.cs using Guid(0e6c96ae7b176f645b2819eb876d017e) Importer(815301076,1909f56bfc062723c751e8b465ee728b) (PreviewImporter) -> (artifact id: '00000000000000000000000000000000') in 0.0010307 seconds
Import Error Code:(4)
Message: Build asset version error: assets/scripts/hubscene/hubloadoutslotui.cs in SourceAssetDB has modification time of '2026-02-24T13:29:17.0065298Z' while content on disk has modification time of '2026-02-24T13:29:27.8109936Z'
  ERROR: Build asset version error: assets/scripts/hubscene/hubloadoutslotui.cs in SourceAssetDB has modification time of '2026-02-24T13:29:17.0065298Z' while content on disk has modification time of '2026-02-24T13:29:27.8109936Z'
Number of updated asset objects reloaded before import = 0Number of asset objects unloaded after import = 0

========================================================================
Received Import Request.
  Time since last request: 0.000049 seconds.
  path: Assets/Scripts/HubScene/HubLoadoutSlotUI.cs
  artifactKey: Guid(0e6c96ae7b176f645b2819eb876d017e) Importer(815301076,1909f56bfc062723c751e8b465ee728b)
Start importing Assets/Scripts/HubScene/HubLoadoutSlotUI.cs using Guid(0e6c96ae7b176f645b2819eb876d017e) Importer(815301076,1909f56bfc062723c751e8b465ee728b) (PreviewImporter) -> (artifact id: '00000000000000000000000000000000') in 0.0012408 seconds
Import Error Code:(4)
Message: Build asset version error: assets/scripts/hubscene/hubloadoutslotui.cs in SourceAssetDB has modification time of '2026-02-24T13:29:17.0065298Z' while content on disk has modification time of '2026-02-24T13:29:27.8109936Z'
  ERROR: Build asset version error: assets/scripts/hubscene/hubloadoutslotui.cs in SourceAssetDB has modification time of '2026-02-24T13:29:17.0065298Z' while content on disk has modification time of '2026-02-24T13:29:27.8109936Z'
Number of updated asset objects reloaded before import = 0Number of asset objects unloaded after import = 0

========================================================================
Received Import Request.
  Time since last request: 0.000041 seconds.
  path: Assets/Scripts/HubScene/HubLoadoutSlotUI.cs
  artifactKey: Guid(0e6c96ae7b176f645b2819eb876d017e) Importer(815301076,1909f56bfc062723c751e8b465ee728b)
Start importing Assets/Scripts/HubScene/HubLoadoutSlotUI.cs using Guid(0e6c96ae7b176f645b2819eb876d017e) Importer(815301076,1909f56bfc062723c751e8b465ee728b) (PreviewImporter) -> (artifact id: '00000000000000000000000000000000') in 0.0010174 seconds
Import Error Code:(4)
Message: Build asset version error: assets/scripts/hubscene/hubloadoutslotui.cs in SourceAssetDB has modification time of '2026-02-24T13:29:17.0065298Z' while content on disk has modification time of '2026-02-24T13:29:27.8109936Z'
  ERROR: Build asset version error: assets/scripts/hubscene/hubloadoutslotui.cs in SourceAssetDB has modification time of '2026-02-24T13:29:17.0065298Z' while content on disk has modification time of '2026-02-24T13:29:27.8109936Z'
Number of updated asset objects reloaded before import = 0Number of asset objects unloaded after import = 0

========================================================================
Received Import Request.
  Time since last request: 0.000023 seconds.
  path: Assets/Scripts/HubScene/HubLoadoutSlotUI.cs
  artifactKey: Guid(0e6c96ae7b176f645b2819eb876d017e) Importer(815301076,1909f56bfc062723c751e8b465ee728b)
Start importing Assets/Scripts/HubScene/HubLoadoutSlotUI.cs using Guid(0e6c96ae7b176f645b2819eb876d017e) Importer(815301076,1909f56bfc062723c751e8b465ee728b) (PreviewImporter) -> (artifact id: '00000000000000000000000000000000') in 0.001076 seconds
Import Error Code:(4)
Message: Build asset version error: assets/scripts/hubscene/hubloadoutslotui.cs in SourceAssetDB has modification time of '2026-02-24T13:29:17.0065298Z' while content on disk has modification time of '2026-02-24T13:29:27.8109936Z'
  ERROR: Build asset version error: assets/scripts/hubscene/hubloadoutslotui.cs in SourceAssetDB has modification time of '2026-02-24T13:29:17.0065298Z' while content on disk has modification time of '2026-02-24T13:29:27.8109936Z'
Number of updated asset objects reloaded before import = 0Number of asset objects unloaded after import = 0

========================================================================
Received Import Request.
  Time since last request: 0.000029 seconds.
  path: Assets/Scripts/HubScene/HubLoadoutSlotUI.cs
  artifactKey: Guid(0e6c96ae7b176f645b2819eb876d017e) Importer(815301076,1909f56bfc062723c751e8b465ee728b)
Start importing Assets/Scripts/HubScene/HubLoadoutSlotUI.cs using Guid(0e6c96ae7b176f645b2819eb876d017e) Importer(815301076,1909f56bfc062723c751e8b465ee728b) (PreviewImporter) -> (artifact id: '00000000000000000000000000000000') in 0.0012346 seconds
Import Error Code:(4)
Message: Build asset version error: assets/scripts/hubscene/hubloadoutslotui.cs in SourceAssetDB has modification time of '2026-02-24T13:29:17.0065298Z' while content on disk has modification time of '2026-02-24T13:29:27.8109936Z'
  ERROR: Build asset version error: assets/scripts/hubscene/hubloadoutslotui.cs in SourceAssetDB has modification time of '2026-02-24T13:29:17.0065298Z' while content on disk has modification time of '2026-02-24T13:29:27.8109936Z'
Number of updated asset objects reloaded before import = 0Number of asset objects unloaded after import = 0

========================================================================
Received Import Request.
  Time since last request: 0.000025 seconds.
  path: Assets/Scripts/HubScene/HubLoadoutSlotUI.cs
  artifactKey: Guid(0e6c96ae7b176f645b2819eb876d017e) Importer(815301076,1909f56bfc062723c751e8b465ee728b)
Start importing Assets/Scripts/HubScene/HubLoadoutSlotUI.cs using Guid(0e6c96ae7b176f645b2819eb876d017e) Importer(815301076,1909f56bfc062723c751e8b465ee728b) (PreviewImporter) -> (artifact id: '00000000000000000000000000000000') in 0.0014225 seconds
Import Error Code:(4)
Message: Build asset version error: assets/scripts/hubscene/hubloadoutslotui.cs in SourceAssetDB has modification time of '2026-02-24T13:29:17.0065298Z' while content on disk has modification time of '2026-02-24T13:29:27.8109936Z'
  ERROR: Build asset version error: assets/scripts/hubscene/hubloadoutslotui.cs in SourceAssetDB has modification time of '2026-02-24T13:29:17.0065298Z' while content on disk has modification time of '2026-02-24T13:29:27.8109936Z'
Number of updated asset objects reloaded before import = 0Number of asset objects unloaded after import = 0

========================================================================
Received Import Request.
  Time since last request: 0.000041 seconds.
  path: Assets/Scripts/HubScene/HubLoadoutSlotUI.cs
  artifactKey: Guid(0e6c96ae7b176f645b2819eb876d017e) Importer(815301076,1909f56bfc062723c751e8b465ee728b)
Start importing Assets/Scripts/HubScene/HubLoadoutSlotUI.cs using Guid(0e6c96ae7b176f645b2819eb876d017e) Importer(815301076,1909f56bfc062723c751e8b465ee728b) (PreviewImporter) -> (artifact id: '00000000000000000000000000000000') in 0.0009802 seconds
Import Error Code:(4)
Message: Build asset version error: assets/scripts/hubscene/hubloadoutslotui.cs in SourceAssetDB has modification time of '2026-02-24T13:29:17.0065298Z' while content on disk has modification time of '2026-02-24T13:29:27.8109936Z'
  ERROR: Build asset version error: assets/scripts/hubscene/hubloadoutslotui.cs in SourceAssetDB has modification time of '2026-02-24T13:29:17.0065298Z' while content on disk has modification time of '2026-02-24T13:29:27.8109936Z'
Number of updated asset objects reloaded before import = 0Number of asset objects unloaded after import = 0

========================================================================
Received Import Request.
  Time since last request: 0.000041 seconds.
  path: Assets/Scripts/HubScene/HubLoadoutSlotUI.cs
  artifactKey: Guid(0e6c96ae7b176f645b2819eb876d017e) Importer(815301076,1909f56bfc062723c751e8b465ee728b)
Start importing Assets/Scripts/HubScene/HubLoadoutSlotUI.cs using Guid(0e6c96ae7b176f645b2819eb876d017e) Importer(815301076,1909f56bfc062723c751e8b465ee728b) (PreviewImporter) -> (artifact id: '00000000000000000000000000000000') in 0.0012416 seconds
Import Error Code:(4)
Message: Build asset version error: assets/scripts/hubscene/hubloadoutslotui.cs in SourceAssetDB has modification time of '2026-02-24T13:29:17.0065298Z' while content on disk has modification time of '2026-02-24T13:29:27.8109936Z'
  ERROR: Build asset version error: assets/scripts/hubscene/hubloadoutslotui.cs in SourceAssetDB has modification time of '2026-02-24T13:29:17.0065298Z' while content on disk has modification time of '2026-02-24T13:29:27.8109936Z'
Number of updated asset objects reloaded before import = 0Number of asset objects unloaded after import = 0

========================================================================
Received Import Request.
  Time since last request: 0.000022 seconds.
  path: Assets/Scripts/HubScene/HubLoadoutSlotUI.cs
  artifactKey: Guid(0e6c96ae7b176f645b2819eb876d017e) Importer(815301076,1909f56bfc062723c751e8b465ee728b)
Start importing Assets/Scripts/HubScene/HubLoadoutSlotUI.cs using Guid(0e6c96ae7b176f645b2819eb876d017e) Importer(815301076,1909f56bfc062723c751e8b465ee728b) (PreviewImporter) -> (artifact id: '00000000000000000000000000000000') in 0.0012552 seconds
Import Error Code:(4)
Message: Build asset version error: assets/scripts/hubscene/hubloadoutslotui.cs in SourceAssetDB has modification time of '2026-02-24T13:29:17.0065298Z' while content on disk has modification time of '2026-02-24T13:29:27.8109936Z'
  ERROR: Build asset version error: assets/scripts/hubscene/hubloadoutslotui.cs in SourceAssetDB has modification time of '2026-02-24T13:29:17.0065298Z' while content on disk has modification time of '2026-02-24T13:29:27.8109936Z'
Number of updated asset objects reloaded before import = 0Number of asset objects unloaded after import = 0

========================================================================
Received Import Request.
  Time since last request: 0.000039 seconds.
  path: Assets/Scripts/HubScene/HubLoadoutSlotUI.cs
  artifactKey: Guid(0e6c96ae7b176f645b2819eb876d017e) Importer(815301076,1909f56bfc062723c751e8b465ee728b)
Start importing Assets/Scripts/HubScene/HubLoadoutSlotUI.cs using Guid(0e6c96ae7b176f645b2819eb876d017e) Importer(815301076,1909f56bfc062723c751e8b465ee728b) (PreviewImporter) -> (artifact id: '00000000000000000000000000000000') in 0.0011405 seconds
Import Error Code:(4)
Message: Build asset version error: assets/scripts/hubscene/hubloadoutslotui.cs in SourceAssetDB has modification time of '2026-02-24T13:29:17.0065298Z' while content on disk has modification time of '2026-02-24T13:29:27.8109936Z'
  ERROR: Build asset version error: assets/scripts/hubscene/hubloadoutslotui.cs in SourceAssetDB has modification time of '2026-02-24T13:29:17.0065298Z' while content on disk has modification time of '2026-02-24T13:29:27.8109936Z'
Number of updated asset objects reloaded before import = 0Number of asset objects unloaded after import = 0

========================================================================
Received Import Request.
  Time since last request: 0.000064 seconds.
  path: Assets/Scripts/HubScene/HubLoadoutSlotUI.cs
  artifactKey: Guid(0e6c96ae7b176f645b2819eb876d017e) Importer(815301076,1909f56bfc062723c751e8b465ee728b)
Start importing Assets/Scripts/HubScene/HubLoadoutSlotUI.cs using Guid(0e6c96ae7b176f645b2819eb876d017e) Importer(815301076,1909f56bfc062723c751e8b465ee728b) (PreviewImporter) -> (artifact id: '00000000000000000000000000000000') in 0.0013116 seconds
Import Error Code:(4)
Message: Build asset version error: assets/scripts/hubscene/hubloadoutslotui.cs in SourceAssetDB has modification time of '2026-02-24T13:29:17.0065298Z' while content on disk has modification time of '2026-02-24T13:29:27.8109936Z'
  ERROR: Build asset version error: assets/scripts/hubscene/hubloadoutslotui.cs in SourceAssetDB has modification time of '2026-02-24T13:29:17.0065298Z' while content on disk has modification time of '2026-02-24T13:29:27.8109936Z'
Number of updated asset objects reloaded before import = 0Number of asset objects unloaded after import = 0

========================================================================
Received Import Request.
  Time since last request: 0.000034 seconds.
  path: Assets/Scripts/HubScene/HubLoadoutSlotUI.cs
  artifactKey: Guid(0e6c96ae7b176f645b2819eb876d017e) Importer(815301076,1909f56bfc062723c751e8b465ee728b)
Start importing Assets/Scripts/HubScene/HubLoadoutSlotUI.cs using Guid(0e6c96ae7b176f645b2819eb876d017e) Importer(815301076,1909f56bfc062723c751e8b465ee728b) (PreviewImporter) -> (artifact id: '00000000000000000000000000000000') in 0.0010868 seconds
Import Error Code:(4)
Message: Build asset version error: assets/scripts/hubscene/hubloadoutslotui.cs in SourceAssetDB has modification time of '2026-02-24T13:29:17.0065298Z' while content on disk has modification time of '2026-02-24T13:29:27.8109936Z'
  ERROR: Build asset version error: assets/scripts/hubscene/hubloadoutslotui.cs in SourceAssetDB has modification time of '2026-02-24T13:29:17.0065298Z' while content on disk has modification time of '2026-02-24T13:29:27.8109936Z'
Number of updated asset objects reloaded before import = 0Number of asset objects unloaded after import = 0

========================================================================
Received Import Request.
  Time since last request: 0.000027 seconds.
  path: Assets/Scripts/HubScene/HubLoadoutSlotUI.cs
  artifactKey: Guid(0e6c96ae7b176f645b2819eb876d017e) Importer(815301076,1909f56bfc062723c751e8b465ee728b)
Start importing Assets/Scripts/HubScene/HubLoadoutSlotUI.cs using Guid(0e6c96ae7b176f645b2819eb876d017e) Importer(815301076,1909f56bfc062723c751e8b465ee728b) (PreviewImporter) -> (artifact id: '00000000000000000000000000000000') in 0.0010972 seconds
Import Error Code:(4)
Message: Build asset version error: assets/scripts/hubscene/hubloadoutslotui.cs in SourceAssetDB has modification time of '2026-02-24T13:29:17.0065298Z' while content on disk has modification time of '2026-02-24T13:29:27.8109936Z'
  ERROR: Build asset version error: assets/scripts/hubscene/hubloadoutslotui.cs in SourceAssetDB has modification time of '2026-02-24T13:29:17.0065298Z' while content on disk has modification time of '2026-02-24T13:29:27.8109936Z'
Number of updated asset objects reloaded before import = 0Number of asset objects unloaded after import = 0

========================================================================
Received Import Request.
  Time since last request: 0.000028 seconds.
  path: Assets/Scripts/HubScene/HubLoadoutSlotUI.cs
  artifactKey: Guid(0e6c96ae7b176f645b2819eb876d017e) Importer(815301076,1909f56bfc062723c751e8b465ee728b)
Start importing Assets/Scripts/HubScene/HubLoadoutSlotUI.cs using Guid(0e6c96ae7b176f645b2819eb876d017e) Importer(815301076,1909f56bfc062723c751e8b465ee728b) (PreviewImporter) -> (artifact id: '00000000000000000000000000000000') in 0.0012591 seconds
Import Error Code:(4)
Message: Build asset version error: assets/scripts/hubscene/hubloadoutslotui.cs in SourceAssetDB has modification time of '2026-02-24T13:29:17.0065298Z' while content on disk has modification time of '2026-02-24T13:29:27.8109936Z'
  ERROR: Build asset version error: assets/scripts/hubscene/hubloadoutslotui.cs in SourceAssetDB has modification time of '2026-02-24T13:29:17.0065298Z' while content on disk has modification time of '2026-02-24T13:29:27.8109936Z'
Number of updated asset objects reloaded before import = 0Number of asset objects unloaded after import = 0

========================================================================
Received Import Request.
  Time since last request: 0.000039 seconds.
  path: Assets/Scripts/HubScene/HubLoadoutSlotUI.cs
  artifactKey: Guid(0e6c96ae7b176f645b2819eb876d017e) Importer(815301076,1909f56bfc062723c751e8b465ee728b)
Start importing Assets/Scripts/HubScene/HubLoadoutSlotUI.cs using Guid(0e6c96ae7b176f645b2819eb876d017e) Importer(815301076,1909f56bfc062723c751e8b465ee728b) (PreviewImporter) -> (artifact id: '00000000000000000000000000000000') in 0.001157 seconds
Import Error Code:(4)
Message: Build asset version error: assets/scripts/hubscene/hubloadoutslotui.cs in SourceAssetDB has modification time of '2026-02-24T13:29:17.0065298Z' while content on disk has modification time of '2026-02-24T13:29:27.8109936Z'
  ERROR: Build asset version error: assets/scripts/hubscene/hubloadoutslotui.cs in SourceAssetDB has modification time of '2026-02-24T13:29:17.0065298Z' while content on disk has modification time of '2026-02-24T13:29:27.8109936Z'
Number of updated asset objects reloaded before import = 0Number of asset objects unloaded after import = 0

========================================================================
Received Import Request.
  Time since last request: 0.000040 seconds.
  path: Assets/Scripts/HubScene/HubLoadoutSlotUI.cs
  artifactKey: Guid(0e6c96ae7b176f645b2819eb876d017e) Importer(815301076,1909f56bfc062723c751e8b465ee728b)
Start importing Assets/Scripts/HubScene/HubLoadoutSlotUI.cs using Guid(0e6c96ae7b176f645b2819eb876d017e) Importer(815301076,1909f56bfc062723c751e8b465ee728b) (PreviewImporter) -> (artifact id: '00000000000000000000000000000000') in 0.0008475 seconds
Import Error Code:(4)
Message: Build asset version error: assets/scripts/hubscene/hubloadoutslotui.cs in SourceAssetDB has modification time of '2026-02-24T13:29:17.0065298Z' while content on disk has modification time of '2026-02-24T13:29:27.8109936Z'
  ERROR: Build asset version error: assets/scripts/hubscene/hubloadoutslotui.cs in SourceAssetDB has modification time of '2026-02-24T13:29:17.0065298Z' while content on disk has modification time of '2026-02-24T13:29:27.8109936Z'
Number of updated asset objects reloaded before import = 0Number of asset objects unloaded after import = 0

========================================================================
Received Import Request.
  Time since last request: 0.000026 seconds.
  path: Assets/Scripts/HubScene/HubLoadoutSlotUI.cs
  artifactKey: Guid(0e6c96ae7b176f645b2819eb876d017e) Importer(815301076,1909f56bfc062723c751e8b465ee728b)
Start importing Assets/Scripts/HubScene/HubLoadoutSlotUI.cs using Guid(0e6c96ae7b176f645b2819eb876d017e) Importer(815301076,1909f56bfc062723c751e8b465ee728b) (PreviewImporter) -> (artifact id: '00000000000000000000000000000000') in 0.0013261 seconds
Import Error Code:(4)
Message: Build asset version error: assets/scripts/hubscene/hubloadoutslotui.cs in SourceAssetDB has modification time of '2026-02-24T13:29:17.0065298Z' while content on disk has modification time of '2026-02-24T13:29:27.8109936Z'
  ERROR: Build asset version error: assets/scripts/hubscene/hubloadoutslotui.cs in SourceAssetDB has modification time of '2026-02-24T13:29:17.0065298Z' while content on disk has modification time of '2026-02-24T13:29:27.8109936Z'
Number of updated asset objects reloaded before import = 0Number of asset objects unloaded after import = 0

========================================================================
Received Import Request.
  Time since last request: 0.000047 seconds.
  path: Assets/Scripts/HubScene/HubLoadoutSlotUI.cs
  artifactKey: Guid(0e6c96ae7b176f645b2819eb876d017e) Importer(815301076,1909f56bfc062723c751e8b465ee728b)
Start importing Assets/Scripts/HubScene/HubLoadoutSlotUI.cs using Guid(0e6c96ae7b176f645b2819eb876d017e) Importer(815301076,1909f56bfc062723c751e8b465ee728b) (PreviewImporter) -> (artifact id: '00000000000000000000000000000000') in 0.0010149 seconds
Import Error Code:(4)
Message: Build asset version error: assets/scripts/hubscene/hubloadoutslotui.cs in SourceAssetDB has modification time of '2026-02-24T13:29:17.0065298Z' while content on disk has modification time of '2026-02-24T13:29:27.8109936Z'
  ERROR: Build asset version error: assets/scripts/hubscene/hubloadoutslotui.cs in SourceAssetDB has modification time of '2026-02-24T13:29:17.0065298Z' while content on disk has modification time of '2026-02-24T13:29:27.8109936Z'
Number of updated asset objects reloaded before import = 0Number of asset objects unloaded after import = 0

========================================================================
Received Import Request.
  Time since last request: 0.000038 seconds.
  path: Assets/Scripts/HubScene/HubLoadoutSlotUI.cs
  artifactKey: Guid(0e6c96ae7b176f645b2819eb876d017e) Importer(815301076,1909f56bfc062723c751e8b465ee728b)
Start importing Assets/Scripts/HubScene/HubLoadoutSlotUI.cs using Guid(0e6c96ae7b176f645b2819eb876d017e) Importer(815301076,1909f56bfc062723c751e8b465ee728b) (PreviewImporter) -> (artifact id: '00000000000000000000000000000000') in 0.0009541 seconds
Import Error Code:(4)
Message: Build asset version error: assets/scripts/hubscene/hubloadoutslotui.cs in SourceAssetDB has modification time of '2026-02-24T13:29:17.0065298Z' while content on disk has modification time of '2026-02-24T13:29:27.8109936Z'
  ERROR: Build asset version error: assets/scripts/hubscene/hubloadoutslotui.cs in SourceAssetDB has modification time of '2026-02-24T13:29:17.0065298Z' while content on disk has modification time of '2026-02-24T13:29:27.8109936Z'
Number of updated asset objects reloaded before import = 0Number of asset objects unloaded after import = 0

========================================================================
Received Import Request.
  Time since last request: 0.000022 seconds.
  path: Assets/Scripts/HubScene/HubLoadoutSlotUI.cs
  artifactKey: Guid(0e6c96ae7b176f645b2819eb876d017e) Importer(815301076,1909f56bfc062723c751e8b465ee728b)
Start importing Assets/Scripts/HubScene/HubLoadoutSlotUI.cs using Guid(0e6c96ae7b176f645b2819eb876d017e) Importer(815301076,1909f56bfc062723c751e8b465ee728b) (PreviewImporter) -> (artifact id: '00000000000000000000000000000000') in 0.0009918 seconds
Import Error Code:(4)
Message: Build asset version error: assets/scripts/hubscene/hubloadoutslotui.cs in SourceAssetDB has modification time of '2026-02-24T13:29:17.0065298Z' while content on disk has modification time of '2026-02-24T13:29:27.8109936Z'
  ERROR: Build asset version error: assets/scripts/hubscene/hubloadoutslotui.cs in SourceAssetDB has modification time of '2026-02-24T13:29:17.0065298Z' while content on disk has modification time of '2026-02-24T13:29:27.8109936Z'
Number of updated asset objects reloaded before import = 0Number of asset objects unloaded after import = 0

========================================================================
Received Import Request.
  Time since last request: 0.000024 seconds.
  path: Assets/Scripts/HubScene/HubLoadoutSlotUI.cs
  artifactKey: Guid(0e6c96ae7b176f645b2819eb876d017e) Importer(815301076,1909f56bfc062723c751e8b465ee728b)
Start importing Assets/Scripts/HubScene/HubLoadoutSlotUI.cs using Guid(0e6c96ae7b176f645b2819eb876d017e) Importer(815301076,1909f56bfc062723c751e8b465ee728b) (PreviewImporter) -> (artifact id: '00000000000000000000000000000000') in 0.0008941 seconds
Import Error Code:(4)
Message: Build asset version error: assets/scripts/hubscene/hubloadoutslotui.cs in SourceAssetDB has modification time of '2026-02-24T13:29:17.0065298Z' while content on disk has modification time of '2026-02-24T13:29:27.8109936Z'
  ERROR: Build asset version error: assets/scripts/hubscene/hubloadoutslotui.cs in SourceAssetDB has modification time of '2026-02-24T13:29:17.0065298Z' while content on disk has modification time of '2026-02-24T13:29:27.8109936Z'
Number of updated asset objects reloaded before import = 0Number of asset objects unloaded after import = 0

========================================================================
Received Import Request.
  Time since last request: 0.000025 seconds.
  path: Assets/Scripts/HubScene/HubLoadoutSlotUI.cs
  artifactKey: Guid(0e6c96ae7b176f645b2819eb876d017e) Importer(815301076,1909f56bfc062723c751e8b465ee728b)
Start importing Assets/Scripts/HubScene/HubLoadoutSlotUI.cs using Guid(0e6c96ae7b176f645b2819eb876d017e) Importer(815301076,1909f56bfc062723c751e8b465ee728b) (PreviewImporter) -> (artifact id: '00000000000000000000000000000000') in 0.000973 seconds
Import Error Code:(4)
Message: Build asset version error: assets/scripts/hubscene/hubloadoutslotui.cs in SourceAssetDB has modification time of '2026-02-24T13:29:17.0065298Z' while content on disk has modification time of '2026-02-24T13:29:27.8109936Z'
  ERROR: Build asset version error: assets/scripts/hubscene/hubloadoutslotui.cs in SourceAssetDB has modification time of '2026-02-24T13:29:17.0065298Z' while content on disk has modification time of '2026-02-24T13:29:27.8109936Z'
Number of updated asset objects reloaded before import = 0Number of asset objects unloaded after import = 0

========================================================================
Received Import Request.
  Time since last request: 0.000036 seconds.
  path: Assets/Scripts/HubScene/HubLoadoutSlotUI.cs
  artifactKey: Guid(0e6c96ae7b176f645b2819eb876d017e) Importer(815301076,1909f56bfc062723c751e8b465ee728b)
Start importing Assets/Scripts/HubScene/HubLoadoutSlotUI.cs using Guid(0e6c96ae7b176f645b2819eb876d017e) Importer(815301076,1909f56bfc062723c751e8b465ee728b) (PreviewImporter) -> (artifact id: '00000000000000000000000000000000') in 0.0009177 seconds
Import Error Code:(4)
Message: Build asset version error: assets/scripts/hubscene/hubloadoutslotui.cs in SourceAssetDB has modification time of '2026-02-24T13:29:17.0065298Z' while content on disk has modification time of '2026-02-24T13:29:27.8109936Z'
  ERROR: Build asset version error: assets/scripts/hubscene/hubloadoutslotui.cs in SourceAssetDB has modification time of '2026-02-24T13:29:17.0065298Z' while content on disk has modification time of '2026-02-24T13:29:27.8109936Z'
Number of updated asset objects reloaded before import = 0Number of asset objects unloaded after import = 0

========================================================================
Received Import Request.
  Time since last request: 0.000023 seconds.
  path: Assets/Scripts/HubScene/HubLoadoutSlotUI.cs
  artifactKey: Guid(0e6c96ae7b176f645b2819eb876d017e) Importer(815301076,1909f56bfc062723c751e8b465ee728b)
Start importing Assets/Scripts/HubScene/HubLoadoutSlotUI.cs using Guid(0e6c96ae7b176f645b2819eb876d017e) Importer(815301076,1909f56bfc062723c751e8b465ee728b) (PreviewImporter) -> (artifact id: '00000000000000000000000000000000') in 0.0011531 seconds
Import Error Code:(4)
Message: Build asset version error: assets/scripts/hubscene/hubloadoutslotui.cs in SourceAssetDB has modification time of '2026-02-24T13:29:17.0065298Z' while content on disk has modification time of '2026-02-24T13:29:27.8109936Z'
  ERROR: Build asset version error: assets/scripts/hubscene/hubloadoutslotui.cs in SourceAssetDB has modification time of '2026-02-24T13:29:17.0065298Z' while content on disk has modification time of '2026-02-24T13:29:27.8109936Z'
Number of updated asset objects reloaded before import = 0Number of asset objects unloaded after import = 0

========================================================================
Received Import Request.
  Time since last request: 0.000030 seconds.
  path: Assets/Scripts/HubScene/HubLoadoutSlotUI.cs
  artifactKey: Guid(0e6c96ae7b176f645b2819eb876d017e) Importer(815301076,1909f56bfc062723c751e8b465ee728b)
Start importing Assets/Scripts/HubScene/HubLoadoutSlotUI.cs using Guid(0e6c96ae7b176f645b2819eb876d017e) Importer(815301076,1909f56bfc062723c751e8b465ee728b) (PreviewImporter) -> (artifact id: '00000000000000000000000000000000') in 0.0010191 seconds
Import Error Code:(4)
Message: Build asset version error: assets/scripts/hubscene/hubloadoutslotui.cs in SourceAssetDB has modification time of '2026-02-24T13:29:17.0065298Z' while content on disk has modification time of '2026-02-24T13:29:27.8109936Z'
  ERROR: Build asset version error: assets/scripts/hubscene/hubloadoutslotui.cs in SourceAssetDB has modification time of '2026-02-24T13:29:17.0065298Z' while content on disk has modification time of '2026-02-24T13:29:27.8109936Z'
Number of updated asset objects reloaded before import = 0Number of asset objects unloaded after import = 0

========================================================================
Received Import Request.
  Time since last request: 0.000029 seconds.
  path: Assets/Scripts/HubScene/HubLoadoutSlotUI.cs
  artifactKey: Guid(0e6c96ae7b176f645b2819eb876d017e) Importer(815301076,1909f56bfc062723c751e8b465ee728b)
Start importing Assets/Scripts/HubScene/HubLoadoutSlotUI.cs using Guid(0e6c96ae7b176f645b2819eb876d017e) Importer(815301076,1909f56bfc062723c751e8b465ee728b) (PreviewImporter) -> (artifact id: '00000000000000000000000000000000') in 0.0015928 seconds
Import Error Code:(4)
Message: Build asset version error: assets/scripts/hubscene/hubloadoutslotui.cs in SourceAssetDB has modification time of '2026-02-24T13:29:17.0065298Z' while content on disk has modification time of '2026-02-24T13:29:27.8109936Z'
  ERROR: Build asset version error: assets/scripts/hubscene/hubloadoutslotui.cs in SourceAssetDB has modification time of '2026-02-24T13:29:17.0065298Z' while content on disk has modification time of '2026-02-24T13:29:27.8109936Z'
Number of updated asset objects reloaded before import = 0Number of asset objects unloaded after import = 0

========================================================================
Received Import Request.
  Time since last request: 0.000061 seconds.
  path: Assets/Scripts/HubScene/HubLoadoutSlotUI.cs
  artifactKey: Guid(0e6c96ae7b176f645b2819eb876d017e) Importer(815301076,1909f56bfc062723c751e8b465ee728b)
Start importing Assets/Scripts/HubScene/HubLoadoutSlotUI.cs using Guid(0e6c96ae7b176f645b2819eb876d017e) Importer(815301076,1909f56bfc062723c751e8b465ee728b) (PreviewImporter) -> (artifact id: '00000000000000000000000000000000') in 0.0016403 seconds
Import Error Code:(4)
Message: Build asset version error: assets/scripts/hubscene/hubloadoutslotui.cs in SourceAssetDB has modification time of '2026-02-24T13:29:17.0065298Z' while content on disk has modification time of '2026-02-24T13:29:27.8109936Z'
  ERROR: Build asset version error: assets/scripts/hubscene/hubloadoutslotui.cs in SourceAssetDB has modification time of '2026-02-24T13:29:17.0065298Z' while content on disk has modification time of '2026-02-24T13:29:27.8109936Z'
Number of updated asset objects reloaded before import = 0Number of asset objects unloaded after import = 0

========================================================================
Received Import Request.
  Time since last request: 0.000024 seconds.
  path: Assets/Scripts/HubScene/HubLoadoutSlotUI.cs
  artifactKey: Guid(0e6c96ae7b176f645b2819eb876d017e) Importer(815301076,1909f56bfc062723c751e8b465ee728b)
Start importing Assets/Scripts/HubScene/HubLoadoutSlotUI.cs using Guid(0e6c96ae7b176f645b2819eb876d017e) Importer(815301076,1909f56bfc062723c751e8b465ee728b) (PreviewImporter) -> (artifact id: '00000000000000000000000000000000') in 0.0010298 seconds
Import Error Code:(4)
Message: Build asset version error: assets/scripts/hubscene/hubloadoutslotui.cs in SourceAssetDB has modification time of '2026-02-24T13:29:17.0065298Z' while content on disk has modification time of '2026-02-24T13:29:27.8109936Z'
  ERROR: Build asset version error: assets/scripts/hubscene/hubloadoutslotui.cs in SourceAssetDB has modification time of '2026-02-24T13:29:17.0065298Z' while content on disk has modification time of '2026-02-24T13:29:27.8109936Z'
Number of updated asset objects reloaded before import = 0Number of asset objects unloaded after import = 0

========================================================================
Received Import Request.
  Time since last request: 0.000024 seconds.
  path: Assets/Scripts/HubScene/HubLoadoutSlotUI.cs
  artifactKey: Guid(0e6c96ae7b176f645b2819eb876d017e) Importer(815301076,1909f56bfc062723c751e8b465ee728b)
Start importing Assets/Scripts/HubScene/HubLoadoutSlotUI.cs using Guid(0e6c96ae7b176f645b2819eb876d017e) Importer(815301076,1909f56bfc062723c751e8b465ee728b) (PreviewImporter) -> (artifact id: '00000000000000000000000000000000') in 0.0013775 seconds
Import Error Code:(4)
Message: Build asset version error: assets/scripts/hubscene/hubloadoutslotui.cs in SourceAssetDB has modification time of '2026-02-24T13:29:17.0065298Z' while content on disk has modification time of '2026-02-24T13:29:27.8109936Z'
  ERROR: Build asset version error: assets/scripts/hubscene/hubloadoutslotui.cs in SourceAssetDB has modification time of '2026-02-24T13:29:17.0065298Z' while content on disk has modification time of '2026-02-24T13:29:27.8109936Z'
Number of updated asset objects reloaded before import = 0Number of asset objects unloaded after import = 0

========================================================================
Received Import Request.
  Time since last request: 0.000027 seconds.
  path: Assets/Scripts/HubScene/HubLoadoutSlotUI.cs
  artifactKey: Guid(0e6c96ae7b176f645b2819eb876d017e) Importer(815301076,1909f56bfc062723c751e8b465ee728b)
Start importing Assets/Scripts/HubScene/HubLoadoutSlotUI.cs using Guid(0e6c96ae7b176f645b2819eb876d017e) Importer(815301076,1909f56bfc062723c751e8b465ee728b) (PreviewImporter) -> (artifact id: '00000000000000000000000000000000') in 0.0015501 seconds
Import Error Code:(4)
Message: Build asset version error: assets/scripts/hubscene/hubloadoutslotui.cs in SourceAssetDB has modification time of '2026-02-24T13:29:17.0065298Z' while content on disk has modification time of '2026-02-24T13:29:27.8109936Z'
  ERROR: Build asset version error: assets/scripts/hubscene/hubloadoutslotui.cs in SourceAssetDB has modification time of '2026-02-24T13:29:17.0065298Z' while content on disk has modification time of '2026-02-24T13:29:27.8109936Z'
Number of updated asset objects reloaded before import = 0Number of asset objects unloaded after import = 0

========================================================================
Received Import Request.
  Time since last request: 0.000037 seconds.
  path: Assets/Scripts/HubScene/HubLoadoutSlotUI.cs
  artifactKey: Guid(0e6c96ae7b176f645b2819eb876d017e) Importer(815301076,1909f56bfc062723c751e8b465ee728b)
Start importing Assets/Scripts/HubScene/HubLoadoutSlotUI.cs using Guid(0e6c96ae7b176f645b2819eb876d017e) Importer(815301076,1909f56bfc062723c751e8b465ee728b) (PreviewImporter) -> (artifact id: '00000000000000000000000000000000') in 0.0009015 seconds
Import Error Code:(4)
Message: Build asset version error: assets/scripts/hubscene/hubloadoutslotui.cs in SourceAssetDB has modification time of '2026-02-24T13:29:17.0065298Z' while content on disk has modification time of '2026-02-24T13:29:27.8109936Z'
  ERROR: Build asset version error: assets/scripts/hubscene/hubloadoutslotui.cs in SourceAssetDB has modification time of '2026-02-24T13:29:17.0065298Z' while content on disk has modification time of '2026-02-24T13:29:27.8109936Z'
Number of updated asset objects reloaded before import = 0Number of asset objects unloaded after import = 0

========================================================================
Received Import Request.
  Time since last request: 0.000024 seconds.
  path: Assets/Scripts/HubScene/HubLoadoutSlotUI.cs
  artifactKey: Guid(0e6c96ae7b176f645b2819eb876d017e) Importer(815301076,1909f56bfc062723c751e8b465ee728b)
Start importing Assets/Scripts/HubScene/HubLoadoutSlotUI.cs using Guid(0e6c96ae7b176f645b2819eb876d017e) Importer(815301076,1909f56bfc062723c751e8b465ee728b) (PreviewImporter) -> (artifact id: '00000000000000000000000000000000') in 0.0012168 seconds
Import Error Code:(4)
Message: Build asset version error: assets/scripts/hubscene/hubloadoutslotui.cs in SourceAssetDB has modification time of '2026-02-24T13:29:17.0065298Z' while content on disk has modification time of '2026-02-24T13:29:27.8109936Z'
  ERROR: Build asset version error: assets/scripts/hubscene/hubloadoutslotui.cs in SourceAssetDB has modification time of '2026-02-24T13:29:17.0065298Z' while content on disk has modification time of '2026-02-24T13:29:27.8109936Z'
Number of updated asset objects reloaded before import = 0Number of asset objects unloaded after import = 0

========================================================================
Received Import Request.
  Time since last request: 0.000029 seconds.
  path: Assets/Scripts/HubScene/HubLoadoutSlotUI.cs
  artifactKey: Guid(0e6c96ae7b176f645b2819eb876d017e) Importer(815301076,1909f56bfc062723c751e8b465ee728b)
Start importing Assets/Scripts/HubScene/HubLoadoutSlotUI.cs using Guid(0e6c96ae7b176f645b2819eb876d017e) Importer(815301076,1909f56bfc062723c751e8b465ee728b) (PreviewImporter) -> (artifact id: '00000000000000000000000000000000') in 0.0008366 seconds
Import Error Code:(4)
Message: Build asset version error: assets/scripts/hubscene/hubloadoutslotui.cs in SourceAssetDB has modification time of '2026-02-24T13:29:17.0065298Z' while content on disk has modification time of '2026-02-24T13:29:27.8109936Z'
  ERROR: Build asset version error: assets/scripts/hubscene/hubloadoutslotui.cs in SourceAssetDB has modification time of '2026-02-24T13:29:17.0065298Z' while content on disk has modification time of '2026-02-24T13:29:27.8109936Z'
Number of updated asset objects reloaded before import = 0Number of asset objects unloaded after import = 0

========================================================================
Received Import Request.
  Time since last request: 0.000033 seconds.
  path: Assets/Scripts/HubScene/HubLoadoutSlotUI.cs
  artifactKey: Guid(0e6c96ae7b176f645b2819eb876d017e) Importer(815301076,1909f56bfc062723c751e8b465ee728b)
Start importing Assets/Scripts/HubScene/HubLoadoutSlotUI.cs using Guid(0e6c96ae7b176f645b2819eb876d017e) Importer(815301076,1909f56bfc062723c751e8b465ee728b) (PreviewImporter) -> (artifact id: '00000000000000000000000000000000') in 0.0010627 seconds
Import Error Code:(4)
Message: Build asset version error: assets/scripts/hubscene/hubloadoutslotui.cs in SourceAssetDB has modification time of '2026-02-24T13:29:17.0065298Z' while content on disk has modification time of '2026-02-24T13:29:27.8109936Z'
  ERROR: Build asset version error: assets/scripts/hubscene/hubloadoutslotui.cs in SourceAssetDB has modification time of '2026-02-24T13:29:17.0065298Z' while content on disk has modification time of '2026-02-24T13:29:27.8109936Z'
Number of updated asset objects reloaded before import = 0Number of asset objects unloaded after import = 0

========================================================================
Received Import Request.
  Time since last request: 0.000069 seconds.
  path: Assets/Scripts/HubScene/HubLoadoutSlotUI.cs
  artifactKey: Guid(0e6c96ae7b176f645b2819eb876d017e) Importer(815301076,1909f56bfc062723c751e8b465ee728b)
Start importing Assets/Scripts/HubScene/HubLoadoutSlotUI.cs using Guid(0e6c96ae7b176f645b2819eb876d017e) Importer(815301076,1909f56bfc062723c751e8b465ee728b) (PreviewImporter) -> (artifact id: '00000000000000000000000000000000') in 0.001193 seconds
Import Error Code:(4)
Message: Build asset version error: assets/scripts/hubscene/hubloadoutslotui.cs in SourceAssetDB has modification time of '2026-02-24T13:29:17.0065298Z' while content on disk has modification time of '2026-02-24T13:29:27.8109936Z'
  ERROR: Build asset version error: assets/scripts/hubscene/hubloadoutslotui.cs in SourceAssetDB has modification time of '2026-02-24T13:29:17.0065298Z' while content on disk has modification time of '2026-02-24T13:29:27.8109936Z'
Number of updated asset objects reloaded before import = 0Number of asset objects unloaded after import = 0

========================================================================
Received Import Request.
  Time since last request: 0.000023 seconds.
  path: Assets/Scripts/HubScene/HubLoadoutSlotUI.cs
  artifactKey: Guid(0e6c96ae7b176f645b2819eb876d017e) Importer(815301076,1909f56bfc062723c751e8b465ee728b)
Start importing Assets/Scripts/HubScene/HubLoadoutSlotUI.cs using Guid(0e6c96ae7b176f645b2819eb876d017e) Importer(815301076,1909f56bfc062723c751e8b465ee728b) (PreviewImporter) -> (artifact id: '00000000000000000000000000000000') in 0.0013519 seconds
Import Error Code:(4)
Message: Build asset version error: assets/scripts/hubscene/hubloadoutslotui.cs in SourceAssetDB has modification time of '2026-02-24T13:29:17.0065298Z' while content on disk has modification time of '2026-02-24T13:29:27.8109936Z'
  ERROR: Build asset version error: assets/scripts/hubscene/hubloadoutslotui.cs in SourceAssetDB has modification time of '2026-02-24T13:29:17.0065298Z' while content on disk has modification time of '2026-02-24T13:29:27.8109936Z'
Number of updated asset objects reloaded before import = 0Number of asset objects unloaded after import = 0

========================================================================
Received Import Request.
  Time since last request: 0.000024 seconds.
  path: Assets/Scripts/HubScene/HubLoadoutSlotUI.cs
  artifactKey: Guid(0e6c96ae7b176f645b2819eb876d017e) Importer(815301076,1909f56bfc062723c751e8b465ee728b)
Start importing Assets/Scripts/HubScene/HubLoadoutSlotUI.cs using Guid(0e6c96ae7b176f645b2819eb876d017e) Importer(815301076,1909f56bfc062723c751e8b465ee728b) (PreviewImporter) -> (artifact id: '00000000000000000000000000000000') in 0.0010989 seconds
Import Error Code:(4)
Message: Build asset version error: assets/scripts/hubscene/hubloadoutslotui.cs in SourceAssetDB has modification time of '2026-02-24T13:29:17.0065298Z' while content on disk has modification time of '2026-02-24T13:29:27.8109936Z'
  ERROR: Build asset version error: assets/scripts/hubscene/hubloadoutslotui.cs in SourceAssetDB has modification time of '2026-02-24T13:29:17.0065298Z' while content on disk has modification time of '2026-02-24T13:29:27.8109936Z'
Number of updated asset objects reloaded before import = 0Number of asset objects unloaded after import = 0

========================================================================
Received Import Request.
  Time since last request: 0.000031 seconds.
  path: Assets/Scripts/HubScene/HubLoadoutSlotUI.cs
  artifactKey: Guid(0e6c96ae7b176f645b2819eb876d017e) Importer(815301076,1909f56bfc062723c751e8b465ee728b)
Start importing Assets/Scripts/HubScene/HubLoadoutSlotUI.cs using Guid(0e6c96ae7b176f645b2819eb876d017e) Importer(815301076,1909f56bfc062723c751e8b465ee728b) (PreviewImporter) -> (artifact id: '00000000000000000000000000000000') in 0.0013212 seconds
Import Error Code:(4)
Message: Build asset version error: assets/scripts/hubscene/hubloadoutslotui.cs in SourceAssetDB has modification time of '2026-02-24T13:29:17.0065298Z' while content on disk has modification time of '2026-02-24T13:29:27.8109936Z'
  ERROR: Build asset version error: assets/scripts/hubscene/hubloadoutslotui.cs in SourceAssetDB has modification time of '2026-02-24T13:29:17.0065298Z' while content on disk has modification time of '2026-02-24T13:29:27.8109936Z'
Number of updated asset objects reloaded before import = 0Number of asset objects unloaded after import = 0

========================================================================
Received Import Request.
  Time since last request: 0.000067 seconds.
  path: Assets/Scripts/HubScene/HubLoadoutSlotUI.cs
  artifactKey: Guid(0e6c96ae7b176f645b2819eb876d017e) Importer(815301076,1909f56bfc062723c751e8b465ee728b)
Start importing Assets/Scripts/HubScene/HubLoadoutSlotUI.cs using Guid(0e6c96ae7b176f645b2819eb876d017e) Importer(815301076,1909f56bfc062723c751e8b465ee728b) (PreviewImporter) -> (artifact id: '00000000000000000000000000000000') in 0.0010927 seconds
Import Error Code:(4)
Message: Build asset version error: assets/scripts/hubscene/hubloadoutslotui.cs in SourceAssetDB has modification time of '2026-02-24T13:29:17.0065298Z' while content on disk has modification time of '2026-02-24T13:29:27.8109936Z'
  ERROR: Build asset version error: assets/scripts/hubscene/hubloadoutslotui.cs in SourceAssetDB has modification time of '2026-02-24T13:29:17.0065298Z' while content on disk has modification time of '2026-02-24T13:29:27.8109936Z'
Number of updated asset objects reloaded before import = 0Number of asset objects unloaded after import = 0

========================================================================
Received Import Request.
  Time since last request: 0.000027 seconds.
  path: Assets/Scripts/HubScene/HubLoadoutSlotUI.cs
  artifactKey: Guid(0e6c96ae7b176f645b2819eb876d017e) Importer(815301076,1909f56bfc062723c751e8b465ee728b)
Start importing Assets/Scripts/HubScene/HubLoadoutSlotUI.cs using Guid(0e6c96ae7b176f645b2819eb876d017e) Importer(815301076,1909f56bfc062723c751e8b465ee728b) (PreviewImporter) -> (artifact id: '00000000000000000000000000000000') in 0.0010482 seconds
Import Error Code:(4)
Message: Build asset version error: assets/scripts/hubscene/hubloadoutslotui.cs in SourceAssetDB has modification time of '2026-02-24T13:29:17.0065298Z' while content on disk has modification time of '2026-02-24T13:29:27.8109936Z'
  ERROR: Build asset version error: assets/scripts/hubscene/hubloadoutslotui.cs in SourceAssetDB has modification time of '2026-02-24T13:29:17.0065298Z' while content on disk has modification time of '2026-02-24T13:29:27.8109936Z'
Number of updated asset objects reloaded before import = 0Number of asset objects unloaded after import = 0

========================================================================
Received Import Request.
  Time since last request: 0.000033 seconds.
  path: Assets/Scripts/HubScene/HubLoadoutSlotUI.cs
  artifactKey: Guid(0e6c96ae7b176f645b2819eb876d017e) Importer(815301076,1909f56bfc062723c751e8b465ee728b)
Start importing Assets/Scripts/HubScene/HubLoadoutSlotUI.cs using Guid(0e6c96ae7b176f645b2819eb876d017e) Importer(815301076,1909f56bfc062723c751e8b465ee728b) (PreviewImporter) -> (artifact id: '00000000000000000000000000000000') in 0.0010006 seconds
Import Error Code:(4)
Message: Build asset version error: assets/scripts/hubscene/hubloadoutslotui.cs in SourceAssetDB has modification time of '2026-02-24T13:29:17.0065298Z' while content on disk has modification time of '2026-02-24T13:29:27.8109936Z'
  ERROR: Build asset version error: assets/scripts/hubscene/hubloadoutslotui.cs in SourceAssetDB has modification time of '2026-02-24T13:29:17.0065298Z' while content on disk has modification time of '2026-02-24T13:29:27.8109936Z'
Number of updated asset objects reloaded before import = 0Number of asset objects unloaded after import = 0

========================================================================
Received Import Request.
  Time since last request: 0.000032 seconds.
  path: Assets/Scripts/HubScene/HubLoadoutSlotUI.cs
  artifactKey: Guid(0e6c96ae7b176f645b2819eb876d017e) Importer(815301076,1909f56bfc062723c751e8b465ee728b)
Start importing Assets/Scripts/HubScene/HubLoadoutSlotUI.cs using Guid(0e6c96ae7b176f645b2819eb876d017e) Importer(815301076,1909f56bfc062723c751e8b465ee728b) (PreviewImporter) -> (artifact id: '00000000000000000000000000000000') in 0.0009038 seconds
Import Error Code:(4)
Message: Build asset version error: assets/scripts/hubscene/hubloadoutslotui.cs in SourceAssetDB has modification time of '2026-02-24T13:29:17.0065298Z' while content on disk has modification time of '2026-02-24T13:29:27.8109936Z'
  ERROR: Build asset version error: assets/scripts/hubscene/hubloadoutslotui.cs in SourceAssetDB has modification time of '2026-02-24T13:29:17.0065298Z' while content on disk has modification time of '2026-02-24T13:29:27.8109936Z'
Number of updated asset objects reloaded before import = 0Number of asset objects unloaded after import = 0

========================================================================
Received Import Request.
  Time since last request: 0.000041 seconds.
  path: Assets/Scripts/HubScene/HubLoadoutSlotUI.cs
  artifactKey: Guid(0e6c96ae7b176f645b2819eb876d017e) Importer(815301076,1909f56bfc062723c751e8b465ee728b)
Start importing Assets/Scripts/HubScene/HubLoadoutSlotUI.cs using Guid(0e6c96ae7b176f645b2819eb876d017e) Importer(815301076,1909f56bfc062723c751e8b465ee728b) (PreviewImporter) -> (artifact id: '00000000000000000000000000000000') in 0.0008369 seconds
Import Error Code:(4)
Message: Build asset version error: assets/scripts/hubscene/hubloadoutslotui.cs in SourceAssetDB has modification time of '2026-02-24T13:29:17.0065298Z' while content on disk has modification time of '2026-02-24T13:29:27.8109936Z'
  ERROR: Build asset version error: assets/scripts/hubscene/hubloadoutslotui.cs in SourceAssetDB has modification time of '2026-02-24T13:29:17.0065298Z' while content on disk has modification time of '2026-02-24T13:29:27.8109936Z'
Number of updated asset objects reloaded before import = 0Number of asset objects unloaded after import = 0

========================================================================
Received Import Request.
  Time since last request: 0.000028 seconds.
  path: Assets/Scripts/HubScene/HubLoadoutSlotUI.cs
  artifactKey: Guid(0e6c96ae7b176f645b2819eb876d017e) Importer(815301076,1909f56bfc062723c751e8b465ee728b)
Start importing Assets/Scripts/HubScene/HubLoadoutSlotUI.cs using Guid(0e6c96ae7b176f645b2819eb876d017e) Importer(815301076,1909f56bfc062723c751e8b465ee728b) (PreviewImporter) -> (artifact id: '00000000000000000000000000000000') in 0.0012161 seconds
Import Error Code:(4)
Message: Build asset version error: assets/scripts/hubscene/hubloadoutslotui.cs in SourceAssetDB has modification time of '2026-02-24T13:29:17.0065298Z' while content on disk has modification time of '2026-02-24T13:29:27.8109936Z'
  ERROR: Build asset version error: assets/scripts/hubscene/hubloadoutslotui.cs in SourceAssetDB has modification time of '2026-02-24T13:29:17.0065298Z' while content on disk has modification time of '2026-02-24T13:29:27.8109936Z'
Number of updated asset objects reloaded before import = 0Number of asset objects unloaded after import = 0

========================================================================
Received Import Request.
  Time since last request: 0.000023 seconds.
  path: Assets/Scripts/HubScene/HubLoadoutSlotUI.cs
  artifactKey: Guid(0e6c96ae7b176f645b2819eb876d017e) Importer(815301076,1909f56bfc062723c751e8b465ee728b)
Start importing Assets/Scripts/HubScene/HubLoadoutSlotUI.cs using Guid(0e6c96ae7b176f645b2819eb876d017e) Importer(815301076,1909f56bfc062723c751e8b465ee728b) (PreviewImporter) -> (artifact id: '00000000000000000000000000000000') in 0.0008783 seconds
Import Error Code:(4)
Message: Build asset version error: assets/scripts/hubscene/hubloadoutslotui.cs in SourceAssetDB has modification time of '2026-02-24T13:29:17.0065298Z' while content on disk has modification time of '2026-02-24T13:29:27.8109936Z'
  ERROR: Build asset version error: assets/scripts/hubscene/hubloadoutslotui.cs in SourceAssetDB has modification time of '2026-02-24T13:29:17.0065298Z' while content on disk has modification time of '2026-02-24T13:29:27.8109936Z'
Number of updated asset objects reloaded before import = 0Number of asset objects unloaded after import = 0

========================================================================
Received Import Request.
  Time since last request: 0.000029 seconds.
  path: Assets/Scripts/HubScene/HubLoadoutSlotUI.cs
  artifactKey: Guid(0e6c96ae7b176f645b2819eb876d017e) Importer(815301076,1909f56bfc062723c751e8b465ee728b)
Start importing Assets/Scripts/HubScene/HubLoadoutSlotUI.cs using Guid(0e6c96ae7b176f645b2819eb876d017e) Importer(815301076,1909f56bfc062723c751e8b465ee728b) (PreviewImporter) -> (artifact id: '00000000000000000000000000000000') in 0.0010983 seconds
Import Error Code:(4)
Message: Build asset version error: assets/scripts/hubscene/hubloadoutslotui.cs in SourceAssetDB has modification time of '2026-02-24T13:29:17.0065298Z' while content on disk has modification time of '2026-02-24T13:29:27.8109936Z'
  ERROR: Build asset version error: assets/scripts/hubscene/hubloadoutslotui.cs in SourceAssetDB has modification time of '2026-02-24T13:29:17.0065298Z' while content on disk has modification time of '2026-02-24T13:29:27.8109936Z'
Number of updated asset objects reloaded before import = 0Number of asset objects unloaded after import = 0

========================================================================
Received Import Request.
  Time since last request: 0.000041 seconds.
  path: Assets/Scripts/HubScene/HubLoadoutSlotUI.cs
  artifactKey: Guid(0e6c96ae7b176f645b2819eb876d017e) Importer(815301076,1909f56bfc062723c751e8b465ee728b)
Start importing Assets/Scripts/HubScene/HubLoadoutSlotUI.cs using Guid(0e6c96ae7b176f645b2819eb876d017e) Importer(815301076,1909f56bfc062723c751e8b465ee728b) (PreviewImporter) -> (artifact id: '00000000000000000000000000000000') in 0.0012109 seconds
Import Error Code:(4)
Message: Build asset version error: assets/scripts/hubscene/hubloadoutslotui.cs in SourceAssetDB has modification time of '2026-02-24T13:29:17.0065298Z' while content on disk has modification time of '2026-02-24T13:29:27.8109936Z'
  ERROR: Build asset version error: assets/scripts/hubscene/hubloadoutslotui.cs in SourceAssetDB has modification time of '2026-02-24T13:29:17.0065298Z' while content on disk has modification time of '2026-02-24T13:29:27.8109936Z'
Number of updated asset objects reloaded before import = 0Number of asset objects unloaded after import = 0

========================================================================
Received Import Request.
  Time since last request: 0.000029 seconds.
  path: Assets/Scripts/HubScene/HubLoadoutSlotUI.cs
  artifactKey: Guid(0e6c96ae7b176f645b2819eb876d017e) Importer(815301076,1909f56bfc062723c751e8b465ee728b)
Start importing Assets/Scripts/HubScene/HubLoadoutSlotUI.cs using Guid(0e6c96ae7b176f645b2819eb876d017e) Importer(815301076,1909f56bfc062723c751e8b465ee728b) (PreviewImporter) -> (artifact id: '00000000000000000000000000000000') in 0.0013772 seconds
Import Error Code:(4)
Message: Build asset version error: assets/scripts/hubscene/hubloadoutslotui.cs in SourceAssetDB has modification time of '2026-02-24T13:29:17.0065298Z' while content on disk has modification time of '2026-02-24T13:29:27.8109936Z'
  ERROR: Build asset version error: assets/scripts/hubscene/hubloadoutslotui.cs in SourceAssetDB has modification time of '2026-02-24T13:29:17.0065298Z' while content on disk has modification time of '2026-02-24T13:29:27.8109936Z'
Number of updated asset objects reloaded before import = 0Number of asset objects unloaded after import = 0

========================================================================
Received Import Request.
  Time since last request: 0.000024 seconds.
  path: Assets/Scripts/HubScene/HubLoadoutSlotUI.cs
  artifactKey: Guid(0e6c96ae7b176f645b2819eb876d017e) Importer(815301076,1909f56bfc062723c751e8b465ee728b)
Start importing Assets/Scripts/HubScene/HubLoadoutSlotUI.cs using Guid(0e6c96ae7b176f645b2819eb876d017e) Importer(815301076,1909f56bfc062723c751e8b465ee728b) (PreviewImporter) -> (artifact id: '00000000000000000000000000000000') in 0.0012044 seconds
Import Error Code:(4)
Message: Build asset version error: assets/scripts/hubscene/hubloadoutslotui.cs in SourceAssetDB has modification time of '2026-02-24T13:29:17.0065298Z' while content on disk has modification time of '2026-02-24T13:29:27.8109936Z'
  ERROR: Build asset version error: assets/scripts/hubscene/hubloadoutslotui.cs in SourceAssetDB has modification time of '2026-02-24T13:29:17.0065298Z' while content on disk has modification time of '2026-02-24T13:29:27.8109936Z'
Number of updated asset objects reloaded before import = 0Number of asset objects unloaded after import = 0

========================================================================
Received Import Request.
  Time since last request: 0.000026 seconds.
  path: Assets/Scripts/HubScene/HubLoadoutSlotUI.cs
  artifactKey: Guid(0e6c96ae7b176f645b2819eb876d017e) Importer(815301076,1909f56bfc062723c751e8b465ee728b)
Start importing Assets/Scripts/HubScene/HubLoadoutSlotUI.cs using Guid(0e6c96ae7b176f645b2819eb876d017e) Importer(815301076,1909f56bfc062723c751e8b465ee728b) (PreviewImporter) -> (artifact id: '00000000000000000000000000000000') in 0.0009215 seconds
Import Error Code:(4)
Message: Build asset version error: assets/scripts/hubscene/hubloadoutslotui.cs in SourceAssetDB has modification time of '2026-02-24T13:29:17.0065298Z' while content on disk has modification time of '2026-02-24T13:29:27.8109936Z'
  ERROR: Build asset version error: assets/scripts/hubscene/hubloadoutslotui.cs in SourceAssetDB has modification time of '2026-02-24T13:29:17.0065298Z' while content on disk has modification time of '2026-02-24T13:29:27.8109936Z'
Number of updated asset objects reloaded before import = 0Number of asset objects unloaded after import = 0

========================================================================
Received Import Request.
  Time since last request: 0.000044 seconds.
  path: Assets/Scripts/HubScene/HubLoadoutSlotUI.cs
  artifactKey: Guid(0e6c96ae7b176f645b2819eb876d017e) Importer(815301076,1909f56bfc062723c751e8b465ee728b)
Start importing Assets/Scripts/HubScene/HubLoadoutSlotUI.cs using Guid(0e6c96ae7b176f645b2819eb876d017e) Importer(815301076,1909f56bfc062723c751e8b465ee728b) (PreviewImporter) -> (artifact id: '00000000000000000000000000000000') in 0.001074 seconds
Import Error Code:(4)
Message: Build asset version error: assets/scripts/hubscene/hubloadoutslotui.cs in SourceAssetDB has modification time of '2026-02-24T13:29:17.0065298Z' while content on disk has modification time of '2026-02-24T13:29:27.8109936Z'
  ERROR: Build asset version error: assets/scripts/hubscene/hubloadoutslotui.cs in SourceAssetDB has modification time of '2026-02-24T13:29:17.0065298Z' while content on disk has modification time of '2026-02-24T13:29:27.8109936Z'
Number of updated asset objects reloaded before import = 0Number of asset objects unloaded after import = 0

========================================================================
Received Import Request.
  Time since last request: 0.000024 seconds.
  path: Assets/Scripts/HubScene/HubLoadoutSlotUI.cs
  artifactKey: Guid(0e6c96ae7b176f645b2819eb876d017e) Importer(815301076,1909f56bfc062723c751e8b465ee728b)
Start importing Assets/Scripts/HubScene/HubLoadoutSlotUI.cs using Guid(0e6c96ae7b176f645b2819eb876d017e) Importer(815301076,1909f56bfc062723c751e8b465ee728b) (PreviewImporter) -> (artifact id: '00000000000000000000000000000000') in 0.0016344 seconds
Import Error Code:(4)
Message: Build asset version error: assets/scripts/hubscene/hubloadoutslotui.cs in SourceAssetDB has modification time of '2026-02-24T13:29:17.0065298Z' while content on disk has modification time of '2026-02-24T13:29:27.8109936Z'
  ERROR: Build asset version error: assets/scripts/hubscene/hubloadoutslotui.cs in SourceAssetDB has modification time of '2026-02-24T13:29:17.0065298Z' while content on disk has modification time of '2026-02-24T13:29:27.8109936Z'
Number of updated asset objects reloaded before import = 0Number of asset objects unloaded after import = 0

========================================================================
Received Import Request.
  Time since last request: 0.000026 seconds.
  path: Assets/Scripts/HubScene/HubLoadoutSlotUI.cs
  artifactKey: Guid(0e6c96ae7b176f645b2819eb876d017e) Importer(815301076,1909f56bfc062723c751e8b465ee728b)
Start importing Assets/Scripts/HubScene/HubLoadoutSlotUI.cs using Guid(0e6c96ae7b176f645b2819eb876d017e) Importer(815301076,1909f56bfc062723c751e8b465ee728b) (PreviewImporter) -> (artifact id: '00000000000000000000000000000000') in 0.0010812 seconds
Import Error Code:(4)
Message: Build asset version error: assets/scripts/hubscene/hubloadoutslotui.cs in SourceAssetDB has modification time of '2026-02-24T13:29:17.0065298Z' while content on disk has modification time of '2026-02-24T13:29:27.8109936Z'
  ERROR: Build asset version error: assets/scripts/hubscene/hubloadoutslotui.cs in SourceAssetDB has modification time of '2026-02-24T13:29:17.0065298Z' while content on disk has modification time of '2026-02-24T13:29:27.8109936Z'
Number of updated asset objects reloaded before import = 0Number of asset objects unloaded after import = 0

========================================================================
Received Import Request.
  Time since last request: 0.000033 seconds.
  path: Assets/Scripts/HubScene/HubLoadoutSlotUI.cs
  artifactKey: Guid(0e6c96ae7b176f645b2819eb876d017e) Importer(815301076,1909f56bfc062723c751e8b465ee728b)
Start importing Assets/Scripts/HubScene/HubLoadoutSlotUI.cs using Guid(0e6c96ae7b176f645b2819eb876d017e) Importer(815301076,1909f56bfc062723c751e8b465ee728b) (PreviewImporter) -> (artifact id: '00000000000000000000000000000000') in 0.0010046 seconds
Import Error Code:(4)
Message: Build asset version error: assets/scripts/hubscene/hubloadoutslotui.cs in SourceAssetDB has modification time of '2026-02-24T13:29:17.0065298Z' while content on disk has modification time of '2026-02-24T13:29:27.8109936Z'
  ERROR: Build asset version error: assets/scripts/hubscene/hubloadoutslotui.cs in SourceAssetDB has modification time of '2026-02-24T13:29:17.0065298Z' while content on disk has modification time of '2026-02-24T13:29:27.8109936Z'
Number of updated asset objects reloaded before import = 0Number of asset objects unloaded after import = 0

========================================================================
Received Import Request.
  Time since last request: 0.000064 seconds.
  path: Assets/Scripts/HubScene/HubLoadoutSlotUI.cs
  artifactKey: Guid(0e6c96ae7b176f645b2819eb876d017e) Importer(815301076,1909f56bfc062723c751e8b465ee728b)
Start importing Assets/Scripts/HubScene/HubLoadoutSlotUI.cs using Guid(0e6c96ae7b176f645b2819eb876d017e) Importer(815301076,1909f56bfc062723c751e8b465ee728b) (PreviewImporter) -> (artifact id: '00000000000000000000000000000000') in 0.0013742 seconds
Import Error Code:(4)
Message: Build asset version error: assets/scripts/hubscene/hubloadoutslotui.cs in SourceAssetDB has modification time of '2026-02-24T13:29:17.0065298Z' while content on disk has modification time of '2026-02-24T13:29:27.8109936Z'
  ERROR: Build asset version error: assets/scripts/hubscene/hubloadoutslotui.cs in SourceAssetDB has modification time of '2026-02-24T13:29:17.0065298Z' while content on disk has modification time of '2026-02-24T13:29:27.8109936Z'
Number of updated asset objects reloaded before import = 0Number of asset objects unloaded after import = 0

========================================================================
Received Import Request.
  Time since last request: 0.000025 seconds.
  path: Assets/Scripts/HubScene/HubLoadoutSlotUI.cs
  artifactKey: Guid(0e6c96ae7b176f645b2819eb876d017e) Importer(815301076,1909f56bfc062723c751e8b465ee728b)
Start importing Assets/Scripts/HubScene/HubLoadoutSlotUI.cs using Guid(0e6c96ae7b176f645b2819eb876d017e) Importer(815301076,1909f56bfc062723c751e8b465ee728b) (PreviewImporter) -> (artifact id: '00000000000000000000000000000000') in 0.0014124 seconds
Import Error Code:(4)
Message: Build asset version error: assets/scripts/hubscene/hubloadoutslotui.cs in SourceAssetDB has modification time of '2026-02-24T13:29:17.0065298Z' while content on disk has modification time of '2026-02-24T13:29:27.8109936Z'
  ERROR: Build asset version error: assets/scripts/hubscene/hubloadoutslotui.cs in SourceAssetDB has modification time of '2026-02-24T13:29:17.0065298Z' while content on disk has modification time of '2026-02-24T13:29:27.8109936Z'
Number of updated asset objects reloaded before import = 0Number of asset objects unloaded after import = 0

========================================================================
Received Import Request.
  Time since last request: 0.000026 seconds.
  path: Assets/Scripts/HubScene/HubLoadoutSlotUI.cs
  artifactKey: Guid(0e6c96ae7b176f645b2819eb876d017e) Importer(815301076,1909f56bfc062723c751e8b465ee728b)
Start importing Assets/Scripts/HubScene/HubLoadoutSlotUI.cs using Guid(0e6c96ae7b176f645b2819eb876d017e) Importer(815301076,1909f56bfc062723c751e8b465ee728b) (PreviewImporter) -> (artifact id: '00000000000000000000000000000000') in 0.0011595 seconds
Import Error Code:(4)
Message: Build asset version error: assets/scripts/hubscene/hubloadoutslotui.cs in SourceAssetDB has modification time of '2026-02-24T13:29:17.0065298Z' while content on disk has modification time of '2026-02-24T13:29:27.8109936Z'
  ERROR: Build asset version error: assets/scripts/hubscene/hubloadoutslotui.cs in SourceAssetDB has modification time of '2026-02-24T13:29:17.0065298Z' while content on disk has modification time of '2026-02-24T13:29:27.8109936Z'
Number of updated asset objects reloaded before import = 0Number of asset objects unloaded after import = 0

========================================================================
Received Import Request.
  Time since last request: 0.000048 seconds.
  path: Assets/Scripts/HubScene/HubLoadoutSlotUI.cs
  artifactKey: Guid(0e6c96ae7b176f645b2819eb876d017e) Importer(815301076,1909f56bfc062723c751e8b465ee728b)
Start importing Assets/Scripts/HubScene/HubLoadoutSlotUI.cs using Guid(0e6c96ae7b176f645b2819eb876d017e) Importer(815301076,1909f56bfc062723c751e8b465ee728b) (PreviewImporter) -> (artifact id: '00000000000000000000000000000000') in 0.0014837 seconds
Import Error Code:(4)
Message: Build asset version error: assets/scripts/hubscene/hubloadoutslotui.cs in SourceAssetDB has modification time of '2026-02-24T13:29:17.0065298Z' while content on disk has modification time of '2026-02-24T13:29:27.8109936Z'
  ERROR: Build asset version error: assets/scripts/hubscene/hubloadoutslotui.cs in SourceAssetDB has modification time of '2026-02-24T13:29:17.0065298Z' while content on disk has modification time of '2026-02-24T13:29:27.8109936Z'
Number of updated asset objects reloaded before import = 0Number of asset objects unloaded after import = 0

========================================================================
Received Import Request.
  Time since last request: 0.000048 seconds.
  path: Assets/Scripts/HubScene/HubLoadoutSlotUI.cs
  artifactKey: Guid(0e6c96ae7b176f645b2819eb876d017e) Importer(815301076,1909f56bfc062723c751e8b465ee728b)
Start importing Assets/Scripts/HubScene/HubLoadoutSlotUI.cs using Guid(0e6c96ae7b176f645b2819eb876d017e) Importer(815301076,1909f56bfc062723c751e8b465ee728b) (PreviewImporter) -> (artifact id: '00000000000000000000000000000000') in 0.0009391 seconds
Import Error Code:(4)
Message: Build asset version error: assets/scripts/hubscene/hubloadoutslotui.cs in SourceAssetDB has modification time of '2026-02-24T13:29:17.0065298Z' while content on disk has modification time of '2026-02-24T13:29:27.8109936Z'
  ERROR: Build asset version error: assets/scripts/hubscene/hubloadoutslotui.cs in SourceAssetDB has modification time of '2026-02-24T13:29:17.0065298Z' while content on disk has modification time of '2026-02-24T13:29:27.8109936Z'
Number of updated asset objects reloaded before import = 0Number of asset objects unloaded after import = 0

========================================================================
Received Import Request.
  Time since last request: 0.000024 seconds.
  path: Assets/Scripts/HubScene/HubLoadoutSlotUI.cs
  artifactKey: Guid(0e6c96ae7b176f645b2819eb876d017e) Importer(815301076,1909f56bfc062723c751e8b465ee728b)
Start importing Assets/Scripts/HubScene/HubLoadoutSlotUI.cs using Guid(0e6c96ae7b176f645b2819eb876d017e) Importer(815301076,1909f56bfc062723c751e8b465ee728b) (PreviewImporter) -> (artifact id: '00000000000000000000000000000000') in 0.0009684 seconds
Import Error Code:(4)
Message: Build asset version error: assets/scripts/hubscene/hubloadoutslotui.cs in SourceAssetDB has modification time of '2026-02-24T13:29:17.0065298Z' while content on disk has modification time of '2026-02-24T13:29:27.8109936Z'
  ERROR: Build asset version error: assets/scripts/hubscene/hubloadoutslotui.cs in SourceAssetDB has modification time of '2026-02-24T13:29:17.0065298Z' while content on disk has modification time of '2026-02-24T13:29:27.8109936Z'
Number of updated asset objects reloaded before import = 0Number of asset objects unloaded after import = 0

========================================================================
Received Import Request.
  Time since last request: 0.000024 seconds.
  path: Assets/Scripts/HubScene/HubLoadoutSlotUI.cs
  artifactKey: Guid(0e6c96ae7b176f645b2819eb876d017e) Importer(815301076,1909f56bfc062723c751e8b465ee728b)
Start importing Assets/Scripts/HubScene/HubLoadoutSlotUI.cs using Guid(0e6c96ae7b176f645b2819eb876d017e) Importer(815301076,1909f56bfc062723c751e8b465ee728b) (PreviewImporter) -> (artifact id: '00000000000000000000000000000000') in 0.0010661 seconds
Import Error Code:(4)
Message: Build asset version error: assets/scripts/hubscene/hubloadoutslotui.cs in SourceAssetDB has modification time of '2026-02-24T13:29:17.0065298Z' while content on disk has modification time of '2026-02-24T13:29:27.8109936Z'
  ERROR: Build asset version error: assets/scripts/hubscene/hubloadoutslotui.cs in SourceAssetDB has modification time of '2026-02-24T13:29:17.0065298Z' while content on disk has modification time of '2026-02-24T13:29:27.8109936Z'
Number of updated asset objects reloaded before import = 0Number of asset objects unloaded after import = 0

========================================================================
Received Import Request.
  Time since last request: 0.000048 seconds.
  path: Assets/Scripts/HubScene/HubLoadoutSlotUI.cs
  artifactKey: Guid(0e6c96ae7b176f645b2819eb876d017e) Importer(815301076,1909f56bfc062723c751e8b465ee728b)
Start importing Assets/Scripts/HubScene/HubLoadoutSlotUI.cs using Guid(0e6c96ae7b176f645b2819eb876d017e) Importer(815301076,1909f56bfc062723c751e8b465ee728b) (PreviewImporter) -> (artifact id: '00000000000000000000000000000000') in 0.0010964 seconds
Import Error Code:(4)
Message: Build asset version error: assets/scripts/hubscene/hubloadoutslotui.cs in SourceAssetDB has modification time of '2026-02-24T13:29:17.0065298Z' while content on disk has modification time of '2026-02-24T13:29:27.8109936Z'
  ERROR: Build asset version error: assets/scripts/hubscene/hubloadoutslotui.cs in SourceAssetDB has modification time of '2026-02-24T13:29:17.0065298Z' while content on disk has modification time of '2026-02-24T13:29:27.8109936Z'
Number of updated asset objects reloaded before import = 0Number of asset objects unloaded after import = 0

========================================================================
Received Import Request.
  Time since last request: 0.000046 seconds.
  path: Assets/Scripts/HubScene/HubLoadoutSlotUI.cs
  artifactKey: Guid(0e6c96ae7b176f645b2819eb876d017e) Importer(815301076,1909f56bfc062723c751e8b465ee728b)
Start importing Assets/Scripts/HubScene/HubLoadoutSlotUI.cs using Guid(0e6c96ae7b176f645b2819eb876d017e) Importer(815301076,1909f56bfc062723c751e8b465ee728b) (PreviewImporter) -> (artifact id: '00000000000000000000000000000000') in 0.0009346 seconds
Import Error Code:(4)
Message: Build asset version error: assets/scripts/hubscene/hubloadoutslotui.cs in SourceAssetDB has modification time of '2026-02-24T13:29:17.0065298Z' while content on disk has modification time of '2026-02-24T13:29:27.8109936Z'
  ERROR: Build asset version error: assets/scripts/hubscene/hubloadoutslotui.cs in SourceAssetDB has modification time of '2026-02-24T13:29:17.0065298Z' while content on disk has modification time of '2026-02-24T13:29:27.8109936Z'
Number of updated asset objects reloaded before import = 0Number of asset objects unloaded after import = 0

========================================================================
Received Import Request.
  Time since last request: 0.000024 seconds.
  path: Assets/Scripts/HubScene/HubLoadoutSlotUI.cs
  artifactKey: Guid(0e6c96ae7b176f645b2819eb876d017e) Importer(815301076,1909f56bfc062723c751e8b465ee728b)
Start importing Assets/Scripts/HubScene/HubLoadoutSlotUI.cs using Guid(0e6c96ae7b176f645b2819eb876d017e) Importer(815301076,1909f56bfc062723c751e8b465ee728b) (PreviewImporter) -> (artifact id: '00000000000000000000000000000000') in 0.0012486 seconds
Import Error Code:(4)
Message: Build asset version error: assets/scripts/hubscene/hubloadoutslotui.cs in SourceAssetDB has modification time of '2026-02-24T13:29:17.0065298Z' while content on disk has modification time of '2026-02-24T13:29:27.8109936Z'
  ERROR: Build asset version error: assets/scripts/hubscene/hubloadoutslotui.cs in SourceAssetDB has modification time of '2026-02-24T13:29:17.0065298Z' while content on disk has modification time of '2026-02-24T13:29:27.8109936Z'
Number of updated asset objects reloaded before import = 0Number of asset objects unloaded after import = 0

========================================================================
Received Import Request.
  Time since last request: 0.000025 seconds.
  path: Assets/Scripts/HubScene/HubLoadoutSlotUI.cs
  artifactKey: Guid(0e6c96ae7b176f645b2819eb876d017e) Importer(815301076,1909f56bfc062723c751e8b465ee728b)
Start importing Assets/Scripts/HubScene/HubLoadoutSlotUI.cs using Guid(0e6c96ae7b176f645b2819eb876d017e) Importer(815301076,1909f56bfc062723c751e8b465ee728b) (PreviewImporter) -> (artifact id: '00000000000000000000000000000000') in 0.0011547 seconds
Import Error Code:(4)
Message: Build asset version error: assets/scripts/hubscene/hubloadoutslotui.cs in SourceAssetDB has modification time of '2026-02-24T13:29:17.0065298Z' while content on disk has modification time of '2026-02-24T13:29:27.8109936Z'
  ERROR: Build asset version error: assets/scripts/hubscene/hubloadoutslotui.cs in SourceAssetDB has modification time of '2026-02-24T13:29:17.0065298Z' while content on disk has modification time of '2026-02-24T13:29:27.8109936Z'
Number of updated asset objects reloaded before import = 0Number of asset objects unloaded after import = 0

========================================================================
Received Import Request.
  Time since last request: 0.000047 seconds.
  path: Assets/Scripts/HubScene/HubLoadoutSlotUI.cs
  artifactKey: Guid(0e6c96ae7b176f645b2819eb876d017e) Importer(815301076,1909f56bfc062723c751e8b465ee728b)
Start importing Assets/Scripts/HubScene/HubLoadoutSlotUI.cs using Guid(0e6c96ae7b176f645b2819eb876d017e) Importer(815301076,1909f56bfc062723c751e8b465ee728b) (PreviewImporter) -> (artifact id: '00000000000000000000000000000000') in 0.0009192 seconds
Import Error Code:(4)
Message: Build asset version error: assets/scripts/hubscene/hubloadoutslotui.cs in SourceAssetDB has modification time of '2026-02-24T13:29:17.0065298Z' while content on disk has modification time of '2026-02-24T13:29:27.8109936Z'
  ERROR: Build asset version error: assets/scripts/hubscene/hubloadoutslotui.cs in SourceAssetDB has modification time of '2026-02-24T13:29:17.0065298Z' while content on disk has modification time of '2026-02-24T13:29:27.8109936Z'
Number of updated asset objects reloaded before import = 0Number of asset objects unloaded after import = 0

========================================================================
Received Import Request.
  Time since last request: 0.000038 seconds.
  path: Assets/Scripts/HubScene/HubLoadoutSlotUI.cs
  artifactKey: Guid(0e6c96ae7b176f645b2819eb876d017e) Importer(815301076,1909f56bfc062723c751e8b465ee728b)
Start importing Assets/Scripts/HubScene/HubLoadoutSlotUI.cs using Guid(0e6c96ae7b176f645b2819eb876d017e) Importer(815301076,1909f56bfc062723c751e8b465ee728b) (PreviewImporter) -> (artifact id: '00000000000000000000000000000000') in 0.0011106 seconds
Import Error Code:(4)
Message: Build asset version error: assets/scripts/hubscene/hubloadoutslotui.cs in SourceAssetDB has modification time of '2026-02-24T13:29:17.0065298Z' while content on disk has modification time of '2026-02-24T13:29:27.8109936Z'
  ERROR: Build asset version error: assets/scripts/hubscene/hubloadoutslotui.cs in SourceAssetDB has modification time of '2026-02-24T13:29:17.0065298Z' while content on disk has modification time of '2026-02-24T13:29:27.8109936Z'
Number of updated asset objects reloaded before import = 0Number of asset objects unloaded after import = 0

========================================================================
Received Import Request.
  Time since last request: 0.000029 seconds.
  path: Assets/Scripts/HubScene/HubLoadoutSlotUI.cs
  artifactKey: Guid(0e6c96ae7b176f645b2819eb876d017e) Importer(815301076,1909f56bfc062723c751e8b465ee728b)
Start importing Assets/Scripts/HubScene/HubLoadoutSlotUI.cs using Guid(0e6c96ae7b176f645b2819eb876d017e) Importer(815301076,1909f56bfc062723c751e8b465ee728b) (PreviewImporter) -> (artifact id: '00000000000000000000000000000000') in 0.0009834 seconds
Import Error Code:(4)
Message: Build asset version error: assets/scripts/hubscene/hubloadoutslotui.cs in SourceAssetDB has modification time of '2026-02-24T13:29:17.0065298Z' while content on disk has modification time of '2026-02-24T13:29:27.8109936Z'
  ERROR: Build asset version error: assets/scripts/hubscene/hubloadoutslotui.cs in SourceAssetDB has modification time of '2026-02-24T13:29:17.0065298Z' while content on disk has modification time of '2026-02-24T13:29:27.8109936Z'
Number of updated asset objects reloaded before import = 0Number of asset objects unloaded after import = 0

========================================================================
Received Import Request.
  Time since last request: 0.000024 seconds.
  path: Assets/Scripts/HubScene/HubLoadoutSlotUI.cs
  artifactKey: Guid(0e6c96ae7b176f645b2819eb876d017e) Importer(815301076,1909f56bfc062723c751e8b465ee728b)
Start importing Assets/Scripts/HubScene/HubLoadoutSlotUI.cs using Guid(0e6c96ae7b176f645b2819eb876d017e) Importer(815301076,1909f56bfc062723c751e8b465ee728b) (PreviewImporter) -> (artifact id: '00000000000000000000000000000000') in 0.0012018 seconds
Import Error Code:(4)
Message: Build asset version error: assets/scripts/hubscene/hubloadoutslotui.cs in SourceAssetDB has modification time of '2026-02-24T13:29:17.0065298Z' while content on disk has modification time of '2026-02-24T13:29:27.8109936Z'
  ERROR: Build asset version error: assets/scripts/hubscene/hubloadoutslotui.cs in SourceAssetDB has modification time of '2026-02-24T13:29:17.0065298Z' while content on disk has modification time of '2026-02-24T13:29:27.8109936Z'
Number of updated asset objects reloaded before import = 0Number of asset objects unloaded after import = 0

========================================================================
Received Import Request.
  Time since last request: 0.000027 seconds.
  path: Assets/Scripts/HubScene/HubLoadoutSlotUI.cs
  artifactKey: Guid(0e6c96ae7b176f645b2819eb876d017e) Importer(815301076,1909f56bfc062723c751e8b465ee728b)
Start importing Assets/Scripts/HubScene/HubLoadoutSlotUI.cs using Guid(0e6c96ae7b176f645b2819eb876d017e) Importer(815301076,1909f56bfc062723c751e8b465ee728b) (PreviewImporter) -> (artifact id: '00000000000000000000000000000000') in 0.0009449 seconds
Import Error Code:(4)
Message: Build asset version error: assets/scripts/hubscene/hubloadoutslotui.cs in SourceAssetDB has modification time of '2026-02-24T13:29:17.0065298Z' while content on disk has modification time of '2026-02-24T13:29:27.8109936Z'
  ERROR: Build asset version error: assets/scripts/hubscene/hubloadoutslotui.cs in SourceAssetDB has modification time of '2026-02-24T13:29:17.0065298Z' while content on disk has modification time of '2026-02-24T13:29:27.8109936Z'
Number of updated asset objects reloaded before import = 0Number of asset objects unloaded after import = 0

========================================================================
Received Import Request.
  Time since last request: 0.000067 seconds.
  path: Assets/Scripts/HubScene/HubLoadoutSlotUI.cs
  artifactKey: Guid(0e6c96ae7b176f645b2819eb876d017e) Importer(815301076,1909f56bfc062723c751e8b465ee728b)
Start importing Assets/Scripts/HubScene/HubLoadoutSlotUI.cs using Guid(0e6c96ae7b176f645b2819eb876d017e) Importer(815301076,1909f56bfc062723c751e8b465ee728b) (PreviewImporter) -> (artifact id: '00000000000000000000000000000000') in 0.0011161 seconds
Import Error Code:(4)
Message: Build asset version error: assets/scripts/hubscene/hubloadoutslotui.cs in SourceAssetDB has modification time of '2026-02-24T13:29:17.0065298Z' while content on disk has modification time of '2026-02-24T13:29:27.8109936Z'
  ERROR: Build asset version error: assets/scripts/hubscene/hubloadoutslotui.cs in SourceAssetDB has modification time of '2026-02-24T13:29:17.0065298Z' while content on disk has modification time of '2026-02-24T13:29:27.8109936Z'
Number of updated asset objects reloaded before import = 0Number of asset objects unloaded after import = 0

========================================================================
Received Import Request.
  Time since last request: 0.000026 seconds.
  path: Assets/Scripts/HubScene/HubLoadoutSlotUI.cs
  artifactKey: Guid(0e6c96ae7b176f645b2819eb876d017e) Importer(815301076,1909f56bfc062723c751e8b465ee728b)
Start importing Assets/Scripts/HubScene/HubLoadoutSlotUI.cs using Guid(0e6c96ae7b176f645b2819eb876d017e) Importer(815301076,1909f56bfc062723c751e8b465ee728b) (PreviewImporter) -> (artifact id: '00000000000000000000000000000000') in 0.0014117 seconds
Import Error Code:(4)
Message: Build asset version error: assets/scripts/hubscene/hubloadoutslotui.cs in SourceAssetDB has modification time of '2026-02-24T13:29:17.0065298Z' while content on disk has modification time of '2026-02-24T13:29:27.8109936Z'
  ERROR: Build asset version error: assets/scripts/hubscene/hubloadoutslotui.cs in SourceAssetDB has modification time of '2026-02-24T13:29:17.0065298Z' while content on disk has modification time of '2026-02-24T13:29:27.8109936Z'
Number of updated asset objects reloaded before import = 0Number of asset objects unloaded after import = 0

========================================================================
Received Import Request.
  Time since last request: 0.000025 seconds.
  path: Assets/Scripts/HubScene/HubLoadoutSlotUI.cs
  artifactKey: Guid(0e6c96ae7b176f645b2819eb876d017e) Importer(815301076,1909f56bfc062723c751e8b465ee728b)
Start importing Assets/Scripts/HubScene/HubLoadoutSlotUI.cs using Guid(0e6c96ae7b176f645b2819eb876d017e) Importer(815301076,1909f56bfc062723c751e8b465ee728b) (PreviewImporter) -> (artifact id: '00000000000000000000000000000000') in 0.0010785 seconds
Import Error Code:(4)
Message: Build asset version error: assets/scripts/hubscene/hubloadoutslotui.cs in SourceAssetDB has modification time of '2026-02-24T13:29:17.0065298Z' while content on disk has modification time of '2026-02-24T13:29:27.8109936Z'
  ERROR: Build asset version error: assets/scripts/hubscene/hubloadoutslotui.cs in SourceAssetDB has modification time of '2026-02-24T13:29:17.0065298Z' while content on disk has modification time of '2026-02-24T13:29:27.8109936Z'
Number of updated asset objects reloaded before import = 0Number of asset objects unloaded after import = 0

========================================================================
Received Import Request.
  Time since last request: 0.000047 seconds.
  path: Assets/Scripts/HubScene/HubLoadoutSlotUI.cs
  artifactKey: Guid(0e6c96ae7b176f645b2819eb876d017e) Importer(815301076,1909f56bfc062723c751e8b465ee728b)
Start importing Assets/Scripts/HubScene/HubLoadoutSlotUI.cs using Guid(0e6c96ae7b176f645b2819eb876d017e) Importer(815301076,1909f56bfc062723c751e8b465ee728b) (PreviewImporter) -> (artifact id: '00000000000000000000000000000000') in 0.0013196 seconds
Import Error Code:(4)
Message: Build asset version error: assets/scripts/hubscene/hubloadoutslotui.cs in SourceAssetDB has modification time of '2026-02-24T13:29:17.0065298Z' while content on disk has modification time of '2026-02-24T13:29:27.8109936Z'
  ERROR: Build asset version error: assets/scripts/hubscene/hubloadoutslotui.cs in SourceAssetDB has modification time of '2026-02-24T13:29:17.0065298Z' while content on disk has modification time of '2026-02-24T13:29:27.8109936Z'
Number of updated asset objects reloaded before import = 0Number of asset objects unloaded after import = 0

========================================================================
Received Import Request.
  Time since last request: 0.000040 seconds.
  path: Assets/Scripts/HubScene/HubLoadoutSlotUI.cs
  artifactKey: Guid(0e6c96ae7b176f645b2819eb876d017e) Importer(815301076,1909f56bfc062723c751e8b465ee728b)
Start importing Assets/Scripts/HubScene/HubLoadoutSlotUI.cs using Guid(0e6c96ae7b176f645b2819eb876d017e) Importer(815301076,1909f56bfc062723c751e8b465ee728b) (PreviewImporter) -> (artifact id: '00000000000000000000000000000000') in 0.0014925 seconds
Import Error Code:(4)
Message: Build asset version error: assets/scripts/hubscene/hubloadoutslotui.cs in SourceAssetDB has modification time of '2026-02-24T13:29:17.0065298Z' while content on disk has modification time of '2026-02-24T13:29:27.8109936Z'
  ERROR: Build asset version error: assets/scripts/hubscene/hubloadoutslotui.cs in SourceAssetDB has modification time of '2026-02-24T13:29:17.0065298Z' while content on disk has modification time of '2026-02-24T13:29:27.8109936Z'
Number of updated asset objects reloaded before import = 0Number of asset objects unloaded after import = 0

========================================================================
Received Import Request.
  Time since last request: 0.000024 seconds.
  path: Assets/Scripts/HubScene/HubLoadoutSlotUI.cs
  artifactKey: Guid(0e6c96ae7b176f645b2819eb876d017e) Importer(815301076,1909f56bfc062723c751e8b465ee728b)
Start importing Assets/Scripts/HubScene/HubLoadoutSlotUI.cs using Guid(0e6c96ae7b176f645b2819eb876d017e) Importer(815301076,1909f56bfc062723c751e8b465ee728b) (PreviewImporter) -> (artifact id: '00000000000000000000000000000000') in 0.0012294 seconds
Import Error Code:(4)
Message: Build asset version error: assets/scripts/hubscene/hubloadoutslotui.cs in SourceAssetDB has modification time of '2026-02-24T13:29:17.0065298Z' while content on disk has modification time of '2026-02-24T13:29:27.8109936Z'
  ERROR: Build asset version error: assets/scripts/hubscene/hubloadoutslotui.cs in SourceAssetDB has modification time of '2026-02-24T13:29:17.0065298Z' while content on disk has modification time of '2026-02-24T13:29:27.8109936Z'
Number of updated asset objects reloaded before import = 0Number of asset objects unloaded after import = 0

========================================================================
Received Import Request.
  Time since last request: 0.000025 seconds.
  path: Assets/Scripts/HubScene/HubLoadoutSlotUI.cs
  artifactKey: Guid(0e6c96ae7b176f645b2819eb876d017e) Importer(815301076,1909f56bfc062723c751e8b465ee728b)
Start importing Assets/Scripts/HubScene/HubLoadoutSlotUI.cs using Guid(0e6c96ae7b176f645b2819eb876d017e) Importer(815301076,1909f56bfc062723c751e8b465ee728b) (PreviewImporter) -> (artifact id: '00000000000000000000000000000000') in 0.0010403 seconds
Import Error Code:(4)
Message: Build asset version error: assets/scripts/hubscene/hubloadoutslotui.cs in SourceAssetDB has modification time of '2026-02-24T13:29:17.0065298Z' while content on disk has modification time of '2026-02-24T13:29:27.8109936Z'
  ERROR: Build asset version error: assets/scripts/hubscene/hubloadoutslotui.cs in SourceAssetDB has modification time of '2026-02-24T13:29:17.0065298Z' while content on disk has modification time of '2026-02-24T13:29:27.8109936Z'
Number of updated asset objects reloaded before import = 0Number of asset objects unloaded after import = 0

========================================================================
Received Import Request.
  Time since last request: 0.000053 seconds.
  path: Assets/Scripts/HubScene/HubLoadoutSlotUI.cs
  artifactKey: Guid(0e6c96ae7b176f645b2819eb876d017e) Importer(815301076,1909f56bfc062723c751e8b465ee728b)
Start importing Assets/Scripts/HubScene/HubLoadoutSlotUI.cs using Guid(0e6c96ae7b176f645b2819eb876d017e) Importer(815301076,1909f56bfc062723c751e8b465ee728b) (PreviewImporter) -> (artifact id: '00000000000000000000000000000000') in 0.0018459 seconds
Import Error Code:(4)
Message: Build asset version error: assets/scripts/hubscene/hubloadoutslotui.cs in SourceAssetDB has modification time of '2026-02-24T13:29:17.0065298Z' while content on disk has modification time of '2026-02-24T13:29:27.8109936Z'
  ERROR: Build asset version error: assets/scripts/hubscene/hubloadoutslotui.cs in SourceAssetDB has modification time of '2026-02-24T13:29:17.0065298Z' while content on disk has modification time of '2026-02-24T13:29:27.8109936Z'
Number of updated asset objects reloaded before import = 0Number of asset objects unloaded after import = 0

========================================================================
Received Import Request.
  Time since last request: 0.000066 seconds.
  path: Assets/Scripts/HubScene/HubLoadoutSlotUI.cs
  artifactKey: Guid(0e6c96ae7b176f645b2819eb876d017e) Importer(815301076,1909f56bfc062723c751e8b465ee728b)
Start importing Assets/Scripts/HubScene/HubLoadoutSlotUI.cs using Guid(0e6c96ae7b176f645b2819eb876d017e) Importer(815301076,1909f56bfc062723c751e8b465ee728b) (PreviewImporter) -> (artifact id: '00000000000000000000000000000000') in 0.0010586 seconds
Import Error Code:(4)
Message: Build asset version error: assets/scripts/hubscene/hubloadoutslotui.cs in SourceAssetDB has modification time of '2026-02-24T13:29:17.0065298Z' while content on disk has modification time of '2026-02-24T13:29:27.8109936Z'
  ERROR: Build asset version error: assets/scripts/hubscene/hubloadoutslotui.cs in SourceAssetDB has modification time of '2026-02-24T13:29:17.0065298Z' while content on disk has modification time of '2026-02-24T13:29:27.8109936Z'
Number of updated asset objects reloaded before import = 0Number of asset objects unloaded after import = 0

========================================================================
Received Import Request.
  Time since last request: 0.000029 seconds.
  path: Assets/Scripts/HubScene/HubLoadoutSlotUI.cs
  artifactKey: Guid(0e6c96ae7b176f645b2819eb876d017e) Importer(815301076,1909f56bfc062723c751e8b465ee728b)
Start importing Assets/Scripts/HubScene/HubLoadoutSlotUI.cs using Guid(0e6c96ae7b176f645b2819eb876d017e) Importer(815301076,1909f56bfc062723c751e8b465ee728b) (PreviewImporter) -> (artifact id: '00000000000000000000000000000000') in 0.0009455 seconds
Import Error Code:(4)
Message: Build asset version error: assets/scripts/hubscene/hubloadoutslotui.cs in SourceAssetDB has modification time of '2026-02-24T13:29:17.0065298Z' while content on disk has modification time of '2026-02-24T13:29:27.8109936Z'
  ERROR: Build asset version error: assets/scripts/hubscene/hubloadoutslotui.cs in SourceAssetDB has modification time of '2026-02-24T13:29:17.0065298Z' while content on disk has modification time of '2026-02-24T13:29:27.8109936Z'
Number of updated asset objects reloaded before import = 0Number of asset objects unloaded after import = 0

========================================================================
Received Import Request.
  Time since last request: 0.000024 seconds.
  path: Assets/Scripts/HubScene/HubLoadoutSlotUI.cs
  artifactKey: Guid(0e6c96ae7b176f645b2819eb876d017e) Importer(815301076,1909f56bfc062723c751e8b465ee728b)
Start importing Assets/Scripts/HubScene/HubLoadoutSlotUI.cs using Guid(0e6c96ae7b176f645b2819eb876d017e) Importer(815301076,1909f56bfc062723c751e8b465ee728b) (PreviewImporter) -> (artifact id: '00000000000000000000000000000000') in 0.0010215 seconds
Import Error Code:(4)
Message: Build asset version error: assets/scripts/hubscene/hubloadoutslotui.cs in SourceAssetDB has modification time of '2026-02-24T13:29:17.0065298Z' while content on disk has modification time of '2026-02-24T13:29:27.8109936Z'
  ERROR: Build asset version error: assets/scripts/hubscene/hubloadoutslotui.cs in SourceAssetDB has modification time of '2026-02-24T13:29:17.0065298Z' while content on disk has modification time of '2026-02-24T13:29:27.8109936Z'
Number of updated asset objects reloaded before import = 0Number of asset objects unloaded after import = 0

========================================================================
Received Import Request.
  Time since last request: 0.000027 seconds.
  path: Assets/Scripts/HubScene/HubLoadoutSlotUI.cs
  artifactKey: Guid(0e6c96ae7b176f645b2819eb876d017e) Importer(815301076,1909f56bfc062723c751e8b465ee728b)
Start importing Assets/Scripts/HubScene/HubLoadoutSlotUI.cs using Guid(0e6c96ae7b176f645b2819eb876d017e) Importer(815301076,1909f56bfc062723c751e8b465ee728b) (PreviewImporter) -> (artifact id: '00000000000000000000000000000000') in 0.0012056 seconds
Import Error Code:(4)
Message: Build asset version error: assets/scripts/hubscene/hubloadoutslotui.cs in SourceAssetDB has modification time of '2026-02-24T13:29:17.0065298Z' while content on disk has modification time of '2026-02-24T13:29:27.8109936Z'
  ERROR: Build asset version error: assets/scripts/hubscene/hubloadoutslotui.cs in SourceAssetDB has modification time of '2026-02-24T13:29:17.0065298Z' while content on disk has modification time of '2026-02-24T13:29:27.8109936Z'
Number of updated asset objects reloaded before import = 0Number of asset objects unloaded after import = 0

========================================================================
Received Import Request.
  Time since last request: 0.000043 seconds.
  path: Assets/Scripts/HubScene/HubLoadoutSlotUI.cs
  artifactKey: Guid(0e6c96ae7b176f645b2819eb876d017e) Importer(815301076,1909f56bfc062723c751e8b465ee728b)
Start importing Assets/Scripts/HubScene/HubLoadoutSlotUI.cs using Guid(0e6c96ae7b176f645b2819eb876d017e) Importer(815301076,1909f56bfc062723c751e8b465ee728b) (PreviewImporter) -> (artifact id: '00000000000000000000000000000000') in 0.0012433 seconds
Import Error Code:(4)
Message: Build asset version error: assets/scripts/hubscene/hubloadoutslotui.cs in SourceAssetDB has modification time of '2026-02-24T13:29:17.0065298Z' while content on disk has modification time of '2026-02-24T13:29:27.8109936Z'
  ERROR: Build asset version error: assets/scripts/hubscene/hubloadoutslotui.cs in SourceAssetDB has modification time of '2026-02-24T13:29:17.0065298Z' while content on disk has modification time of '2026-02-24T13:29:27.8109936Z'
Number of updated asset objects reloaded before import = 0Number of asset objects unloaded after import = 0

========================================================================
Received Import Request.
  Time since last request: 0.000026 seconds.
  path: Assets/Scripts/HubScene/HubLoadoutSlotUI.cs
  artifactKey: Guid(0e6c96ae7b176f645b2819eb876d017e) Importer(815301076,1909f56bfc062723c751e8b465ee728b)
Start importing Assets/Scripts/HubScene/HubLoadoutSlotUI.cs using Guid(0e6c96ae7b176f645b2819eb876d017e) Importer(815301076,1909f56bfc062723c751e8b465ee728b) (PreviewImporter) -> (artifact id: '00000000000000000000000000000000') in 0.0013564 seconds
Import Error Code:(4)
Message: Build asset version error: assets/scripts/hubscene/hubloadoutslotui.cs in SourceAssetDB has modification time of '2026-02-24T13:29:17.0065298Z' while content on disk has modification time of '2026-02-24T13:29:27.8109936Z'
  ERROR: Build asset version error: assets/scripts/hubscene/hubloadoutslotui.cs in SourceAssetDB has modification time of '2026-02-24T13:29:17.0065298Z' while content on disk has modification time of '2026-02-24T13:29:27.8109936Z'
Number of updated asset objects reloaded before import = 0Number of asset objects unloaded after import = 0

========================================================================
Received Import Request.
  Time since last request: 0.000035 seconds.
  path: Assets/Scripts/HubScene/HubLoadoutSlotUI.cs
  artifactKey: Guid(0e6c96ae7b176f645b2819eb876d017e) Importer(815301076,1909f56bfc062723c751e8b465ee728b)
Start importing Assets/Scripts/HubScene/HubLoadoutSlotUI.cs using Guid(0e6c96ae7b176f645b2819eb876d017e) Importer(815301076,1909f56bfc062723c751e8b465ee728b) (PreviewImporter) -> (artifact id: '00000000000000000000000000000000') in 0.0008858 seconds
Import Error Code:(4)
Message: Build asset version error: assets/scripts/hubscene/hubloadoutslotui.cs in SourceAssetDB has modification time of '2026-02-24T13:29:17.0065298Z' while content on disk has modification time of '2026-02-24T13:29:27.8109936Z'
  ERROR: Build asset version error: assets/scripts/hubscene/hubloadoutslotui.cs in SourceAssetDB has modification time of '2026-02-24T13:29:17.0065298Z' while content on disk has modification time of '2026-02-24T13:29:27.8109936Z'
Number of updated asset objects reloaded before import = 0Number of asset objects unloaded after import = 0

========================================================================
Received Import Request.
  Time since last request: 0.000028 seconds.
  path: Assets/Scripts/HubScene/HubLoadoutSlotUI.cs
  artifactKey: Guid(0e6c96ae7b176f645b2819eb876d017e) Importer(815301076,1909f56bfc062723c751e8b465ee728b)
Start importing Assets/Scripts/HubScene/HubLoadoutSlotUI.cs using Guid(0e6c96ae7b176f645b2819eb876d017e) Importer(815301076,1909f56bfc062723c751e8b465ee728b) (PreviewImporter) -> (artifact id: '00000000000000000000000000000000') in 0.0010944 seconds
Import Error Code:(4)
Message: Build asset version error: assets/scripts/hubscene/hubloadoutslotui.cs in SourceAssetDB has modification time of '2026-02-24T13:29:17.0065298Z' while content on disk has modification time of '2026-02-24T13:29:27.8109936Z'
  ERROR: Build asset version error: assets/scripts/hubscene/hubloadoutslotui.cs in SourceAssetDB has modification time of '2026-02-24T13:29:17.0065298Z' while content on disk has modification time of '2026-02-24T13:29:27.8109936Z'
Number of updated asset objects reloaded before import = 0Number of asset objects unloaded after import = 0

========================================================================
Received Import Request.
  Time since last request: 0.000064 seconds.
  path: Assets/Scripts/HubScene/HubLoadoutSlotUI.cs
  artifactKey: Guid(0e6c96ae7b176f645b2819eb876d017e) Importer(815301076,1909f56bfc062723c751e8b465ee728b)
Start importing Assets/Scripts/HubScene/HubLoadoutSlotUI.cs using Guid(0e6c96ae7b176f645b2819eb876d017e) Importer(815301076,1909f56bfc062723c751e8b465ee728b) (PreviewImporter) -> (artifact id: '00000000000000000000000000000000') in 0.0010741 seconds
Import Error Code:(4)
Message: Build asset version error: assets/scripts/hubscene/hubloadoutslotui.cs in SourceAssetDB has modification time of '2026-02-24T13:29:17.0065298Z' while content on disk has modification time of '2026-02-24T13:29:27.8109936Z'
  ERROR: Build asset version error: assets/scripts/hubscene/hubloadoutslotui.cs in SourceAssetDB has modification time of '2026-02-24T13:29:17.0065298Z' while content on disk has modification time of '2026-02-24T13:29:27.8109936Z'
Number of updated asset objects reloaded before import = 0Number of asset objects unloaded after import = 0

========================================================================
Received Import Request.
  Time since last request: 0.000036 seconds.
  path: Assets/Scripts/HubScene/HubLoadoutSlotUI.cs
  artifactKey: Guid(0e6c96ae7b176f645b2819eb876d017e) Importer(815301076,1909f56bfc062723c751e8b465ee728b)
Start importing Assets/Scripts/HubScene/HubLoadoutSlotUI.cs using Guid(0e6c96ae7b176f645b2819eb876d017e) Importer(815301076,1909f56bfc062723c751e8b465ee728b) (PreviewImporter) -> (artifact id: '00000000000000000000000000000000') in 0.0008243 seconds
Import Error Code:(4)
Message: Build asset version error: assets/scripts/hubscene/hubloadoutslotui.cs in SourceAssetDB has modification time of '2026-02-24T13:29:17.0065298Z' while content on disk has modification time of '2026-02-24T13:29:27.8109936Z'
  ERROR: Build asset version error: assets/scripts/hubscene/hubloadoutslotui.cs in SourceAssetDB has modification time of '2026-02-24T13:29:17.0065298Z' while content on disk has modification time of '2026-02-24T13:29:27.8109936Z'
Number of updated asset objects reloaded before import = 0Number of asset objects unloaded after import = 0

========================================================================
Received Import Request.
  Time since last request: 0.000122 seconds.
  path: Assets/Scripts/HubScene/HubLoadoutSlotUI.cs
  artifactKey: Guid(0e6c96ae7b176f645b2819eb876d017e) Importer(815301076,1909f56bfc062723c751e8b465ee728b)
Start importing Assets/Scripts/HubScene/HubLoadoutSlotUI.cs using Guid(0e6c96ae7b176f645b2819eb876d017e) Importer(815301076,1909f56bfc062723c751e8b465ee728b) (PreviewImporter) -> (artifact id: '00000000000000000000000000000000') in 0.0010838 seconds
Import Error Code:(4)
Message: Build asset version error: assets/scripts/hubscene/hubloadoutslotui.cs in SourceAssetDB has modification time of '2026-02-24T13:29:17.0065298Z' while content on disk has modification time of '2026-02-24T13:29:27.8109936Z'
  ERROR: Build asset version error: assets/scripts/hubscene/hubloadoutslotui.cs in SourceAssetDB has modification time of '2026-02-24T13:29:17.0065298Z' while content on disk has modification time of '2026-02-24T13:29:27.8109936Z'
Number of updated asset objects reloaded before import = 0Number of asset objects unloaded after import = 0

========================================================================
Received Import Request.
  Time since last request: 0.000042 seconds.
  path: Assets/Scripts/HubScene/HubLoadoutSlotUI.cs
  artifactKey: Guid(0e6c96ae7b176f645b2819eb876d017e) Importer(815301076,1909f56bfc062723c751e8b465ee728b)
Start importing Assets/Scripts/HubScene/HubLoadoutSlotUI.cs using Guid(0e6c96ae7b176f645b2819eb876d017e) Importer(815301076,1909f56bfc062723c751e8b465ee728b) (PreviewImporter) -> (artifact id: '00000000000000000000000000000000') in 0.0010992 seconds
Import Error Code:(4)
Message: Build asset version error: assets/scripts/hubscene/hubloadoutslotui.cs in SourceAssetDB has modification time of '2026-02-24T13:29:17.0065298Z' while content on disk has modification time of '2026-02-24T13:29:27.8109936Z'
  ERROR: Build asset version error: assets/scripts/hubscene/hubloadoutslotui.cs in SourceAssetDB has modification time of '2026-02-24T13:29:17.0065298Z' while content on disk has modification time of '2026-02-24T13:29:27.8109936Z'
Number of updated asset objects reloaded before import = 0Number of asset objects unloaded after import = 0

========================================================================
Received Import Request.
  Time since last request: 0.000043 seconds.
  path: Assets/Scripts/HubScene/HubLoadoutSlotUI.cs
  artifactKey: Guid(0e6c96ae7b176f645b2819eb876d017e) Importer(815301076,1909f56bfc062723c751e8b465ee728b)
Start importing Assets/Scripts/HubScene/HubLoadoutSlotUI.cs using Guid(0e6c96ae7b176f645b2819eb876d017e) Importer(815301076,1909f56bfc062723c751e8b465ee728b) (PreviewImporter) -> (artifact id: '00000000000000000000000000000000') in 0.0010213 seconds
Import Error Code:(4)
Message: Build asset version error: assets/scripts/hubscene/hubloadoutslotui.cs in SourceAssetDB has modification time of '2026-02-24T13:29:17.0065298Z' while content on disk has modification time of '2026-02-24T13:29:27.8109936Z'
  ERROR: Build asset version error: assets/scripts/hubscene/hubloadoutslotui.cs in SourceAssetDB has modification time of '2026-02-24T13:29:17.0065298Z' while content on disk has modification time of '2026-02-24T13:29:27.8109936Z'
Number of updated asset objects reloaded before import = 0Number of asset objects unloaded after import = 0

========================================================================
Received Import Request.
  Time since last request: 0.000023 seconds.
  path: Assets/Scripts/HubScene/HubLoadoutSlotUI.cs
  artifactKey: Guid(0e6c96ae7b176f645b2819eb876d017e) Importer(815301076,1909f56bfc062723c751e8b465ee728b)
Start importing Assets/Scripts/HubScene/HubLoadoutSlotUI.cs using Guid(0e6c96ae7b176f645b2819eb876d017e) Importer(815301076,1909f56bfc062723c751e8b465ee728b) (PreviewImporter) -> (artifact id: '00000000000000000000000000000000') in 0.0012099 seconds
Import Error Code:(4)
Message: Build asset version error: assets/scripts/hubscene/hubloadoutslotui.cs in SourceAssetDB has modification time of '2026-02-24T13:29:17.0065298Z' while content on disk has modification time of '2026-02-24T13:29:27.8109936Z'
  ERROR: Build asset version error: assets/scripts/hubscene/hubloadoutslotui.cs in SourceAssetDB has modification time of '2026-02-24T13:29:17.0065298Z' while content on disk has modification time of '2026-02-24T13:29:27.8109936Z'
Number of updated asset objects reloaded before import = 0Number of asset objects unloaded after import = 0

========================================================================
Received Import Request.
  Time since last request: 0.000025 seconds.
  path: Assets/Scripts/HubScene/HubLoadoutSlotUI.cs
  artifactKey: Guid(0e6c96ae7b176f645b2819eb876d017e) Importer(815301076,1909f56bfc062723c751e8b465ee728b)
Start importing Assets/Scripts/HubScene/HubLoadoutSlotUI.cs using Guid(0e6c96ae7b176f645b2819eb876d017e) Importer(815301076,1909f56bfc062723c751e8b465ee728b) (PreviewImporter) -> (artifact id: '00000000000000000000000000000000') in 0.0011049 seconds
Import Error Code:(4)
Message: Build asset version error: assets/scripts/hubscene/hubloadoutslotui.cs in SourceAssetDB has modification time of '2026-02-24T13:29:17.0065298Z' while content on disk has modification time of '2026-02-24T13:29:27.8109936Z'
  ERROR: Build asset version error: assets/scripts/hubscene/hubloadoutslotui.cs in SourceAssetDB has modification time of '2026-02-24T13:29:17.0065298Z' while content on disk has modification time of '2026-02-24T13:29:27.8109936Z'
Number of updated asset objects reloaded before import = 0Number of asset objects unloaded after import = 0

========================================================================
Received Import Request.
  Time since last request: 0.000026 seconds.
  path: Assets/Scripts/HubScene/HubLoadoutSlotUI.cs
  artifactKey: Guid(0e6c96ae7b176f645b2819eb876d017e) Importer(815301076,1909f56bfc062723c751e8b465ee728b)
Start importing Assets/Scripts/HubScene/HubLoadoutSlotUI.cs using Guid(0e6c96ae7b176f645b2819eb876d017e) Importer(815301076,1909f56bfc062723c751e8b465ee728b) (PreviewImporter) -> (artifact id: '00000000000000000000000000000000') in 0.0010812 seconds
Import Error Code:(4)
Message: Build asset version error: assets/scripts/hubscene/hubloadoutslotui.cs in SourceAssetDB has modification time of '2026-02-24T13:29:17.0065298Z' while content on disk has modification time of '2026-02-24T13:29:27.8109936Z'
  ERROR: Build asset version error: assets/scripts/hubscene/hubloadoutslotui.cs in SourceAssetDB has modification time of '2026-02-24T13:29:17.0065298Z' while content on disk has modification time of '2026-02-24T13:29:27.8109936Z'
Number of updated asset objects reloaded before import = 0Number of asset objects unloaded after import = 0

========================================================================
Received Import Request.
  Time since last request: 0.000041 seconds.
  path: Assets/Scripts/HubScene/HubLoadoutSlotUI.cs
  artifactKey: Guid(0e6c96ae7b176f645b2819eb876d017e) Importer(815301076,1909f56bfc062723c751e8b465ee728b)
Start importing Assets/Scripts/HubScene/HubLoadoutSlotUI.cs using Guid(0e6c96ae7b176f645b2819eb876d017e) Importer(815301076,1909f56bfc062723c751e8b465ee728b) (PreviewImporter) -> (artifact id: '00000000000000000000000000000000') in 0.0011932 seconds
Import Error Code:(4)
Message: Build asset version error: assets/scripts/hubscene/hubloadoutslotui.cs in SourceAssetDB has modification time of '2026-02-24T13:29:17.0065298Z' while content on disk has modification time of '2026-02-24T13:29:27.8109936Z'
  ERROR: Build asset version error: assets/scripts/hubscene/hubloadoutslotui.cs in SourceAssetDB has modification time of '2026-02-24T13:29:17.0065298Z' while content on disk has modification time of '2026-02-24T13:29:27.8109936Z'
Number of updated asset objects reloaded before import = 0Number of asset objects unloaded after import = 0

========================================================================
Received Import Request.
  Time since last request: 0.000024 seconds.
  path: Assets/Scripts/HubScene/HubLoadoutSlotUI.cs
  artifactKey: Guid(0e6c96ae7b176f645b2819eb876d017e) Importer(815301076,1909f56bfc062723c751e8b465ee728b)
Start importing Assets/Scripts/HubScene/HubLoadoutSlotUI.cs using Guid(0e6c96ae7b176f645b2819eb876d017e) Importer(815301076,1909f56bfc062723c751e8b465ee728b) (PreviewImporter) -> (artifact id: '00000000000000000000000000000000') in 0.0010927 seconds
Import Error Code:(4)
Message: Build asset version error: assets/scripts/hubscene/hubloadoutslotui.cs in SourceAssetDB has modification time of '2026-02-24T13:29:17.0065298Z' while content on disk has modification time of '2026-02-24T13:29:27.8109936Z'
  ERROR: Build asset version error: assets/scripts/hubscene/hubloadoutslotui.cs in SourceAssetDB has modification time of '2026-02-24T13:29:17.0065298Z' while content on disk has modification time of '2026-02-24T13:29:27.8109936Z'
Number of updated asset objects reloaded before import = 0Number of asset objects unloaded after import = 0

========================================================================
Received Import Request.
  Time since last request: 0.000030 seconds.
  path: Assets/Scripts/HubScene/HubLoadoutSlotUI.cs
  artifactKey: Guid(0e6c96ae7b176f645b2819eb876d017e) Importer(815301076,1909f56bfc062723c751e8b465ee728b)
Start importing Assets/Scripts/HubScene/HubLoadoutSlotUI.cs using Guid(0e6c96ae7b176f645b2819eb876d017e) Importer(815301076,1909f56bfc062723c751e8b465ee728b) (PreviewImporter) -> (artifact id: '00000000000000000000000000000000') in 0.0010653 seconds
Import Error Code:(4)
Message: Build asset version error: assets/scripts/hubscene/hubloadoutslotui.cs in SourceAssetDB has modification time of '2026-02-24T13:29:17.0065298Z' while content on disk has modification time of '2026-02-24T13:29:27.8109936Z'
  ERROR: Build asset version error: assets/scripts/hubscene/hubloadoutslotui.cs in SourceAssetDB has modification time of '2026-02-24T13:29:17.0065298Z' while content on disk has modification time of '2026-02-24T13:29:27.8109936Z'
Number of updated asset objects reloaded before import = 0Number of asset objects unloaded after import = 0

========================================================================
Received Import Request.
  Time since last request: 0.000028 seconds.
  path: Assets/Scripts/HubScene/HubLoadoutSlotUI.cs
  artifactKey: Guid(0e6c96ae7b176f645b2819eb876d017e) Importer(815301076,1909f56bfc062723c751e8b465ee728b)
Start importing Assets/Scripts/HubScene/HubLoadoutSlotUI.cs using Guid(0e6c96ae7b176f645b2819eb876d017e) Importer(815301076,1909f56bfc062723c751e8b465ee728b) (PreviewImporter) -> (artifact id: '00000000000000000000000000000000') in 0.0011306 seconds
Import Error Code:(4)
Message: Build asset version error: assets/scripts/hubscene/hubloadoutslotui.cs in SourceAssetDB has modification time of '2026-02-24T13:29:17.0065298Z' while content on disk has modification time of '2026-02-24T13:29:27.8109936Z'
  ERROR: Build asset version error: assets/scripts/hubscene/hubloadoutslotui.cs in SourceAssetDB has modification time of '2026-02-24T13:29:17.0065298Z' while content on disk has modification time of '2026-02-24T13:29:27.8109936Z'
Number of updated asset objects reloaded before import = 0Number of asset objects unloaded after import = 0

========================================================================
Received Import Request.
  Time since last request: 0.000037 seconds.
  path: Assets/Scripts/HubScene/HubLoadoutSlotUI.cs
  artifactKey: Guid(0e6c96ae7b176f645b2819eb876d017e) Importer(815301076,1909f56bfc062723c751e8b465ee728b)
Start importing Assets/Scripts/HubScene/HubLoadoutSlotUI.cs using Guid(0e6c96ae7b176f645b2819eb876d017e) Importer(815301076,1909f56bfc062723c751e8b465ee728b) (PreviewImporter) -> (artifact id: '00000000000000000000000000000000') in 0.0010767 seconds
Import Error Code:(4)
Message: Build asset version error: assets/scripts/hubscene/hubloadoutslotui.cs in SourceAssetDB has modification time of '2026-02-24T13:29:17.0065298Z' while content on disk has modification time of '2026-02-24T13:29:27.8109936Z'
  ERROR: Build asset version error: assets/scripts/hubscene/hubloadoutslotui.cs in SourceAssetDB has modification time of '2026-02-24T13:29:17.0065298Z' while content on disk has modification time of '2026-02-24T13:29:27.8109936Z'
Number of updated asset objects reloaded before import = 0Number of asset objects unloaded after import = 0

========================================================================
Received Import Request.
  Time since last request: 0.000042 seconds.
  path: Assets/Scripts/HubScene/HubLoadoutSlotUI.cs
  artifactKey: Guid(0e6c96ae7b176f645b2819eb876d017e) Importer(815301076,1909f56bfc062723c751e8b465ee728b)
Start importing Assets/Scripts/HubScene/HubLoadoutSlotUI.cs using Guid(0e6c96ae7b176f645b2819eb876d017e) Importer(815301076,1909f56bfc062723c751e8b465ee728b) (PreviewImporter) -> (artifact id: '00000000000000000000000000000000') in 0.0009104 seconds
Import Error Code:(4)
Message: Build asset version error: assets/scripts/hubscene/hubloadoutslotui.cs in SourceAssetDB has modification time of '2026-02-24T13:29:17.0065298Z' while content on disk has modification time of '2026-02-24T13:29:27.8109936Z'
  ERROR: Build asset version error: assets/scripts/hubscene/hubloadoutslotui.cs in SourceAssetDB has modification time of '2026-02-24T13:29:17.0065298Z' while content on disk has modification time of '2026-02-24T13:29:27.8109936Z'
Number of updated asset objects reloaded before import = 0Number of asset objects unloaded after import = 0

========================================================================
Received Import Request.
  Time since last request: 0.000024 seconds.
  path: Assets/Scripts/HubScene/HubLoadoutSlotUI.cs
  artifactKey: Guid(0e6c96ae7b176f645b2819eb876d017e) Importer(815301076,1909f56bfc062723c751e8b465ee728b)
Start importing Assets/Scripts/HubScene/HubLoadoutSlotUI.cs using Guid(0e6c96ae7b176f645b2819eb876d017e) Importer(815301076,1909f56bfc062723c751e8b465ee728b) (PreviewImporter) -> (artifact id: '00000000000000000000000000000000') in 0.0010308 seconds
Import Error Code:(4)
Message: Build asset version error: assets/scripts/hubscene/hubloadoutslotui.cs in SourceAssetDB has modification time of '2026-02-24T13:29:17.0065298Z' while content on disk has modification time of '2026-02-24T13:29:27.8109936Z'
  ERROR: Build asset version error: assets/scripts/hubscene/hubloadoutslotui.cs in SourceAssetDB has modification time of '2026-02-24T13:29:17.0065298Z' while content on disk has modification time of '2026-02-24T13:29:27.8109936Z'
Number of updated asset objects reloaded before import = 0Number of asset objects unloaded after import = 0

========================================================================
Received Import Request.
  Time since last request: 0.000030 seconds.
  path: Assets/Scripts/HubScene/HubLoadoutSlotUI.cs
  artifactKey: Guid(0e6c96ae7b176f645b2819eb876d017e) Importer(815301076,1909f56bfc062723c751e8b465ee728b)
Start importing Assets/Scripts/HubScene/HubLoadoutSlotUI.cs using Guid(0e6c96ae7b176f645b2819eb876d017e) Importer(815301076,1909f56bfc062723c751e8b465ee728b) (PreviewImporter) -> (artifact id: '00000000000000000000000000000000') in 0.0012556 seconds
Import Error Code:(4)
Message: Build asset version error: assets/scripts/hubscene/hubloadoutslotui.cs in SourceAssetDB has modification time of '2026-02-24T13:29:17.0065298Z' while content on disk has modification time of '2026-02-24T13:29:27.8109936Z'
  ERROR: Build asset version error: assets/scripts/hubscene/hubloadoutslotui.cs in SourceAssetDB has modification time of '2026-02-24T13:29:17.0065298Z' while content on disk has modification time of '2026-02-24T13:29:27.8109936Z'
Number of updated asset objects reloaded before import = 0Number of asset objects unloaded after import = 0

========================================================================
Received Import Request.
  Time since last request: 0.000037 seconds.
  path: Assets/Scripts/HubScene/HubLoadoutSlotUI.cs
  artifactKey: Guid(0e6c96ae7b176f645b2819eb876d017e) Importer(815301076,1909f56bfc062723c751e8b465ee728b)
Start importing Assets/Scripts/HubScene/HubLoadoutSlotUI.cs using Guid(0e6c96ae7b176f645b2819eb876d017e) Importer(815301076,1909f56bfc062723c751e8b465ee728b) (PreviewImporter) -> (artifact id: '00000000000000000000000000000000') in 0.0013146 seconds
Import Error Code:(4)
Message: Build asset version error: assets/scripts/hubscene/hubloadoutslotui.cs in SourceAssetDB has modification time of '2026-02-24T13:29:17.0065298Z' while content on disk has modification time of '2026-02-24T13:29:27.8109936Z'
  ERROR: Build asset version error: assets/scripts/hubscene/hubloadoutslotui.cs in SourceAssetDB has modification time of '2026-02-24T13:29:17.0065298Z' while content on disk has modification time of '2026-02-24T13:29:27.8109936Z'
Number of updated asset objects reloaded before import = 0Number of asset objects unloaded after import = 0

========================================================================
Received Import Request.
  Time since last request: 0.000022 seconds.
  path: Assets/Scripts/HubScene/HubLoadoutSlotUI.cs
  artifactKey: Guid(0e6c96ae7b176f645b2819eb876d017e) Importer(815301076,1909f56bfc062723c751e8b465ee728b)
Start importing Assets/Scripts/HubScene/HubLoadoutSlotUI.cs using Guid(0e6c96ae7b176f645b2819eb876d017e) Importer(815301076,1909f56bfc062723c751e8b465ee728b) (PreviewImporter) -> (artifact id: '00000000000000000000000000000000') in 0.0013883 seconds
Import Error Code:(4)
Message: Build asset version error: assets/scripts/hubscene/hubloadoutslotui.cs in SourceAssetDB has modification time of '2026-02-24T13:29:17.0065298Z' while content on disk has modification time of '2026-02-24T13:29:27.8109936Z'
  ERROR: Build asset version error: assets/scripts/hubscene/hubloadoutslotui.cs in SourceAssetDB has modification time of '2026-02-24T13:29:17.0065298Z' while content on disk has modification time of '2026-02-24T13:29:27.8109936Z'
Number of updated asset objects reloaded before import = 0Number of asset objects unloaded after import = 0

========================================================================
Received Import Request.
  Time since last request: 0.000025 seconds.
  path: Assets/Scripts/HubScene/HubLoadoutSlotUI.cs
  artifactKey: Guid(0e6c96ae7b176f645b2819eb876d017e) Importer(815301076,1909f56bfc062723c751e8b465ee728b)
Start importing Assets/Scripts/HubScene/HubLoadoutSlotUI.cs using Guid(0e6c96ae7b176f645b2819eb876d017e) Importer(815301076,1909f56bfc062723c751e8b465ee728b) (PreviewImporter) -> (artifact id: '00000000000000000000000000000000') in 0.0009464 seconds
Import Error Code:(4)
Message: Build asset version error: assets/scripts/hubscene/hubloadoutslotui.cs in SourceAssetDB has modification time of '2026-02-24T13:29:17.0065298Z' while content on disk has modification time of '2026-02-24T13:29:27.8109936Z'
  ERROR: Build asset version error: assets/scripts/hubscene/hubloadoutslotui.cs in SourceAssetDB has modification time of '2026-02-24T13:29:17.0065298Z' while content on disk has modification time of '2026-02-24T13:29:27.8109936Z'
Number of updated asset objects reloaded before import = 0Number of asset objects unloaded after import = 0

========================================================================
Received Import Request.
  Time since last request: 0.000030 seconds.
  path: Assets/Scripts/HubScene/HubLoadoutSlotUI.cs
  artifactKey: Guid(0e6c96ae7b176f645b2819eb876d017e) Importer(815301076,1909f56bfc062723c751e8b465ee728b)
Start importing Assets/Scripts/HubScene/HubLoadoutSlotUI.cs using Guid(0e6c96ae7b176f645b2819eb876d017e) Importer(815301076,1909f56bfc062723c751e8b465ee728b) (PreviewImporter) -> (artifact id: '00000000000000000000000000000000') in 0.0011397 seconds
Import Error Code:(4)
Message: Build asset version error: assets/scripts/hubscene/hubloadoutslotui.cs in SourceAssetDB has modification time of '2026-02-24T13:29:17.0065298Z' while content on disk has modification time of '2026-02-24T13:29:27.8109936Z'
  ERROR: Build asset version error: assets/scripts/hubscene/hubloadoutslotui.cs in SourceAssetDB has modification time of '2026-02-24T13:29:17.0065298Z' while content on disk has modification time of '2026-02-24T13:29:27.8109936Z'
Number of updated asset objects reloaded before import = 0Number of asset objects unloaded after import = 0

========================================================================
Received Import Request.
  Time since last request: 0.000037 seconds.
  path: Assets/Scripts/HubScene/HubLoadoutSlotUI.cs
  artifactKey: Guid(0e6c96ae7b176f645b2819eb876d017e) Importer(815301076,1909f56bfc062723c751e8b465ee728b)
Start importing Assets/Scripts/HubScene/HubLoadoutSlotUI.cs using Guid(0e6c96ae7b176f645b2819eb876d017e) Importer(815301076,1909f56bfc062723c751e8b465ee728b) (PreviewImporter) -> (artifact id: '00000000000000000000000000000000') in 0.0012866 seconds
Import Error Code:(4)
Message: Build asset version error: assets/scripts/hubscene/hubloadoutslotui.cs in SourceAssetDB has modification time of '2026-02-24T13:29:17.0065298Z' while content on disk has modification time of '2026-02-24T13:29:27.8109936Z'
  ERROR: Build asset version error: assets/scripts/hubscene/hubloadoutslotui.cs in SourceAssetDB has modification time of '2026-02-24T13:29:17.0065298Z' while content on disk has modification time of '2026-02-24T13:29:27.8109936Z'
Number of updated asset objects reloaded before import = 0Number of asset objects unloaded after import = 0

========================================================================
Received Import Request.
  Time since last request: 0.000026 seconds.
  path: Assets/Scripts/HubScene/HubLoadoutSlotUI.cs
  artifactKey: Guid(0e6c96ae7b176f645b2819eb876d017e) Importer(815301076,1909f56bfc062723c751e8b465ee728b)
Start importing Assets/Scripts/HubScene/HubLoadoutSlotUI.cs using Guid(0e6c96ae7b176f645b2819eb876d017e) Importer(815301076,1909f56bfc062723c751e8b465ee728b) (PreviewImporter) -> (artifact id: '00000000000000000000000000000000') in 0.0012461 seconds
Import Error Code:(4)
Message: Build asset version error: assets/scripts/hubscene/hubloadoutslotui.cs in SourceAssetDB has modification time of '2026-02-24T13:29:17.0065298Z' while content on disk has modification time of '2026-02-24T13:29:27.8109936Z'
  ERROR: Build asset version error: assets/scripts/hubscene/hubloadoutslotui.cs in SourceAssetDB has modification time of '2026-02-24T13:29:17.0065298Z' while content on disk has modification time of '2026-02-24T13:29:27.8109936Z'
Number of updated asset objects reloaded before import = 0Number of asset objects unloaded after import = 0

========================================================================
Received Import Request.
  Time since last request: 0.000040 seconds.
  path: Assets/Scripts/HubScene/HubLoadoutSlotUI.cs
  artifactKey: Guid(0e6c96ae7b176f645b2819eb876d017e) Importer(815301076,1909f56bfc062723c751e8b465ee728b)
Start importing Assets/Scripts/HubScene/HubLoadoutSlotUI.cs using Guid(0e6c96ae7b176f645b2819eb876d017e) Importer(815301076,1909f56bfc062723c751e8b465ee728b) (PreviewImporter) -> (artifact id: '00000000000000000000000000000000') in 0.0011476 seconds
Import Error Code:(4)
Message: Build asset version error: assets/scripts/hubscene/hubloadoutslotui.cs in SourceAssetDB has modification time of '2026-02-24T13:29:17.0065298Z' while content on disk has modification time of '2026-02-24T13:29:27.8109936Z'
  ERROR: Build asset version error: assets/scripts/hubscene/hubloadoutslotui.cs in SourceAssetDB has modification time of '2026-02-24T13:29:17.0065298Z' while content on disk has modification time of '2026-02-24T13:29:27.8109936Z'
Number of updated asset objects reloaded before import = 0Number of asset objects unloaded after import = 0

========================================================================
Received Import Request.
  Time since last request: 0.000031 seconds.
  path: Assets/Scripts/HubScene/HubLoadoutSlotUI.cs
  artifactKey: Guid(0e6c96ae7b176f645b2819eb876d017e) Importer(815301076,1909f56bfc062723c751e8b465ee728b)
Start importing Assets/Scripts/HubScene/HubLoadoutSlotUI.cs using Guid(0e6c96ae7b176f645b2819eb876d017e) Importer(815301076,1909f56bfc062723c751e8b465ee728b) (PreviewImporter) -> (artifact id: '00000000000000000000000000000000') in 0.0011557 seconds
Import Error Code:(4)
Message: Build asset version error: assets/scripts/hubscene/hubloadoutslotui.cs in SourceAssetDB has modification time of '2026-02-24T13:29:17.0065298Z' while content on disk has modification time of '2026-02-24T13:29:27.8109936Z'
  ERROR: Build asset version error: assets/scripts/hubscene/hubloadoutslotui.cs in SourceAssetDB has modification time of '2026-02-24T13:29:17.0065298Z' while content on disk has modification time of '2026-02-24T13:29:27.8109936Z'
Number of updated asset objects reloaded before import = 0Number of asset objects unloaded after import = 0

========================================================================
Received Import Request.
  Time since last request: 0.000036 seconds.
  path: Assets/Scripts/HubScene/HubLoadoutSlotUI.cs
  artifactKey: Guid(0e6c96ae7b176f645b2819eb876d017e) Importer(815301076,1909f56bfc062723c751e8b465ee728b)
Start importing Assets/Scripts/HubScene/HubLoadoutSlotUI.cs using Guid(0e6c96ae7b176f645b2819eb876d017e) Importer(815301076,1909f56bfc062723c751e8b465ee728b) (PreviewImporter) -> (artifact id: '00000000000000000000000000000000') in 0.0009536 seconds
Import Error Code:(4)
Message: Build asset version error: assets/scripts/hubscene/hubloadoutslotui.cs in SourceAssetDB has modification time of '2026-02-24T13:29:17.0065298Z' while content on disk has modification time of '2026-02-24T13:29:27.8109936Z'
  ERROR: Build asset version error: assets/scripts/hubscene/hubloadoutslotui.cs in SourceAssetDB has modification time of '2026-02-24T13:29:17.0065298Z' while content on disk has modification time of '2026-02-24T13:29:27.8109936Z'
Number of updated asset objects reloaded before import = 0Number of asset objects unloaded after import = 0

========================================================================
Received Import Request.
  Time since last request: 0.000025 seconds.
  path: Assets/Scripts/HubScene/HubLoadoutSlotUI.cs
  artifactKey: Guid(0e6c96ae7b176f645b2819eb876d017e) Importer(815301076,1909f56bfc062723c751e8b465ee728b)
Start importing Assets/Scripts/HubScene/HubLoadoutSlotUI.cs using Guid(0e6c96ae7b176f645b2819eb876d017e) Importer(815301076,1909f56bfc062723c751e8b465ee728b) (PreviewImporter) -> (artifact id: '00000000000000000000000000000000') in 0.0010765 seconds
Import Error Code:(4)
Message: Build asset version error: assets/scripts/hubscene/hubloadoutslotui.cs in SourceAssetDB has modification time of '2026-02-24T13:29:17.0065298Z' while content on disk has modification time of '2026-02-24T13:29:27.8109936Z'
  ERROR: Build asset version error: assets/scripts/hubscene/hubloadoutslotui.cs in SourceAssetDB has modification time of '2026-02-24T13:29:17.0065298Z' while content on disk has modification time of '2026-02-24T13:29:27.8109936Z'
Number of updated asset objects reloaded before import = 0Number of asset objects unloaded after import = 0

========================================================================
Received Import Request.
  Time since last request: 0.000035 seconds.
  path: Assets/Scripts/HubScene/HubLoadoutSlotUI.cs
  artifactKey: Guid(0e6c96ae7b176f645b2819eb876d017e) Importer(815301076,1909f56bfc062723c751e8b465ee728b)
Start importing Assets/Scripts/HubScene/HubLoadoutSlotUI.cs using Guid(0e6c96ae7b176f645b2819eb876d017e) Importer(815301076,1909f56bfc062723c751e8b465ee728b) (PreviewImporter) -> (artifact id: '00000000000000000000000000000000') in 0.0010186 seconds
Import Error Code:(4)
Message: Build asset version error: assets/scripts/hubscene/hubloadoutslotui.cs in SourceAssetDB has modification time of '2026-02-24T13:29:17.0065298Z' while content on disk has modification time of '2026-02-24T13:29:27.8109936Z'
  ERROR: Build asset version error: assets/scripts/hubscene/hubloadoutslotui.cs in SourceAssetDB has modification time of '2026-02-24T13:29:17.0065298Z' while content on disk has modification time of '2026-02-24T13:29:27.8109936Z'
Number of updated asset objects reloaded before import = 0Number of asset objects unloaded after import = 0

========================================================================
Received Import Request.
  Time since last request: 0.000029 seconds.
  path: Assets/Scripts/HubScene/HubLoadoutSlotUI.cs
  artifactKey: Guid(0e6c96ae7b176f645b2819eb876d017e) Importer(815301076,1909f56bfc062723c751e8b465ee728b)
Start importing Assets/Scripts/HubScene/HubLoadoutSlotUI.cs using Guid(0e6c96ae7b176f645b2819eb876d017e) Importer(815301076,1909f56bfc062723c751e8b465ee728b) (PreviewImporter) -> (artifact id: '00000000000000000000000000000000') in 0.0010731 seconds
Import Error Code:(4)
Message: Build asset version error: assets/scripts/hubscene/hubloadoutslotui.cs in SourceAssetDB has modification time of '2026-02-24T13:29:17.0065298Z' while content on disk has modification time of '2026-02-24T13:29:27.8109936Z'
  ERROR: Build asset version error: assets/scripts/hubscene/hubloadoutslotui.cs in SourceAssetDB has modification time of '2026-02-24T13:29:17.0065298Z' while content on disk has modification time of '2026-02-24T13:29:27.8109936Z'
Number of updated asset objects reloaded before import = 0Number of asset objects unloaded after import = 0

========================================================================
Received Import Request.
  Time since last request: 0.000044 seconds.
  path: Assets/Scripts/HubScene/HubLoadoutSlotUI.cs
  artifactKey: Guid(0e6c96ae7b176f645b2819eb876d017e) Importer(815301076,1909f56bfc062723c751e8b465ee728b)
Start importing Assets/Scripts/HubScene/HubLoadoutSlotUI.cs using Guid(0e6c96ae7b176f645b2819eb876d017e) Importer(815301076,1909f56bfc062723c751e8b465ee728b) (PreviewImporter) -> (artifact id: '00000000000000000000000000000000') in 0.0008096 seconds
Import Error Code:(4)
Message: Build asset version error: assets/scripts/hubscene/hubloadoutslotui.cs in SourceAssetDB has modification time of '2026-02-24T13:29:17.0065298Z' while content on disk has modification time of '2026-02-24T13:29:27.8109936Z'
  ERROR: Build asset version error: assets/scripts/hubscene/hubloadoutslotui.cs in SourceAssetDB has modification time of '2026-02-24T13:29:17.0065298Z' while content on disk has modification time of '2026-02-24T13:29:27.8109936Z'
Number of updated asset objects reloaded before import = 0Number of asset objects unloaded after import = 0

========================================================================
Received Import Request.
  Time since last request: 0.000037 seconds.
  path: Assets/Scripts/HubScene/HubLoadoutSlotUI.cs
  artifactKey: Guid(0e6c96ae7b176f645b2819eb876d017e) Importer(815301076,1909f56bfc062723c751e8b465ee728b)
Start importing Assets/Scripts/HubScene/HubLoadoutSlotUI.cs using Guid(0e6c96ae7b176f645b2819eb876d017e) Importer(815301076,1909f56bfc062723c751e8b465ee728b) (PreviewImporter) -> (artifact id: '00000000000000000000000000000000') in 0.000997 seconds
Import Error Code:(4)
Message: Build asset version error: assets/scripts/hubscene/hubloadoutslotui.cs in SourceAssetDB has modification time of '2026-02-24T13:29:17.0065298Z' while content on disk has modification time of '2026-02-24T13:29:27.8109936Z'
  ERROR: Build asset version error: assets/scripts/hubscene/hubloadoutslotui.cs in SourceAssetDB has modification time of '2026-02-24T13:29:17.0065298Z' while content on disk has modification time of '2026-02-24T13:29:27.8109936Z'
Number of updated asset objects reloaded before import = 0Number of asset objects unloaded after import = 0

========================================================================
Received Import Request.
  Time since last request: 0.000043 seconds.
  path: Assets/Scripts/HubScene/HubLoadoutSlotUI.cs
  artifactKey: Guid(0e6c96ae7b176f645b2819eb876d017e) Importer(815301076,1909f56bfc062723c751e8b465ee728b)
Start importing Assets/Scripts/HubScene/HubLoadoutSlotUI.cs using Guid(0e6c96ae7b176f645b2819eb876d017e) Importer(815301076,1909f56bfc062723c751e8b465ee728b) (PreviewImporter) -> (artifact id: '00000000000000000000000000000000') in 0.0008756 seconds
Import Error Code:(4)
Message: Build asset version error: assets/scripts/hubscene/hubloadoutslotui.cs in SourceAssetDB has modification time of '2026-02-24T13:29:17.0065298Z' while content on disk has modification time of '2026-02-24T13:29:27.8109936Z'
  ERROR: Build asset version error: assets/scripts/hubscene/hubloadoutslotui.cs in SourceAssetDB has modification time of '2026-02-24T13:29:17.0065298Z' while content on disk has modification time of '2026-02-24T13:29:27.8109936Z'
Number of updated asset objects reloaded before import = 0Number of asset objects unloaded after import = 0

========================================================================
Received Import Request.
  Time since last request: 0.000031 seconds.
  path: Assets/Scripts/HubScene/HubLoadoutSlotUI.cs
  artifactKey: Guid(0e6c96ae7b176f645b2819eb876d017e) Importer(815301076,1909f56bfc062723c751e8b465ee728b)
Start importing Assets/Scripts/HubScene/HubLoadoutSlotUI.cs using Guid(0e6c96ae7b176f645b2819eb876d017e) Importer(815301076,1909f56bfc062723c751e8b465ee728b) (PreviewImporter) -> (artifact id: '00000000000000000000000000000000') in 0.0012064 seconds
Import Error Code:(4)
Message: Build asset version error: assets/scripts/hubscene/hubloadoutslotui.cs in SourceAssetDB has modification time of '2026-02-24T13:29:17.0065298Z' while content on disk has modification time of '2026-02-24T13:29:27.8109936Z'
  ERROR: Build asset version error: assets/scripts/hubscene/hubloadoutslotui.cs in SourceAssetDB has modification time of '2026-02-24T13:29:17.0065298Z' while content on disk has modification time of '2026-02-24T13:29:27.8109936Z'
Number of updated asset objects reloaded before import = 0Number of asset objects unloaded after import = 0

========================================================================
Received Import Request.
  Time since last request: 0.000037 seconds.
  path: Assets/Scripts/HubScene/HubLoadoutSlotUI.cs
  artifactKey: Guid(0e6c96ae7b176f645b2819eb876d017e) Importer(815301076,1909f56bfc062723c751e8b465ee728b)
Start importing Assets/Scripts/HubScene/HubLoadoutSlotUI.cs using Guid(0e6c96ae7b176f645b2819eb876d017e) Importer(815301076,1909f56bfc062723c751e8b465ee728b) (PreviewImporter) -> (artifact id: '00000000000000000000000000000000') in 0.0008275 seconds
Import Error Code:(4)
Message: Build asset version error: assets/scripts/hubscene/hubloadoutslotui.cs in SourceAssetDB has modification time of '2026-02-24T13:29:17.0065298Z' while content on disk has modification time of '2026-02-24T13:29:27.8109936Z'
  ERROR: Build asset version error: assets/scripts/hubscene/hubloadoutslotui.cs in SourceAssetDB has modification time of '2026-02-24T13:29:17.0065298Z' while content on disk has modification time of '2026-02-24T13:29:27.8109936Z'
Number of updated asset objects reloaded before import = 0Number of asset objects unloaded after import = 0

========================================================================
Received Import Request.
  Time since last request: 0.000020 seconds.
  path: Assets/Scripts/HubScene/HubLoadoutSlotUI.cs
  artifactKey: Guid(0e6c96ae7b176f645b2819eb876d017e) Importer(815301076,1909f56bfc062723c751e8b465ee728b)
Start importing Assets/Scripts/HubScene/HubLoadoutSlotUI.cs using Guid(0e6c96ae7b176f645b2819eb876d017e) Importer(815301076,1909f56bfc062723c751e8b465ee728b) (PreviewImporter) -> (artifact id: '00000000000000000000000000000000') in 0.0006964 seconds
Import Error Code:(4)
Message: Build asset version error: assets/scripts/hubscene/hubloadoutslotui.cs in SourceAssetDB has modification time of '2026-02-24T13:29:17.0065298Z' while content on disk has modification time of '2026-02-24T13:29:27.8109936Z'
  ERROR: Build asset version error: assets/scripts/hubscene/hubloadoutslotui.cs in SourceAssetDB has modification time of '2026-02-24T13:29:17.0065298Z' while content on disk has modification time of '2026-02-24T13:29:27.8109936Z'
Number of updated asset objects reloaded before import = 0Number of asset objects unloaded after import = 0

========================================================================
Received Import Request.
  Time since last request: 0.000024 seconds.
  path: Assets/Scripts/HubScene/HubLoadoutSlotUI.cs
  artifactKey: Guid(0e6c96ae7b176f645b2819eb876d017e) Importer(815301076,1909f56bfc062723c751e8b465ee728b)
Start importing Assets/Scripts/HubScene/HubLoadoutSlotUI.cs using Guid(0e6c96ae7b176f645b2819eb876d017e) Importer(815301076,1909f56bfc062723c751e8b465ee728b) (PreviewImporter) -> (artifact id: '00000000000000000000000000000000') in 0.0012127 seconds
Import Error Code:(4)
Message: Build asset version error: assets/scripts/hubscene/hubloadoutslotui.cs in SourceAssetDB has modification time of '2026-02-24T13:29:17.0065298Z' while content on disk has modification time of '2026-02-24T13:29:27.8109936Z'
  ERROR: Build asset version error: assets/scripts/hubscene/hubloadoutslotui.cs in SourceAssetDB has modification time of '2026-02-24T13:29:17.0065298Z' while content on disk has modification time of '2026-02-24T13:29:27.8109936Z'
Number of updated asset objects reloaded before import = 0Number of asset objects unloaded after import = 0

========================================================================
Received Import Request.
  Time since last request: 0.000025 seconds.
  path: Assets/Scripts/HubScene/HubLoadoutSlotUI.cs
  artifactKey: Guid(0e6c96ae7b176f645b2819eb876d017e) Importer(815301076,1909f56bfc062723c751e8b465ee728b)
Start importing Assets/Scripts/HubScene/HubLoadoutSlotUI.cs using Guid(0e6c96ae7b176f645b2819eb876d017e) Importer(815301076,1909f56bfc062723c751e8b465ee728b) (PreviewImporter) -> (artifact id: '00000000000000000000000000000000') in 0.0009071 seconds
Import Error Code:(4)
Message: Build asset version error: assets/scripts/hubscene/hubloadoutslotui.cs in SourceAssetDB has modification time of '2026-02-24T13:29:17.0065298Z' while content on disk has modification time of '2026-02-24T13:29:27.8109936Z'
  ERROR: Build asset version error: assets/scripts/hubscene/hubloadoutslotui.cs in SourceAssetDB has modification time of '2026-02-24T13:29:17.0065298Z' while content on disk has modification time of '2026-02-24T13:29:27.8109936Z'
Number of updated asset objects reloaded before import = 0Number of asset objects unloaded after import = 0

========================================================================
Received Import Request.
  Time since last request: 0.000047 seconds.
  path: Assets/Scripts/HubScene/HubLoadoutSlotUI.cs
  artifactKey: Guid(0e6c96ae7b176f645b2819eb876d017e) Importer(815301076,1909f56bfc062723c751e8b465ee728b)
Start importing Assets/Scripts/HubScene/HubLoadoutSlotUI.cs using Guid(0e6c96ae7b176f645b2819eb876d017e) Importer(815301076,1909f56bfc062723c751e8b465ee728b) (PreviewImporter) -> (artifact id: '00000000000000000000000000000000') in 0.0008163 seconds
Import Error Code:(4)
Message: Build asset version error: assets/scripts/hubscene/hubloadoutslotui.cs in SourceAssetDB has modification time of '2026-02-24T13:29:17.0065298Z' while content on disk has modification time of '2026-02-24T13:29:27.8109936Z'
  ERROR: Build asset version error: assets/scripts/hubscene/hubloadoutslotui.cs in SourceAssetDB has modification time of '2026-02-24T13:29:17.0065298Z' while content on disk has modification time of '2026-02-24T13:29:27.8109936Z'
Number of updated asset objects reloaded before import = 0Number of asset objects unloaded after import = 0

========================================================================
Received Import Request.
  Time since last request: 0.000040 seconds.
  path: Assets/Scripts/HubScene/HubLoadoutSlotUI.cs
  artifactKey: Guid(0e6c96ae7b176f645b2819eb876d017e) Importer(815301076,1909f56bfc062723c751e8b465ee728b)
Start importing Assets/Scripts/HubScene/HubLoadoutSlotUI.cs using Guid(0e6c96ae7b176f645b2819eb876d017e) Importer(815301076,1909f56bfc062723c751e8b465ee728b) (PreviewImporter) -> (artifact id: '00000000000000000000000000000000') in 0.001253 seconds
Import Error Code:(4)
Message: Build asset version error: assets/scripts/hubscene/hubloadoutslotui.cs in SourceAssetDB has modification time of '2026-02-24T13:29:17.0065298Z' while content on disk has modification time of '2026-02-24T13:29:27.8109936Z'
  ERROR: Build asset version error: assets/scripts/hubscene/hubloadoutslotui.cs in SourceAssetDB has modification time of '2026-02-24T13:29:17.0065298Z' while content on disk has modification time of '2026-02-24T13:29:27.8109936Z'
Number of updated asset objects reloaded before import = 0Number of asset objects unloaded after import = 0

========================================================================
Received Import Request.
  Time since last request: 0.000027 seconds.
  path: Assets/Scripts/HubScene/HubLoadoutSlotUI.cs
  artifactKey: Guid(0e6c96ae7b176f645b2819eb876d017e) Importer(815301076,1909f56bfc062723c751e8b465ee728b)
Start importing Assets/Scripts/HubScene/HubLoadoutSlotUI.cs using Guid(0e6c96ae7b176f645b2819eb876d017e) Importer(815301076,1909f56bfc062723c751e8b465ee728b) (PreviewImporter) -> (artifact id: '00000000000000000000000000000000') in 0.0008797 seconds
Import Error Code:(4)
Message: Build asset version error: assets/scripts/hubscene/hubloadoutslotui.cs in SourceAssetDB has modification time of '2026-02-24T13:29:17.0065298Z' while content on disk has modification time of '2026-02-24T13:29:27.8109936Z'
  ERROR: Build asset version error: assets/scripts/hubscene/hubloadoutslotui.cs in SourceAssetDB has modification time of '2026-02-24T13:29:17.0065298Z' while content on disk has modification time of '2026-02-24T13:29:27.8109936Z'
Number of updated asset objects reloaded before import = 0Number of asset objects unloaded after import = 0

========================================================================
Received Import Request.
  Time since last request: 0.000022 seconds.
  path: Assets/Scripts/HubScene/HubLoadoutSlotUI.cs
  artifactKey: Guid(0e6c96ae7b176f645b2819eb876d017e) Importer(815301076,1909f56bfc062723c751e8b465ee728b)
Start importing Assets/Scripts/HubScene/HubLoadoutSlotUI.cs using Guid(0e6c96ae7b176f645b2819eb876d017e) Importer(815301076,1909f56bfc062723c751e8b465ee728b) (PreviewImporter) -> (artifact id: '00000000000000000000000000000000') in 0.0008232 seconds
Import Error Code:(4)
Message: Build asset version error: assets/scripts/hubscene/hubloadoutslotui.cs in SourceAssetDB has modification time of '2026-02-24T13:29:17.0065298Z' while content on disk has modification time of '2026-02-24T13:29:27.8109936Z'
  ERROR: Build asset version error: assets/scripts/hubscene/hubloadoutslotui.cs in SourceAssetDB has modification time of '2026-02-24T13:29:17.0065298Z' while content on disk has modification time of '2026-02-24T13:29:27.8109936Z'
Number of updated asset objects reloaded before import = 0Number of asset objects unloaded after import = 0

========================================================================
Received Import Request.
  Time since last request: 0.000022 seconds.
  path: Assets/Scripts/HubScene/HubLoadoutSlotUI.cs
  artifactKey: Guid(0e6c96ae7b176f645b2819eb876d017e) Importer(815301076,1909f56bfc062723c751e8b465ee728b)
Start importing Assets/Scripts/HubScene/HubLoadoutSlotUI.cs using Guid(0e6c96ae7b176f645b2819eb876d017e) Importer(815301076,1909f56bfc062723c751e8b465ee728b) (PreviewImporter) -> (artifact id: '00000000000000000000000000000000') in 0.0009993 seconds
Import Error Code:(4)
Message: Build asset version error: assets/scripts/hubscene/hubloadoutslotui.cs in SourceAssetDB has modification time of '2026-02-24T13:29:17.0065298Z' while content on disk has modification time of '2026-02-24T13:29:27.8109936Z'
  ERROR: Build asset version error: assets/scripts/hubscene/hubloadoutslotui.cs in SourceAssetDB has modification time of '2026-02-24T13:29:17.0065298Z' while content on disk has modification time of '2026-02-24T13:29:27.8109936Z'
Number of updated asset objects reloaded before import = 0Number of asset objects unloaded after import = 0

========================================================================
Received Import Request.
  Time since last request: 0.000027 seconds.
  path: Assets/Scripts/HubScene/HubLoadoutSlotUI.cs
  artifactKey: Guid(0e6c96ae7b176f645b2819eb876d017e) Importer(815301076,1909f56bfc062723c751e8b465ee728b)
Start importing Assets/Scripts/HubScene/HubLoadoutSlotUI.cs using Guid(0e6c96ae7b176f645b2819eb876d017e) Importer(815301076,1909f56bfc062723c751e8b465ee728b) (PreviewImporter) -> (artifact id: '00000000000000000000000000000000') in 0.000781 seconds
Import Error Code:(4)
Message: Build asset version error: assets/scripts/hubscene/hubloadoutslotui.cs in SourceAssetDB has modification time of '2026-02-24T13:29:17.0065298Z' while content on disk has modification time of '2026-02-24T13:29:27.8109936Z'
  ERROR: Build asset version error: assets/scripts/hubscene/hubloadoutslotui.cs in SourceAssetDB has modification time of '2026-02-24T13:29:17.0065298Z' while content on disk has modification time of '2026-02-24T13:29:27.8109936Z'
Number of updated asset objects reloaded before import = 0Number of asset objects unloaded after import = 0

========================================================================
Received Import Request.
  Time since last request: 0.000032 seconds.
  path: Assets/Scripts/HubScene/HubLoadoutSlotUI.cs
  artifactKey: Guid(0e6c96ae7b176f645b2819eb876d017e) Importer(815301076,1909f56bfc062723c751e8b465ee728b)
Start importing Assets/Scripts/HubScene/HubLoadoutSlotUI.cs using Guid(0e6c96ae7b176f645b2819eb876d017e) Importer(815301076,1909f56bfc062723c751e8b465ee728b) (PreviewImporter) -> (artifact id: '00000000000000000000000000000000') in 0.0011598 seconds
Import Error Code:(4)
Message: Build asset version error: assets/scripts/hubscene/hubloadoutslotui.cs in SourceAssetDB has modification time of '2026-02-24T13:29:17.0065298Z' while content on disk has modification time of '2026-02-24T13:29:27.8109936Z'
  ERROR: Build asset version error: assets/scripts/hubscene/hubloadoutslotui.cs in SourceAssetDB has modification time of '2026-02-24T13:29:17.0065298Z' while content on disk has modification time of '2026-02-24T13:29:27.8109936Z'
Number of updated asset objects reloaded before import = 0Number of asset objects unloaded after import = 0

========================================================================
Received Import Request.
  Time since last request: 0.000041 seconds.
  path: Assets/Scripts/HubScene/HubLoadoutSlotUI.cs
  artifactKey: Guid(0e6c96ae7b176f645b2819eb876d017e) Importer(815301076,1909f56bfc062723c751e8b465ee728b)
Start importing Assets/Scripts/HubScene/HubLoadoutSlotUI.cs using Guid(0e6c96ae7b176f645b2819eb876d017e) Importer(815301076,1909f56bfc062723c751e8b465ee728b) (PreviewImporter) -> (artifact id: '00000000000000000000000000000000') in 0.0007005 seconds
Import Error Code:(4)
Message: Build asset version error: assets/scripts/hubscene/hubloadoutslotui.cs in SourceAssetDB has modification time of '2026-02-24T13:29:17.0065298Z' while content on disk has modification time of '2026-02-24T13:29:27.8109936Z'
  ERROR: Build asset version error: assets/scripts/hubscene/hubloadoutslotui.cs in SourceAssetDB has modification time of '2026-02-24T13:29:17.0065298Z' while content on disk has modification time of '2026-02-24T13:29:27.8109936Z'
Number of updated asset objects reloaded before import = 0Number of asset objects unloaded after import = 0

========================================================================
Received Import Request.
  Time since last request: 0.000025 seconds.
  path: Assets/Scripts/HubScene/HubLoadoutSlotUI.cs
  artifactKey: Guid(0e6c96ae7b176f645b2819eb876d017e) Importer(815301076,1909f56bfc062723c751e8b465ee728b)
Start importing Assets/Scripts/HubScene/HubLoadoutSlotUI.cs using Guid(0e6c96ae7b176f645b2819eb876d017e) Importer(815301076,1909f56bfc062723c751e8b465ee728b) (PreviewImporter) -> (artifact id: '00000000000000000000000000000000') in 0.0008209 seconds
Import Error Code:(4)
Message: Build asset version error: assets/scripts/hubscene/hubloadoutslotui.cs in SourceAssetDB has modification time of '2026-02-24T13:29:17.0065298Z' while content on disk has modification time of '2026-02-24T13:29:27.8109936Z'
  ERROR: Build asset version error: assets/scripts/hubscene/hubloadoutslotui.cs in SourceAssetDB has modification time of '2026-02-24T13:29:17.0065298Z' while content on disk has modification time of '2026-02-24T13:29:27.8109936Z'
Number of updated asset objects reloaded before import = 0Number of asset objects unloaded after import = 0

========================================================================
Received Import Request.
  Time since last request: 0.000021 seconds.
  path: Assets/Scripts/HubScene/HubLoadoutSlotUI.cs
  artifactKey: Guid(0e6c96ae7b176f645b2819eb876d017e) Importer(815301076,1909f56bfc062723c751e8b465ee728b)
Start importing Assets/Scripts/HubScene/HubLoadoutSlotUI.cs using Guid(0e6c96ae7b176f645b2819eb876d017e) Importer(815301076,1909f56bfc062723c751e8b465ee728b) (PreviewImporter) -> (artifact id: '00000000000000000000000000000000') in 0.0012967 seconds
Import Error Code:(4)
Message: Build asset version error: assets/scripts/hubscene/hubloadoutslotui.cs in SourceAssetDB has modification time of '2026-02-24T13:29:17.0065298Z' while content on disk has modification time of '2026-02-24T13:29:27.8109936Z'
  ERROR: Build asset version error: assets/scripts/hubscene/hubloadoutslotui.cs in SourceAssetDB has modification time of '2026-02-24T13:29:17.0065298Z' while content on disk has modification time of '2026-02-24T13:29:27.8109936Z'
Number of updated asset objects reloaded before import = 0Number of asset objects unloaded after import = 0

========================================================================
Received Import Request.
  Time since last request: 0.000024 seconds.
  path: Assets/Scripts/HubScene/HubLoadoutSlotUI.cs
  artifactKey: Guid(0e6c96ae7b176f645b2819eb876d017e) Importer(815301076,1909f56bfc062723c751e8b465ee728b)
Start importing Assets/Scripts/HubScene/HubLoadoutSlotUI.cs using Guid(0e6c96ae7b176f645b2819eb876d017e) Importer(815301076,1909f56bfc062723c751e8b465ee728b) (PreviewImporter) -> (artifact id: '00000000000000000000000000000000') in 0.0009809 seconds
Import Error Code:(4)
Message: Build asset version error: assets/scripts/hubscene/hubloadoutslotui.cs in SourceAssetDB has modification time of '2026-02-24T13:29:17.0065298Z' while content on disk has modification time of '2026-02-24T13:29:27.8109936Z'
  ERROR: Build asset version error: assets/scripts/hubscene/hubloadoutslotui.cs in SourceAssetDB has modification time of '2026-02-24T13:29:17.0065298Z' while content on disk has modification time of '2026-02-24T13:29:27.8109936Z'
Number of updated asset objects reloaded before import = 0Number of asset objects unloaded after import = 0

========================================================================
Received Import Request.
  Time since last request: 0.000031 seconds.
  path: Assets/Scripts/HubScene/HubLoadoutSlotUI.cs
  artifactKey: Guid(0e6c96ae7b176f645b2819eb876d017e) Importer(815301076,1909f56bfc062723c751e8b465ee728b)
Start importing Assets/Scripts/HubScene/HubLoadoutSlotUI.cs using Guid(0e6c96ae7b176f645b2819eb876d017e) Importer(815301076,1909f56bfc062723c751e8b465ee728b) (PreviewImporter) -> (artifact id: '00000000000000000000000000000000') in 0.0007751 seconds
Import Error Code:(4)
Message: Build asset version error: assets/scripts/hubscene/hubloadoutslotui.cs in SourceAssetDB has modification time of '2026-02-24T13:29:17.0065298Z' while content on disk has modification time of '2026-02-24T13:29:27.8109936Z'
  ERROR: Build asset version error: assets/scripts/hubscene/hubloadoutslotui.cs in SourceAssetDB has modification time of '2026-02-24T13:29:17.0065298Z' while content on disk has modification time of '2026-02-24T13:29:27.8109936Z'
Number of updated asset objects reloaded before import = 0Number of asset objects unloaded after import = 0

========================================================================
Received Import Request.
  Time since last request: 0.000019 seconds.
  path: Assets/Scripts/HubScene/HubLoadoutSlotUI.cs
  artifactKey: Guid(0e6c96ae7b176f645b2819eb876d017e) Importer(815301076,1909f56bfc062723c751e8b465ee728b)
Start importing Assets/Scripts/HubScene/HubLoadoutSlotUI.cs using Guid(0e6c96ae7b176f645b2819eb876d017e) Importer(815301076,1909f56bfc062723c751e8b465ee728b) (PreviewImporter) -> (artifact id: '00000000000000000000000000000000') in 0.0007057 seconds
Import Error Code:(4)
Message: Build asset version error: assets/scripts/hubscene/hubloadoutslotui.cs in SourceAssetDB has modification time of '2026-02-24T13:29:17.0065298Z' while content on disk has modification time of '2026-02-24T13:29:27.8109936Z'
  ERROR: Build asset version error: assets/scripts/hubscene/hubloadoutslotui.cs in SourceAssetDB has modification time of '2026-02-24T13:29:17.0065298Z' while content on disk has modification time of '2026-02-24T13:29:27.8109936Z'
Number of updated asset objects reloaded before import = 0Number of asset objects unloaded after import = 0

========================================================================
Received Import Request.
  Time since last request: 0.000042 seconds.
  path: Assets/Scripts/HubScene/HubLoadoutSlotUI.cs
  artifactKey: Guid(0e6c96ae7b176f645b2819eb876d017e) Importer(815301076,1909f56bfc062723c751e8b465ee728b)
Start importing Assets/Scripts/HubScene/HubLoadoutSlotUI.cs using Guid(0e6c96ae7b176f645b2819eb876d017e) Importer(815301076,1909f56bfc062723c751e8b465ee728b) (PreviewImporter) -> (artifact id: '00000000000000000000000000000000') in 0.0007091 seconds
Import Error Code:(4)
Message: Build asset version error: assets/scripts/hubscene/hubloadoutslotui.cs in SourceAssetDB has modification time of '2026-02-24T13:29:17.0065298Z' while content on disk has modification time of '2026-02-24T13:29:27.8109936Z'
  ERROR: Build asset version error: assets/scripts/hubscene/hubloadoutslotui.cs in SourceAssetDB has modification time of '2026-02-24T13:29:17.0065298Z' while content on disk has modification time of '2026-02-24T13:29:27.8109936Z'
Number of updated asset objects reloaded before import = 0Number of asset objects unloaded after import = 0

========================================================================
Received Import Request.
  Time since last request: 0.000019 seconds.
  path: Assets/Scripts/HubScene/HubLoadoutSlotUI.cs
  artifactKey: Guid(0e6c96ae7b176f645b2819eb876d017e) Importer(815301076,1909f56bfc062723c751e8b465ee728b)
Start importing Assets/Scripts/HubScene/HubLoadoutSlotUI.cs using Guid(0e6c96ae7b176f645b2819eb876d017e) Importer(815301076,1909f56bfc062723c751e8b465ee728b) (PreviewImporter) -> (artifact id: '00000000000000000000000000000000') in 0.0008655 seconds
Import Error Code:(4)
Message: Build asset version error: assets/scripts/hubscene/hubloadoutslotui.cs in SourceAssetDB has modification time of '2026-02-24T13:29:17.0065298Z' while content on disk has modification time of '2026-02-24T13:29:27.8109936Z'
  ERROR: Build asset version error: assets/scripts/hubscene/hubloadoutslotui.cs in SourceAssetDB has modification time of '2026-02-24T13:29:17.0065298Z' while content on disk has modification time of '2026-02-24T13:29:27.8109936Z'
Number of updated asset objects reloaded before import = 0Number of asset objects unloaded after import = 0

========================================================================
Received Import Request.
  Time since last request: 0.000024 seconds.
  path: Assets/Scripts/HubScene/HubLoadoutSlotUI.cs
  artifactKey: Guid(0e6c96ae7b176f645b2819eb876d017e) Importer(815301076,1909f56bfc062723c751e8b465ee728b)
Start importing Assets/Scripts/HubScene/HubLoadoutSlotUI.cs using Guid(0e6c96ae7b176f645b2819eb876d017e) Importer(815301076,1909f56bfc062723c751e8b465ee728b) (PreviewImporter) -> (artifact id: '00000000000000000000000000000000') in 0.0010476 seconds
Import Error Code:(4)
Message: Build asset version error: assets/scripts/hubscene/hubloadoutslotui.cs in SourceAssetDB has modification time of '2026-02-24T13:29:17.0065298Z' while content on disk has modification time of '2026-02-24T13:29:27.8109936Z'
  ERROR: Build asset version error: assets/scripts/hubscene/hubloadoutslotui.cs in SourceAssetDB has modification time of '2026-02-24T13:29:17.0065298Z' while content on disk has modification time of '2026-02-24T13:29:27.8109936Z'
Number of updated asset objects reloaded before import = 0Number of asset objects unloaded after import = 0

========================================================================
Received Import Request.
  Time since last request: 0.000030 seconds.
  path: Assets/Scripts/HubScene/HubLoadoutSlotUI.cs
  artifactKey: Guid(0e6c96ae7b176f645b2819eb876d017e) Importer(815301076,1909f56bfc062723c751e8b465ee728b)
Start importing Assets/Scripts/HubScene/HubLoadoutSlotUI.cs using Guid(0e6c96ae7b176f645b2819eb876d017e) Importer(815301076,1909f56bfc062723c751e8b465ee728b) (PreviewImporter) -> (artifact id: '00000000000000000000000000000000') in 0.00128 seconds
Import Error Code:(4)
Message: Build asset version error: assets/scripts/hubscene/hubloadoutslotui.cs in SourceAssetDB has modification time of '2026-02-24T13:29:17.0065298Z' while content on disk has modification time of '2026-02-24T13:29:27.8109936Z'
  ERROR: Build asset version error: assets/scripts/hubscene/hubloadoutslotui.cs in SourceAssetDB has modification time of '2026-02-24T13:29:17.0065298Z' while content on disk has modification time of '2026-02-24T13:29:27.8109936Z'
Number of updated asset objects reloaded before import = 0Number of asset objects unloaded after import = 0

========================================================================
Received Import Request.
  Time since last request: 0.000025 seconds.
  path: Assets/Scripts/HubScene/HubLoadoutSlotUI.cs
  artifactKey: Guid(0e6c96ae7b176f645b2819eb876d017e) Importer(815301076,1909f56bfc062723c751e8b465ee728b)
Start importing Assets/Scripts/HubScene/HubLoadoutSlotUI.cs using Guid(0e6c96ae7b176f645b2819eb876d017e) Importer(815301076,1909f56bfc062723c751e8b465ee728b) (PreviewImporter) -> (artifact id: '00000000000000000000000000000000') in 0.0005898 seconds
Import Error Code:(4)
Message: Build asset version error: assets/scripts/hubscene/hubloadoutslotui.cs in SourceAssetDB has modification time of '2026-02-24T13:29:17.0065298Z' while content on disk has modification time of '2026-02-24T13:29:27.8109936Z'
  ERROR: Build asset version error: assets/scripts/hubscene/hubloadoutslotui.cs in SourceAssetDB has modification time of '2026-02-24T13:29:17.0065298Z' while content on disk has modification time of '2026-02-24T13:29:27.8109936Z'
Number of updated asset objects reloaded before import = 0Number of asset objects unloaded after import = 0

========================================================================
Received Prepare
Refreshing native plugins compatible for Editor in 2.63 ms, found 4 plugins.
Preloading 0 native plugins for Editor in 0.00 ms.
Unloading 13 Unused Serialized files (Serialized files now loaded: 0)
Unloading 6854 unused Assets / (3.3 MB). Loaded Objects now: 7689.
Memory consumption went from 156.8 MB to 153.5 MB.
Total: 7.358700 ms (FindLiveObjects: 0.509700 ms CreateObjectMapping: 0.406600 ms MarkObjects: 4.922000 ms  DeleteObjects: 1.519300 ms)

Prepare: number of updated asset objects reloaded= 0
========================================================================
Received Prepare
Refreshing native plugins compatible for Editor in 2.00 ms, found 4 plugins.
Preloading 0 native plugins for Editor in 0.00 ms.
Unloading 13 Unused Serialized files (Serialized files now loaded: 0)
Unloading 6855 unused Assets / (4.0 MB). Loaded Objects now: 7690.
Memory consumption went from 156.8 MB to 152.8 MB.
Total: 13.408400 ms (FindLiveObjects: 1.167100 ms CreateObjectMapping: 1.068000 ms MarkObjects: 7.784700 ms  DeleteObjects: 3.386400 ms)

Prepare: number of updated asset objects reloaded= 0
========================================================================
Received Prepare
Refreshing native plugins compatible for Editor in 1.34 ms, found 4 plugins.
Preloading 0 native plugins for Editor in 0.00 ms.
Unloading 13 Unused Serialized files (Serialized files now loaded: 0)
Unloading 6854 unused Assets / (3.2 MB). Loaded Objects now: 7689.
Memory consumption went from 156.8 MB to 153.5 MB.
Total: 5.908900 ms (FindLiveObjects: 0.446900 ms CreateObjectMapping: 0.299200 ms MarkObjects: 3.740000 ms  DeleteObjects: 1.421600 ms)

Prepare: number of updated asset objects reloaded= 0
========================================================================
Received Prepare
Refreshing native plugins compatible for Editor in 1.58 ms, found 4 plugins.
Preloading 0 native plugins for Editor in 0.00 ms.
Unloading 13 Unused Serialized files (Serialized files now loaded: 0)
Unloading 6855 unused Assets / (4.0 MB). Loaded Objects now: 7690.
Memory consumption went from 156.8 MB to 152.7 MB.
Total: 10.429900 ms (FindLiveObjects: 0.933900 ms CreateObjectMapping: 0.573900 ms MarkObjects: 6.318800 ms  DeleteObjects: 2.601700 ms)

Prepare: number of updated asset objects reloaded= 0
========================================================================
Received Import Request.
  Time since last request: 146.671639 seconds.
  path: Assets/Scripts/HubScene/HubMetaSlotUI.cs
  artifactKey: Guid(1287b51a4b57c764e9a1ffca0bd03c89) Importer(815301076,1909f56bfc062723c751e8b465ee728b)
Start importing Assets/Scripts/HubScene/HubMetaSlotUI.cs using Guid(1287b51a4b57c764e9a1ffca0bd03c89) Importer(815301076,1909f56bfc062723c751e8b465ee728b) (PreviewImporter) -> (artifact id: 'dae4ece7b073240858aeaea81c46d930') in 0.0021942 seconds
Number of updated asset objects reloaded before import = 0Number of asset objects unloaded after import = 0

========================================================================
Received Prepare
Refreshing native plugins compatible for Editor in 1.77 ms, found 4 plugins.
Preloading 0 native plugins for Editor in 0.00 ms.
Unloading 13 Unused Serialized files (Serialized files now loaded: 0)
Unloading 6855 unused Assets / (3.6 MB). Loaded Objects now: 7690.
Memory consumption went from 156.8 MB to 153.2 MB.
Total: 7.628700 ms (FindLiveObjects: 0.799000 ms CreateObjectMapping: 0.357100 ms MarkObjects: 4.646600 ms  DeleteObjects: 1.823700 ms)

Prepare: number of updated asset objects reloaded= 0
========================================================================
Received Prepare
Begin MonoManager ReloadAssembly
- Loaded All Assemblies, in  0.776 seconds
Refreshing native plugins compatible for Editor in 3.76 ms, found 4 plugins.
Native extension for WindowsStandalone target not found
Mono: successfully reloaded assembly
- Finished resetting the current domain, in  0.805 seconds
Domain Reload Profiling: 1581ms
	BeginReloadAssembly (208ms)
		ExecutionOrderSort (0ms)
		DisableScriptedObjects (13ms)
		BackupInstance (0ms)
		ReleaseScriptingObjects (0ms)
		CreateAndSetChildDomain (48ms)
	RebuildCommonClasses (34ms)
	RebuildNativeTypeToScriptingClass (16ms)
	initialDomainReloadingComplete (28ms)
	LoadAllAssembliesAndSetupDomain (490ms)
		LoadAssemblies (370ms)
		RebuildTransferFunctionScriptingTraits (0ms)
		AnalyzeDomain (215ms)
			TypeCache.Refresh (10ms)
				TypeCache.ScanAssembly (2ms)
			BuildScriptInfoCaches (191ms)
			ResolveRequiredComponents (10ms)
	FinalizeReload (806ms)
		ReleaseScriptCaches (0ms)
		RebuildScriptCaches (0ms)
		SetupLoadedEditorAssemblies (613ms)
			LogAssemblyErrors (0ms)
			InitializePlatformSupportModulesInManaged (2ms)
			SetLoadedEditorAssemblies (5ms)
			BeforeProcessingInitializeOnLoad (162ms)
			ProcessInitializeOnLoadAttributes (374ms)
			ProcessInitializeOnLoadMethodAttributes (62ms)
			AfterProcessingInitializeOnLoad (7ms)
			EditorAssembliesLoaded (0ms)
		ExecutionOrderSort2 (0ms)
		AwakeInstancesAfterBackupRestoration (15ms)
Refreshing native plugins compatible for Editor in 1.47 ms, found 4 plugins.
Preloading 0 native plugins for Editor in 0.00 ms.
Unloading 13 Unused Serialized files (Serialized files now loaded: 0)
Unloading 6866 unused Assets / (3.4 MB). Loaded Objects now: 7693.
Memory consumption went from 156.6 MB to 153.2 MB.
Total: 7.160800 ms (FindLiveObjects: 0.785200 ms CreateObjectMapping: 0.400100 ms MarkObjects: 4.357700 ms  DeleteObjects: 1.616100 ms)

Prepare: number of updated asset objects reloaded= 0
========================================================================
Received Import Request.
  Time since last request: 214.155856 seconds.
  path: Assets/Scripts/CombatScene/Inventory/Materials/MetaInventory.cs
  artifactKey: Guid(043018b9e0d5f054cbf3f2caa85f9002) Importer(815301076,1909f56bfc062723c751e8b465ee728b)
Start importing Assets/Scripts/CombatScene/Inventory/Materials/MetaInventory.cs using Guid(043018b9e0d5f054cbf3f2caa85f9002) Importer(815301076,1909f56bfc062723c751e8b465ee728b) (PreviewImporter) -> (artifact id: '87e8a37719efa911bb0ddbbb9eb63474') in 0.0029784 seconds
Number of updated asset objects reloaded before import = 0Number of asset objects unloaded after import = 0

========================================================================
Received Prepare
Begin MonoManager ReloadAssembly
- Loaded All Assemblies, in  0.775 seconds
Refreshing native plugins compatible for Editor in 1.74 ms, found 4 plugins.
Native extension for WindowsStandalone target not found
Mono: successfully reloaded assembly
- Finished resetting the current domain, in  0.837 seconds
Domain Reload Profiling: 1607ms
	BeginReloadAssembly (201ms)
		ExecutionOrderSort (0ms)
		DisableScriptedObjects (14ms)
		BackupInstance (0ms)
		ReleaseScriptingObjects (0ms)
		CreateAndSetChildDomain (43ms)
	RebuildCommonClasses (44ms)
	RebuildNativeTypeToScriptingClass (17ms)
	initialDomainReloadingComplete (32ms)
	LoadAllAssembliesAndSetupDomain (476ms)
		LoadAssemblies (365ms)
		RebuildTransferFunctionScriptingTraits (0ms)
		AnalyzeDomain (214ms)
			TypeCache.Refresh (10ms)
				TypeCache.ScanAssembly (2ms)
			BuildScriptInfoCaches (185ms)
			ResolveRequiredComponents (14ms)
	FinalizeReload (837ms)
		ReleaseScriptCaches (0ms)
		RebuildScriptCaches (0ms)
		SetupLoadedEditorAssemblies (635ms)
			LogAssemblyErrors (0ms)
			InitializePlatformSupportModulesInManaged (3ms)
			SetLoadedEditorAssemblies (5ms)
			BeforeProcessingInitializeOnLoad (165ms)
			ProcessInitializeOnLoadAttributes (387ms)
			ProcessInitializeOnLoadMethodAttributes (70ms)
			AfterProcessingInitializeOnLoad (5ms)
			EditorAssembliesLoaded (0ms)
		ExecutionOrderSort2 (0ms)
		AwakeInstancesAfterBackupRestoration (13ms)
Refreshing native plugins compatible for Editor in 1.43 ms, found 4 plugins.
Preloading 0 native plugins for Editor in 0.00 ms.
Unloading 13 Unused Serialized files (Serialized files now loaded: 0)
Unloading 6866 unused Assets / (3.4 MB). Loaded Objects now: 7696.
Memory consumption went from 156.6 MB to 153.2 MB.
Total: 8.838400 ms (FindLiveObjects: 0.724300 ms CreateObjectMapping: 0.480100 ms MarkObjects: 5.591500 ms  DeleteObjects: 2.040600 ms)

Prepare: number of updated asset objects reloaded= 0
========================================================================
Received Import Request.
  Time since last request: 400.372556 seconds.
  path: Assets/Scripts/CombatScene/Inventory/Materials/MetaInventory.cs
  artifactKey: Guid(043018b9e0d5f054cbf3f2caa85f9002) Importer(815301076,1909f56bfc062723c751e8b465ee728b)
Start importing Assets/Scripts/CombatScene/Inventory/Materials/MetaInventory.cs using Guid(043018b9e0d5f054cbf3f2caa85f9002) Importer(815301076,1909f56bfc062723c751e8b465ee728b) (PreviewImporter) -> (artifact id: 'b79b45aae0ee22fdbfbd9e4168e5c33d') in 0.0020662 seconds
Number of updated asset objects reloaded before import = 0Number of asset objects unloaded after import = 0

========================================================================
Received Prepare
Begin MonoManager ReloadAssembly
- Loaded All Assemblies, in  6.183 seconds
Refreshing native plugins compatible for Editor in 3.17 ms, found 4 plugins.
Native extension for WindowsStandalone target not found
Mono: successfully reloaded assembly
- Finished resetting the current domain, in  1.380 seconds
Domain Reload Profiling: 7561ms
	BeginReloadAssembly (966ms)
		ExecutionOrderSort (0ms)
		DisableScriptedObjects (12ms)
		BackupInstance (0ms)
		ReleaseScriptingObjects (0ms)
		CreateAndSetChildDomain (42ms)
	RebuildCommonClasses (312ms)
	RebuildNativeTypeToScriptingClass (10ms)
	initialDomainReloadingComplete (32ms)
	LoadAllAssembliesAndSetupDomain (4860ms)
		LoadAssemblies (5265ms)
		RebuildTransferFunctionScriptingTraits (0ms)
		AnalyzeDomain (462ms)
			TypeCache.Refresh (12ms)
				TypeCache.ScanAssembly (2ms)
			BuildScriptInfoCaches (431ms)
			ResolveRequiredComponents (14ms)
	FinalizeReload (1380ms)
		ReleaseScriptCaches (0ms)
		RebuildScriptCaches (0ms)
		SetupLoadedEditorAssemblies (745ms)
			LogAssemblyErrors (0ms)
			InitializePlatformSupportModulesInManaged (3ms)
			SetLoadedEditorAssemblies (6ms)
			BeforeProcessingInitializeOnLoad (188ms)
			ProcessInitializeOnLoadAttributes (448ms)
			ProcessInitializeOnLoadMethodAttributes (91ms)
			AfterProcessingInitializeOnLoad (8ms)
			EditorAssembliesLoaded (0ms)
		ExecutionOrderSort2 (0ms)
		AwakeInstancesAfterBackupRestoration (15ms)
Refreshing native plugins compatible for Editor in 4.29 ms, found 4 plugins.
Preloading 0 native plugins for Editor in 0.00 ms.
Unloading 13 Unused Serialized files (Serialized files now loaded: 0)
Unloading 6866 unused Assets / (4.0 MB). Loaded Objects now: 7699.
Memory consumption went from 156.6 MB to 152.7 MB.
Total: 13.142900 ms (FindLiveObjects: 1.135300 ms CreateObjectMapping: 1.138800 ms MarkObjects: 6.940000 ms  DeleteObjects: 3.926800 ms)

Prepare: number of updated asset objects reloaded= 0
========================================================================
Received Import Request.
  Time since last request: 1870.043428 seconds.
  path: Assets/Settings/UniversalRP.asset
  artifactKey: Guid(681886c5eb7344803b6206f758bf0b1c) Importer(815301076,1909f56bfc062723c751e8b465ee728b)
Start importing Assets/Settings/UniversalRP.asset using Guid(681886c5eb7344803b6206f758bf0b1c) Importer(815301076,1909f56bfc062723c751e8b465ee728b) (PreviewImporter) -> (artifact id: '2079f76a9332f10bfef0712a96e3a52d') in 0.0280123 seconds
Number of updated asset objects reloaded before import = 0Number of asset objects unloaded after import = 0

========================================================================
Received Prepare
Begin MonoManager ReloadAssembly
- Loaded All Assemblies, in  0.897 seconds
Refreshing native plugins compatible for Editor in 8.10 ms, found 4 plugins.
Native extension for WindowsStandalone target not found
Mono: successfully reloaded assembly
- Finished resetting the current domain, in  1.237 seconds
Domain Reload Profiling: 2134ms
	BeginReloadAssembly (236ms)
		ExecutionOrderSort (0ms)
		DisableScriptedObjects (13ms)
		BackupInstance (0ms)
		ReleaseScriptingObjects (0ms)
		CreateAndSetChildDomain (54ms)
	RebuildCommonClasses (39ms)
	RebuildNativeTypeToScriptingClass (11ms)
	initialDomainReloadingComplete (26ms)
	LoadAllAssembliesAndSetupDomain (585ms)
		LoadAssemblies (463ms)
		RebuildTransferFunctionScriptingTraits (0ms)
		AnalyzeDomain (233ms)
			TypeCache.Refresh (8ms)
				TypeCache.ScanAssembly (0ms)
			BuildScriptInfoCaches (204ms)
			ResolveRequiredComponents (17ms)
	FinalizeReload (1237ms)
		ReleaseScriptCaches (0ms)
		RebuildScriptCaches (0ms)
		SetupLoadedEditorAssemblies (937ms)
			LogAssemblyErrors (0ms)
			InitializePlatformSupportModulesInManaged (3ms)
			SetLoadedEditorAssemblies (10ms)
			BeforeProcessingInitializeOnLoad (256ms)
			ProcessInitializeOnLoadAttributes (556ms)
			ProcessInitializeOnLoadMethodAttributes (100ms)
			AfterProcessingInitializeOnLoad (11ms)
			EditorAssembliesLoaded (1ms)
		ExecutionOrderSort2 (0ms)
		AwakeInstancesAfterBackupRestoration (18ms)
Refreshing native plugins compatible for Editor in 2.99 ms, found 4 plugins.
Preloading 0 native plugins for Editor in 0.00 ms.
Unloading 13 Unused Serialized files (Serialized files now loaded: 0)
Unloading 6866 unused Assets / (3.8 MB). Loaded Objects now: 7702.
Memory consumption went from 156.6 MB to 152.8 MB.
Total: 14.944500 ms (FindLiveObjects: 1.319700 ms CreateObjectMapping: 0.875700 ms MarkObjects: 9.727200 ms  DeleteObjects: 3.019600 ms)

Prepare: number of updated asset objects reloaded= 0
========================================================================
Received Import Request.
  Time since last request: 1531.230115 seconds.
  path: Assets/Prefab/Hub/Banco.prefab
  artifactKey: Guid(6dd4c9d2dc89efc4fa036a433e40a97b) Importer(815301076,1909f56bfc062723c751e8b465ee728b)
Start importing Assets/Prefab/Hub/Banco.prefab using Guid(6dd4c9d2dc89efc4fa036a433e40a97b) Importer(815301076,1909f56bfc062723c751e8b465ee728b) (PreviewImporter) -> (artifact id: '409b86ada10b8cc5fa2c69125684a8e3') in 0.5265637 seconds
Number of updated asset objects reloaded before import = 0Number of asset objects unloaded after import = 15

========================================================================
Received Import Request.
  Time since last request: 5.529134 seconds.
  path: Assets/Prefab/Inventory/Inventory/InventorySlot 1.prefab
  artifactKey: Guid(8868cc9c3745a9a49b30049377d0ac4a) Importer(815301076,1909f56bfc062723c751e8b465ee728b)
Start importing Assets/Prefab/Inventory/Inventory/InventorySlot 1.prefab using Guid(8868cc9c3745a9a49b30049377d0ac4a) Importer(815301076,1909f56bfc062723c751e8b465ee728b) (PreviewImporter) -> (artifact id: '5fd8ab3d0bec87220b2c1c96aef4c024') in 0.0546271 seconds
Number of updated asset objects reloaded before import = 0Number of asset objects unloaded after import = 25

========================================================================
Received Import Request.
  Time since last request: 15.242572 seconds.
  path: Assets/Prefab/Hub/Inventory
  artifactKey: Guid(e670e01f6ea78274fb902c1c77d518f0) Importer(815301076,1909f56bfc062723c751e8b465ee728b)
Start importing Assets/Prefab/Hub/Inventory using Guid(e670e01f6ea78274fb902c1c77d518f0) Importer(815301076,1909f56bfc062723c751e8b465ee728b) (PreviewImporter) -> (artifact id: 'af53cc13f700a5f6c63dbf2457efa741') in 0.0011079 seconds
Number of updated asset objects reloaded before import = 0Number of asset objects unloaded after import = 0

========================================================================
Received Import Request.
  Time since last request: 10.918398 seconds.
  path: Assets/Prefab/Hub/Inventory/MetaSlot.prefab
  artifactKey: Guid(8868cc9c3745a9a49b30049377d0ac4a) Importer(815301076,1909f56bfc062723c751e8b465ee728b)
Start importing Assets/Prefab/Hub/Inventory/MetaSlot.prefab using Guid(8868cc9c3745a9a49b30049377d0ac4a) Importer(815301076,1909f56bfc062723c751e8b465ee728b) (PreviewImporter) -> (artifact id: 'a428539d6d89ad7a8e737fa495c7ae4c') in 0.0344575 seconds
Number of updated asset objects reloaded before import = 0Number of asset objects unloaded after import = 25

========================================================================
Received Import Request.
  Time since last request: 8.774125 seconds.
  path: Assets/Prefab/Hub/Inventory/MetaSlot.prefab
  artifactKey: Guid(8868cc9c3745a9a49b30049377d0ac4a) Importer(815301076,1909f56bfc062723c751e8b465ee728b)
Start importing Assets/Prefab/Hub/Inventory/MetaSlot.prefab using Guid(8868cc9c3745a9a49b30049377d0ac4a) Importer(815301076,1909f56bfc062723c751e8b465ee728b) (PreviewImporter) -> (artifact id: '8906df5a86688f08a1d909e2522388b5') in 0.0346733 seconds
Number of updated asset objects reloaded before import = 0Number of asset objects unloaded after import = 24

========================================================================
Received Import Request.
  Time since last request: 4.384679 seconds.
  path: Assets/Prefab/Hub/Inventory/MetaSlot.prefab
  artifactKey: Guid(8868cc9c3745a9a49b30049377d0ac4a) Importer(815301076,1909f56bfc062723c751e8b465ee728b)
Start importing Assets/Prefab/Hub/Inventory/MetaSlot.prefab using Guid(8868cc9c3745a9a49b30049377d0ac4a) Importer(815301076,1909f56bfc062723c751e8b465ee728b) (PreviewImporter) -> (artifact id: '854f9c255602f1ef874872cc4461a00f') in 0.0339842 seconds
Number of updated asset objects reloaded before import = 0Number of asset objects unloaded after import = 25

========================================================================
Received Import Request.
  Time since last request: 8.041781 seconds.
  path: Assets/Prefab/Hub/Inventory/MetaSlot.prefab
  artifactKey: Guid(8868cc9c3745a9a49b30049377d0ac4a) Importer(815301076,1909f56bfc062723c751e8b465ee728b)
Start importing Assets/Prefab/Hub/Inventory/MetaSlot.prefab using Guid(8868cc9c3745a9a49b30049377d0ac4a) Importer(815301076,1909f56bfc062723c751e8b465ee728b) (PreviewImporter) -> (artifact id: 'ed8912ab338b4061933247d3ca8e1ed2') in 0.0333014 seconds
Number of updated asset objects reloaded before import = 0Number of asset objects unloaded after import = 25

========================================================================
Received Import Request.
  Time since last request: 4.349273 seconds.
  path: Assets/Prefab/Hub/Inventory/MetaSlot.prefab
  artifactKey: Guid(8868cc9c3745a9a49b30049377d0ac4a) Importer(815301076,1909f56bfc062723c751e8b465ee728b)
Start importing Assets/Prefab/Hub/Inventory/MetaSlot.prefab using Guid(8868cc9c3745a9a49b30049377d0ac4a) Importer(815301076,1909f56bfc062723c751e8b465ee728b) (PreviewImporter) -> (artifact id: 'b859ae58c5e28c801bfb799bf06d9dbe') in 0.0329321 seconds
Number of updated asset objects reloaded before import = 0Number of asset objects unloaded after import = 25

========================================================================
Received Prepare
Refreshing native plugins compatible for Editor in 1.35 ms, found 4 plugins.
Preloading 0 native plugins for Editor in 0.00 ms.
Unloading 13 Unused Serialized files (Serialized files now loaded: 0)
Unloading 6858 unused Assets / (5.3 MB). Loaded Objects now: 7827.
Memory consumption went from 161.9 MB to 156.6 MB.
Total: 13.270400 ms (FindLiveObjects: 0.490600 ms CreateObjectMapping: 0.322800 ms MarkObjects: 8.787400 ms  DeleteObjects: 3.668100 ms)

Prepare: number of updated asset objects reloaded= 0
========================================================================
Received Import Request.
  Time since last request: 24.878550 seconds.
  path: Assets/Scripts/Meta/MetaInventoryUI.cs
  artifactKey: Guid(62ca5e0f125e14840909a7bd609074cb) Importer(815301076,1909f56bfc062723c751e8b465ee728b)
Start importing Assets/Scripts/Meta/MetaInventoryUI.cs using Guid(62ca5e0f125e14840909a7bd609074cb) Importer(815301076,1909f56bfc062723c751e8b465ee728b) (PreviewImporter) -> (artifact id: '5607907a0c6021f95dbde5c0d944cf45') in 0.0010075 seconds
Number of updated asset objects reloaded before import = 0Number of asset objects unloaded after import = 0

========================================================================
Received Prepare
Begin MonoManager ReloadAssembly
- Loaded All Assemblies, in  1.541 seconds
Refreshing native plugins compatible for Editor in 1.28 ms, found 4 plugins.
Native extension for WindowsStandalone target not found
Mono: successfully reloaded assembly
- Finished resetting the current domain, in  1.921 seconds
Domain Reload Profiling: 3455ms
	BeginReloadAssembly (479ms)
		ExecutionOrderSort (0ms)
		DisableScriptedObjects (58ms)
		BackupInstance (0ms)
		ReleaseScriptingObjects (0ms)
		CreateAndSetChildDomain (101ms)
	RebuildCommonClasses (270ms)
	RebuildNativeTypeToScriptingClass (17ms)
	initialDomainReloadingComplete (33ms)
	LoadAllAssembliesAndSetupDomain (734ms)
		LoadAssemblies (654ms)
		RebuildTransferFunctionScriptingTraits (0ms)
		AnalyzeDomain (316ms)
			TypeCache.Refresh (15ms)
				TypeCache.ScanAssembly (2ms)
			BuildScriptInfoCaches (288ms)
			ResolveRequiredComponents (10ms)
	FinalizeReload (1921ms)
		ReleaseScriptCaches (0ms)
		RebuildScriptCaches (0ms)
		SetupLoadedEditorAssemblies (1677ms)
			LogAssemblyErrors (0ms)
			InitializePlatformSupportModulesInManaged (2ms)
			SetLoadedEditorAssemblies (6ms)
			BeforeProcessingInitializeOnLoad (649ms)
			ProcessInitializeOnLoadAttributes (920ms)
			ProcessInitializeOnLoadMethodAttributes (87ms)
			AfterProcessingInitializeOnLoad (13ms)
			EditorAssembliesLoaded (0ms)
		ExecutionOrderSort2 (0ms)
		AwakeInstancesAfterBackupRestoration (22ms)
Refreshing native plugins compatible for Editor in 2.97 ms, found 4 plugins.
Preloading 0 native plugins for Editor in 0.00 ms.
Unloading 13 Unused Serialized files (Serialized files now loaded: 0)
Unloading 6867 unused Assets / (3.6 MB). Loaded Objects now: 7728.
Memory consumption went from 158.4 MB to 154.8 MB.
Total: 8.288600 ms (FindLiveObjects: 0.823200 ms CreateObjectMapping: 0.570200 ms MarkObjects: 5.164500 ms  DeleteObjects: 1.729100 ms)

Prepare: number of updated asset objects reloaded= 0
========================================================================
Received Prepare
Begin MonoManager ReloadAssembly
- Loaded All Assemblies, in  0.812 seconds
Refreshing native plugins compatible for Editor in 3.57 ms, found 4 plugins.
Native extension for WindowsStandalone target not found
Mono: successfully reloaded assembly
- Finished resetting the current domain, in  0.847 seconds
Domain Reload Profiling: 1659ms
	BeginReloadAssembly (205ms)
		ExecutionOrderSort (0ms)
		DisableScriptedObjects (11ms)
		BackupInstance (0ms)
		ReleaseScriptingObjects (0ms)
		CreateAndSetChildDomain (43ms)
	RebuildCommonClasses (34ms)
	RebuildNativeTypeToScriptingClass (11ms)
	initialDomainReloadingComplete (24ms)
	LoadAllAssembliesAndSetupDomain (538ms)
		LoadAssemblies (384ms)
		RebuildTransferFunctionScriptingTraits (0ms)
		AnalyzeDomain (258ms)
			TypeCache.Refresh (12ms)
				TypeCache.ScanAssembly (2ms)
			BuildScriptInfoCaches (231ms)
			ResolveRequiredComponents (10ms)
	FinalizeReload (848ms)
		ReleaseScriptCaches (0ms)
		RebuildScriptCaches (0ms)
		SetupLoadedEditorAssemblies (633ms)
			LogAssemblyErrors (0ms)
			InitializePlatformSupportModulesInManaged (3ms)
			SetLoadedEditorAssemblies (5ms)
			BeforeProcessingInitializeOnLoad (156ms)
			ProcessInitializeOnLoadAttributes (381ms)
			ProcessInitializeOnLoadMethodAttributes (81ms)
			AfterProcessingInitializeOnLoad (7ms)
			EditorAssembliesLoaded (0ms)
		ExecutionOrderSort2 (0ms)
		AwakeInstancesAfterBackupRestoration (19ms)
Refreshing native plugins compatible for Editor in 3.58 ms, found 4 plugins.
Preloading 0 native plugins for Editor in 0.00 ms.
Unloading 13 Unused Serialized files (Serialized files now loaded: 0)
Unloading 6867 unused Assets / (4.1 MB). Loaded Objects now: 7731.
Memory consumption went from 158.2 MB to 154.1 MB.
Total: 10.641900 ms (FindLiveObjects: 1.137800 ms CreateObjectMapping: 0.550700 ms MarkObjects: 5.775900 ms  DeleteObjects: 3.176000 ms)

Prepare: number of updated asset objects reloaded= 0
========================================================================
Received Import Request.
  Time since last request: 21.446368 seconds.
  path: Assets/Scripts/Meta/MetaInventoryUI.cs
  artifactKey: Guid(62ca5e0f125e14840909a7bd609074cb) Importer(815301076,1909f56bfc062723c751e8b465ee728b)
Start importing Assets/Scripts/Meta/MetaInventoryUI.cs using Guid(62ca5e0f125e14840909a7bd609074cb) Importer(815301076,1909f56bfc062723c751e8b465ee728b) (PreviewImporter) -> (artifact id: '3f125cde6142eb7f37074878522fddba') in 0.0033794 seconds
Number of updated asset objects reloaded before import = 0Number of asset objects unloaded after import = 0

========================================================================
Received Import Request.
  Time since last request: 228.086736 seconds.
  path: Assets/Prefab/Hub/Inventory/MetaSlot 1.prefab
  artifactKey: Guid(33bf72aa0e18c6941b22839b1504cf32) Importer(815301076,1909f56bfc062723c751e8b465ee728b)
Start importing Assets/Prefab/Hub/Inventory/MetaSlot 1.prefab using Guid(33bf72aa0e18c6941b22839b1504cf32) Importer(815301076,1909f56bfc062723c751e8b465ee728b) (PreviewImporter) -> (artifact id: '06aaf98d5197b5c1266df48096a7208e') in 0.0937628 seconds
Number of updated asset objects reloaded before import = 0Number of asset objects unloaded after import = 25

========================================================================
Received Import Request.
  Time since last request: 19.816497 seconds.
  path: Assets/Prefab/Hub/Inventory/LoadoutSlot.prefab
  artifactKey: Guid(33bf72aa0e18c6941b22839b1504cf32) Importer(815301076,1909f56bfc062723c751e8b465ee728b)
Start importing Assets/Prefab/Hub/Inventory/LoadoutSlot.prefab using Guid(33bf72aa0e18c6941b22839b1504cf32) Importer(815301076,1909f56bfc062723c751e8b465ee728b) (PreviewImporter) -> (artifact id: '34ce8551f232e36158247578ec872142') in 0.0383241 seconds
Number of updated asset objects reloaded before import = 0Number of asset objects unloaded after import = 25

========================================================================
Received Import Request.
  Time since last request: 4.915691 seconds.
  path: Assets/Prefab/Hub/Inventory/LoadoutSlot.prefab
  artifactKey: Guid(33bf72aa0e18c6941b22839b1504cf32) Importer(815301076,1909f56bfc062723c751e8b465ee728b)
Start importing Assets/Prefab/Hub/Inventory/LoadoutSlot.prefab using Guid(33bf72aa0e18c6941b22839b1504cf32) Importer(815301076,1909f56bfc062723c751e8b465ee728b) (PreviewImporter) -> (artifact id: '60caa3f68f3baedf49d53d91a249d264') in 0.0378725 seconds
Number of updated asset objects reloaded before import = 0Number of asset objects unloaded after import = 24

========================================================================
Received Import Request.
  Time since last request: 8.824010 seconds.
  path: Assets/Prefab/Hub/Inventory/LoadoutSlot.prefab
  artifactKey: Guid(33bf72aa0e18c6941b22839b1504cf32) Importer(815301076,1909f56bfc062723c751e8b465ee728b)
Start importing Assets/Prefab/Hub/Inventory/LoadoutSlot.prefab using Guid(33bf72aa0e18c6941b22839b1504cf32) Importer(815301076,1909f56bfc062723c751e8b465ee728b) (PreviewImporter) -> (artifact id: 'b657c399b488fa9fe4a379f4bd520b8b') in 0.0352938 seconds
Number of updated asset objects reloaded before import = 0Number of asset objects unloaded after import = 25

========================================================================
Received Import Request.
  Time since last request: 0.833217 seconds.
  path: Assets/Prefab/Hub/Inventory/LoadoutSlot.prefab
  artifactKey: Guid(33bf72aa0e18c6941b22839b1504cf32) Importer(815301076,1909f56bfc062723c751e8b465ee728b)
Start importing Assets/Prefab/Hub/Inventory/LoadoutSlot.prefab using Guid(33bf72aa0e18c6941b22839b1504cf32) Importer(815301076,1909f56bfc062723c751e8b465ee728b) (PreviewImporter) -> (artifact id: 'ff967b1e6fda9f85ebd24f33c5ea3a32') in 0.0346967 seconds
Number of updated asset objects reloaded before import = 0Number of asset objects unloaded after import = 25

========================================================================
Received Import Request.
  Time since last request: 5.862694 seconds.
  path: Assets/Prefab/Hub/Inventory/LoadoutSlot.prefab
  artifactKey: Guid(33bf72aa0e18c6941b22839b1504cf32) Importer(815301076,1909f56bfc062723c751e8b465ee728b)
Start importing Assets/Prefab/Hub/Inventory/LoadoutSlot.prefab using Guid(33bf72aa0e18c6941b22839b1504cf32) Importer(815301076,1909f56bfc062723c751e8b465ee728b) (PreviewImporter) -> (artifact id: '3ca1dea3951b9b930dc0032de62df8f5') in 0.0375535 seconds
Number of updated asset objects reloaded before import = 0Number of asset objects unloaded after import = 25

========================================================================
Received Prepare
Refreshing native plugins compatible for Editor in 2.65 ms, found 4 plugins.
Preloading 0 native plugins for Editor in 0.00 ms.
Unloading 13 Unused Serialized files (Serialized files now loaded: 0)
Unloading 6857 unused Assets / (4.4 MB). Loaded Objects now: 7732.
Memory consumption went from 158.6 MB to 154.3 MB.
Total: 11.123000 ms (FindLiveObjects: 0.985600 ms CreateObjectMapping: 0.951600 ms MarkObjects: 5.886800 ms  DeleteObjects: 3.297500 ms)

Prepare: number of updated asset objects reloaded= 0
========================================================================
Received Import Request.
  Time since last request: 22.103084 seconds.
  path: Assets/Scripts/Meta/LoadoutUI.cs
  artifactKey: Guid(858cb30a0bed22049be3844ac72c6500) Importer(815301076,1909f56bfc062723c751e8b465ee728b)
Start importing Assets/Scripts/Meta/LoadoutUI.cs using Guid(858cb30a0bed22049be3844ac72c6500) Importer(815301076,1909f56bfc062723c751e8b465ee728b) (PreviewImporter) -> (artifact id: 'e684c4c7c9533548190500769f2bea41') in 0.0013125 seconds
Number of updated asset objects reloaded before import = 0Number of asset objects unloaded after import = 0

========================================================================
Received Prepare
Begin MonoManager ReloadAssembly
- Loaded All Assemblies, in  1.595 seconds
Refreshing native plugins compatible for Editor in 3.69 ms, found 4 plugins.
Native extension for WindowsStandalone target not found
Mono: successfully reloaded assembly
- Finished resetting the current domain, in  1.587 seconds
Domain Reload Profiling: 3175ms
	BeginReloadAssembly (418ms)
		ExecutionOrderSort (0ms)
		DisableScriptedObjects (29ms)
		BackupInstance (0ms)
		ReleaseScriptingObjects (0ms)
		CreateAndSetChildDomain (96ms)
	RebuildCommonClasses (61ms)
	RebuildNativeTypeToScriptingClass (25ms)
	initialDomainReloadingComplete (59ms)
	LoadAllAssembliesAndSetupDomain (1025ms)
		LoadAssemblies (760ms)
		RebuildTransferFunctionScriptingTraits (0ms)
		AnalyzeDomain (476ms)
			TypeCache.Refresh (23ms)
				TypeCache.ScanAssembly (3ms)
			BuildScriptInfoCaches (417ms)
			ResolveRequiredComponents (28ms)
	FinalizeReload (1587ms)
		ReleaseScriptCaches (0ms)
		RebuildScriptCaches (0ms)
		SetupLoadedEditorAssemblies (1186ms)
			LogAssemblyErrors (0ms)
			InitializePlatformSupportModulesInManaged (4ms)
			SetLoadedEditorAssemblies (9ms)
			BeforeProcessingInitializeOnLoad (245ms)
			ProcessInitializeOnLoadAttributes (754ms)
			ProcessInitializeOnLoadMethodAttributes (155ms)
			AfterProcessingInitializeOnLoad (18ms)
			EditorAssembliesLoaded (1ms)
		ExecutionOrderSort2 (0ms)
		AwakeInstancesAfterBackupRestoration (29ms)
Refreshing native plugins compatible for Editor in 3.72 ms, found 4 plugins.
Preloading 0 native plugins for Editor in 0.00 ms.
Unloading 13 Unused Serialized files (Serialized files now loaded: 0)
Unloading 6868 unused Assets / (5.0 MB). Loaded Objects now: 7735.
Memory consumption went from 158.2 MB to 153.3 MB.
Total: 15.449900 ms (FindLiveObjects: 1.151000 ms CreateObjectMapping: 1.467000 ms MarkObjects: 8.622400 ms  DeleteObjects: 4.207700 ms)

Prepare: number of updated asset objects reloaded= 0
========================================================================
Received Import Request.
  Time since last request: 11.211770 seconds.
  path: Assets/Scripts/Meta/LoadoutUI.cs
  artifactKey: Guid(858cb30a0bed22049be3844ac72c6500) Importer(815301076,1909f56bfc062723c751e8b465ee728b)
Start importing Assets/Scripts/Meta/LoadoutUI.cs using Guid(858cb30a0bed22049be3844ac72c6500) Importer(815301076,1909f56bfc062723c751e8b465ee728b) (PreviewImporter) -> (artifact id: '00000000000000000000000000000000') in 0.0053207 seconds
Import Error Code:(4)
Message: Build asset version error: assets/scripts/meta/loadoutui.cs in SourceAssetDB has modification time of '2026-02-24T14:46:06.0356319Z' while content on disk has modification time of '2026-02-24T14:46:12.8818864Z'
  ERROR: Build asset version error: assets/scripts/meta/loadoutui.cs in SourceAssetDB has modification time of '2026-02-24T14:46:06.0356319Z' while content on disk has modification time of '2026-02-24T14:46:12.8818864Z'
Number of updated asset objects reloaded before import = 0Number of asset objects unloaded after import = 0

========================================================================
Received Import Request.
  Time since last request: 0.000022 seconds.
  path: Assets/Scripts/Meta/LoadoutUI.cs
  artifactKey: Guid(858cb30a0bed22049be3844ac72c6500) Importer(815301076,1909f56bfc062723c751e8b465ee728b)
Start importing Assets/Scripts/Meta/LoadoutUI.cs using Guid(858cb30a0bed22049be3844ac72c6500) Importer(815301076,1909f56bfc062723c751e8b465ee728b) (PreviewImporter) -> (artifact id: '00000000000000000000000000000000') in 0.0009184 seconds
Import Error Code:(4)
Message: Build asset version error: assets/scripts/meta/loadoutui.cs in SourceAssetDB has modification time of '2026-02-24T14:46:06.0356319Z' while content on disk has modification time of '2026-02-24T14:46:12.8818864Z'
  ERROR: Build asset version error: assets/scripts/meta/loadoutui.cs in SourceAssetDB has modification time of '2026-02-24T14:46:06.0356319Z' while content on disk has modification time of '2026-02-24T14:46:12.8818864Z'
Number of updated asset objects reloaded before import = 0Number of asset objects unloaded after import = 0

========================================================================
Received Import Request.
  Time since last request: 0.000035 seconds.
  path: Assets/Scripts/Meta/LoadoutUI.cs
  artifactKey: Guid(858cb30a0bed22049be3844ac72c6500) Importer(815301076,1909f56bfc062723c751e8b465ee728b)
Start importing Assets/Scripts/Meta/LoadoutUI.cs using Guid(858cb30a0bed22049be3844ac72c6500) Importer(815301076,1909f56bfc062723c751e8b465ee728b) (PreviewImporter) -> (artifact id: '00000000000000000000000000000000') in 0.0013791 seconds
Import Error Code:(4)
Message: Build asset version error: assets/scripts/meta/loadoutui.cs in SourceAssetDB has modification time of '2026-02-24T14:46:06.0356319Z' while content on disk has modification time of '2026-02-24T14:46:12.8818864Z'
  ERROR: Build asset version error: assets/scripts/meta/loadoutui.cs in SourceAssetDB has modification time of '2026-02-24T14:46:06.0356319Z' while content on disk has modification time of '2026-02-24T14:46:12.8818864Z'
Number of updated asset objects reloaded before import = 0Number of asset objects unloaded after import = 0

========================================================================
Received Import Request.
  Time since last request: 0.000027 seconds.
  path: Assets/Scripts/Meta/LoadoutUI.cs
  artifactKey: Guid(858cb30a0bed22049be3844ac72c6500) Importer(815301076,1909f56bfc062723c751e8b465ee728b)
Start importing Assets/Scripts/Meta/LoadoutUI.cs using Guid(858cb30a0bed22049be3844ac72c6500) Importer(815301076,1909f56bfc062723c751e8b465ee728b) (PreviewImporter) -> (artifact id: '00000000000000000000000000000000') in 0.0009476 seconds
Import Error Code:(4)
Message: Build asset version error: assets/scripts/meta/loadoutui.cs in SourceAssetDB has modification time of '2026-02-24T14:46:06.0356319Z' while content on disk has modification time of '2026-02-24T14:46:12.8818864Z'
  ERROR: Build asset version error: assets/scripts/meta/loadoutui.cs in SourceAssetDB has modification time of '2026-02-24T14:46:06.0356319Z' while content on disk has modification time of '2026-02-24T14:46:12.8818864Z'
Number of updated asset objects reloaded before import = 0Number of asset objects unloaded after import = 0

========================================================================
Received Import Request.
  Time since last request: 0.000039 seconds.
  path: Assets/Scripts/Meta/LoadoutUI.cs
  artifactKey: Guid(858cb30a0bed22049be3844ac72c6500) Importer(815301076,1909f56bfc062723c751e8b465ee728b)
Start importing Assets/Scripts/Meta/LoadoutUI.cs using Guid(858cb30a0bed22049be3844ac72c6500) Importer(815301076,1909f56bfc062723c751e8b465ee728b) (PreviewImporter) -> (artifact id: '00000000000000000000000000000000') in 0.00102 seconds
Import Error Code:(4)
Message: Build asset version error: assets/scripts/meta/loadoutui.cs in SourceAssetDB has modification time of '2026-02-24T14:46:06.0356319Z' while content on disk has modification time of '2026-02-24T14:46:12.8818864Z'
  ERROR: Build asset version error: assets/scripts/meta/loadoutui.cs in SourceAssetDB has modification time of '2026-02-24T14:46:06.0356319Z' while content on disk has modification time of '2026-02-24T14:46:12.8818864Z'
Number of updated asset objects reloaded before import = 0Number of asset objects unloaded after import = 0

========================================================================
Received Import Request.
  Time since last request: 0.000022 seconds.
  path: Assets/Scripts/Meta/LoadoutUI.cs
  artifactKey: Guid(858cb30a0bed22049be3844ac72c6500) Importer(815301076,1909f56bfc062723c751e8b465ee728b)
Start importing Assets/Scripts/Meta/LoadoutUI.cs using Guid(858cb30a0bed22049be3844ac72c6500) Importer(815301076,1909f56bfc062723c751e8b465ee728b) (PreviewImporter) -> (artifact id: '00000000000000000000000000000000') in 0.0009219 seconds
Import Error Code:(4)
Message: Build asset version error: assets/scripts/meta/loadoutui.cs in SourceAssetDB has modification time of '2026-02-24T14:46:06.0356319Z' while content on disk has modification time of '2026-02-24T14:46:12.8818864Z'
  ERROR: Build asset version error: assets/scripts/meta/loadoutui.cs in SourceAssetDB has modification time of '2026-02-24T14:46:06.0356319Z' while content on disk has modification time of '2026-02-24T14:46:12.8818864Z'
Number of updated asset objects reloaded before import = 0Number of asset objects unloaded after import = 0

========================================================================
Received Import Request.
  Time since last request: 0.000023 seconds.
  path: Assets/Scripts/Meta/LoadoutUI.cs
  artifactKey: Guid(858cb30a0bed22049be3844ac72c6500) Importer(815301076,1909f56bfc062723c751e8b465ee728b)
Start importing Assets/Scripts/Meta/LoadoutUI.cs using Guid(858cb30a0bed22049be3844ac72c6500) Importer(815301076,1909f56bfc062723c751e8b465ee728b) (PreviewImporter) -> (artifact id: '00000000000000000000000000000000') in 0.001341 seconds
Import Error Code:(4)
Message: Build asset version error: assets/scripts/meta/loadoutui.cs in SourceAssetDB has modification time of '2026-02-24T14:46:06.0356319Z' while content on disk has modification time of '2026-02-24T14:46:12.8818864Z'
  ERROR: Build asset version error: assets/scripts/meta/loadoutui.cs in SourceAssetDB has modification time of '2026-02-24T14:46:06.0356319Z' while content on disk has modification time of '2026-02-24T14:46:12.8818864Z'
Number of updated asset objects reloaded before import = 0Number of asset objects unloaded after import = 0

========================================================================
Received Import Request.
  Time since last request: 0.000028 seconds.
  path: Assets/Scripts/Meta/LoadoutUI.cs
  artifactKey: Guid(858cb30a0bed22049be3844ac72c6500) Importer(815301076,1909f56bfc062723c751e8b465ee728b)
Start importing Assets/Scripts/Meta/LoadoutUI.cs using Guid(858cb30a0bed22049be3844ac72c6500) Importer(815301076,1909f56bfc062723c751e8b465ee728b) (PreviewImporter) -> (artifact id: '00000000000000000000000000000000') in 0.0013428 seconds
Import Error Code:(4)
Message: Build asset version error: assets/scripts/meta/loadoutui.cs in SourceAssetDB has modification time of '2026-02-24T14:46:06.0356319Z' while content on disk has modification time of '2026-02-24T14:46:12.8818864Z'
  ERROR: Build asset version error: assets/scripts/meta/loadoutui.cs in SourceAssetDB has modification time of '2026-02-24T14:46:06.0356319Z' while content on disk has modification time of '2026-02-24T14:46:12.8818864Z'
Number of updated asset objects reloaded before import = 0Number of asset objects unloaded after import = 0

========================================================================
Received Import Request.
  Time since last request: 0.000036 seconds.
  path: Assets/Scripts/Meta/LoadoutUI.cs
  artifactKey: Guid(858cb30a0bed22049be3844ac72c6500) Importer(815301076,1909f56bfc062723c751e8b465ee728b)
Start importing Assets/Scripts/Meta/LoadoutUI.cs using Guid(858cb30a0bed22049be3844ac72c6500) Importer(815301076,1909f56bfc062723c751e8b465ee728b) (PreviewImporter) -> (artifact id: '00000000000000000000000000000000') in 0.0007253 seconds
Import Error Code:(4)
Message: Build asset version error: assets/scripts/meta/loadoutui.cs in SourceAssetDB has modification time of '2026-02-24T14:46:06.0356319Z' while content on disk has modification time of '2026-02-24T14:46:12.8818864Z'
  ERROR: Build asset version error: assets/scripts/meta/loadoutui.cs in SourceAssetDB has modification time of '2026-02-24T14:46:06.0356319Z' while content on disk has modification time of '2026-02-24T14:46:12.8818864Z'
Number of updated asset objects reloaded before import = 0Number of asset objects unloaded after import = 0

========================================================================
Received Import Request.
  Time since last request: 0.000025 seconds.
  path: Assets/Scripts/Meta/LoadoutUI.cs
  artifactKey: Guid(858cb30a0bed22049be3844ac72c6500) Importer(815301076,1909f56bfc062723c751e8b465ee728b)
Start importing Assets/Scripts/Meta/LoadoutUI.cs using Guid(858cb30a0bed22049be3844ac72c6500) Importer(815301076,1909f56bfc062723c751e8b465ee728b) (PreviewImporter) -> (artifact id: '00000000000000000000000000000000') in 0.0008979 seconds
Import Error Code:(4)
Message: Build asset version error: assets/scripts/meta/loadoutui.cs in SourceAssetDB has modification time of '2026-02-24T14:46:06.0356319Z' while content on disk has modification time of '2026-02-24T14:46:12.8818864Z'
  ERROR: Build asset version error: assets/scripts/meta/loadoutui.cs in SourceAssetDB has modification time of '2026-02-24T14:46:06.0356319Z' while content on disk has modification time of '2026-02-24T14:46:12.8818864Z'
Number of updated asset objects reloaded before import = 0Number of asset objects unloaded after import = 0

========================================================================
Received Import Request.
  Time since last request: 0.000022 seconds.
  path: Assets/Scripts/Meta/LoadoutUI.cs
  artifactKey: Guid(858cb30a0bed22049be3844ac72c6500) Importer(815301076,1909f56bfc062723c751e8b465ee728b)
Start importing Assets/Scripts/Meta/LoadoutUI.cs using Guid(858cb30a0bed22049be3844ac72c6500) Importer(815301076,1909f56bfc062723c751e8b465ee728b) (PreviewImporter) -> (artifact id: '00000000000000000000000000000000') in 0.0009528 seconds
Import Error Code:(4)
Message: Build asset version error: assets/scripts/meta/loadoutui.cs in SourceAssetDB has modification time of '2026-02-24T14:46:06.0356319Z' while content on disk has modification time of '2026-02-24T14:46:12.8818864Z'
  ERROR: Build asset version error: assets/scripts/meta/loadoutui.cs in SourceAssetDB has modification time of '2026-02-24T14:46:06.0356319Z' while content on disk has modification time of '2026-02-24T14:46:12.8818864Z'
Number of updated asset objects reloaded before import = 0Number of asset objects unloaded after import = 0

========================================================================
Received Import Request.
  Time since last request: 0.000028 seconds.
  path: Assets/Scripts/Meta/LoadoutUI.cs
  artifactKey: Guid(858cb30a0bed22049be3844ac72c6500) Importer(815301076,1909f56bfc062723c751e8b465ee728b)
Start importing Assets/Scripts/Meta/LoadoutUI.cs using Guid(858cb30a0bed22049be3844ac72c6500) Importer(815301076,1909f56bfc062723c751e8b465ee728b) (PreviewImporter) -> (artifact id: '00000000000000000000000000000000') in 0.0008303 seconds
Import Error Code:(4)
Message: Build asset version error: assets/scripts/meta/loadoutui.cs in SourceAssetDB has modification time of '2026-02-24T14:46:06.0356319Z' while content on disk has modification time of '2026-02-24T14:46:12.8818864Z'
  ERROR: Build asset version error: assets/scripts/meta/loadoutui.cs in SourceAssetDB has modification time of '2026-02-24T14:46:06.0356319Z' while content on disk has modification time of '2026-02-24T14:46:12.8818864Z'
Number of updated asset objects reloaded before import = 0Number of asset objects unloaded after import = 0

========================================================================
Received Import Request.
  Time since last request: 0.000035 seconds.
  path: Assets/Scripts/Meta/LoadoutUI.cs
  artifactKey: Guid(858cb30a0bed22049be3844ac72c6500) Importer(815301076,1909f56bfc062723c751e8b465ee728b)
Start importing Assets/Scripts/Meta/LoadoutUI.cs using Guid(858cb30a0bed22049be3844ac72c6500) Importer(815301076,1909f56bfc062723c751e8b465ee728b) (PreviewImporter) -> (artifact id: '00000000000000000000000000000000') in 0.0010252 seconds
Import Error Code:(4)
Message: Build asset version error: assets/scripts/meta/loadoutui.cs in SourceAssetDB has modification time of '2026-02-24T14:46:06.0356319Z' while content on disk has modification time of '2026-02-24T14:46:12.8818864Z'
  ERROR: Build asset version error: assets/scripts/meta/loadoutui.cs in SourceAssetDB has modification time of '2026-02-24T14:46:06.0356319Z' while content on disk has modification time of '2026-02-24T14:46:12.8818864Z'
Number of updated asset objects reloaded before import = 0Number of asset objects unloaded after import = 0

========================================================================
Received Import Request.
  Time since last request: 0.000020 seconds.
  path: Assets/Scripts/Meta/LoadoutUI.cs
  artifactKey: Guid(858cb30a0bed22049be3844ac72c6500) Importer(815301076,1909f56bfc062723c751e8b465ee728b)
Start importing Assets/Scripts/Meta/LoadoutUI.cs using Guid(858cb30a0bed22049be3844ac72c6500) Importer(815301076,1909f56bfc062723c751e8b465ee728b) (PreviewImporter) -> (artifact id: '00000000000000000000000000000000') in 0.0008099 seconds
Import Error Code:(4)
Message: Build asset version error: assets/scripts/meta/loadoutui.cs in SourceAssetDB has modification time of '2026-02-24T14:46:06.0356319Z' while content on disk has modification time of '2026-02-24T14:46:12.8818864Z'
  ERROR: Build asset version error: assets/scripts/meta/loadoutui.cs in SourceAssetDB has modification time of '2026-02-24T14:46:06.0356319Z' while content on disk has modification time of '2026-02-24T14:46:12.8818864Z'
Number of updated asset objects reloaded before import = 0Number of asset objects unloaded after import = 0

========================================================================
Received Import Request.
  Time since last request: 0.000021 seconds.
  path: Assets/Scripts/Meta/LoadoutUI.cs
  artifactKey: Guid(858cb30a0bed22049be3844ac72c6500) Importer(815301076,1909f56bfc062723c751e8b465ee728b)
Start importing Assets/Scripts/Meta/LoadoutUI.cs using Guid(858cb30a0bed22049be3844ac72c6500) Importer(815301076,1909f56bfc062723c751e8b465ee728b) (PreviewImporter) -> (artifact id: '00000000000000000000000000000000') in 0.0012484 seconds
Import Error Code:(4)
Message: Build asset version error: assets/scripts/meta/loadoutui.cs in SourceAssetDB has modification time of '2026-02-24T14:46:06.0356319Z' while content on disk has modification time of '2026-02-24T14:46:12.8818864Z'
  ERROR: Build asset version error: assets/scripts/meta/loadoutui.cs in SourceAssetDB has modification time of '2026-02-24T14:46:06.0356319Z' while content on disk has modification time of '2026-02-24T14:46:12.8818864Z'
Number of updated asset objects reloaded before import = 0Number of asset objects unloaded after import = 0

========================================================================
Received Import Request.
  Time since last request: 0.000024 seconds.
  path: Assets/Scripts/Meta/LoadoutUI.cs
  artifactKey: Guid(858cb30a0bed22049be3844ac72c6500) Importer(815301076,1909f56bfc062723c751e8b465ee728b)
Start importing Assets/Scripts/Meta/LoadoutUI.cs using Guid(858cb30a0bed22049be3844ac72c6500) Importer(815301076,1909f56bfc062723c751e8b465ee728b) (PreviewImporter) -> (artifact id: '00000000000000000000000000000000') in 0.0010848 seconds
Import Error Code:(4)
Message: Build asset version error: assets/scripts/meta/loadoutui.cs in SourceAssetDB has modification time of '2026-02-24T14:46:06.0356319Z' while content on disk has modification time of '2026-02-24T14:46:12.8818864Z'
  ERROR: Build asset version error: assets/scripts/meta/loadoutui.cs in SourceAssetDB has modification time of '2026-02-24T14:46:06.0356319Z' while content on disk has modification time of '2026-02-24T14:46:12.8818864Z'
Number of updated asset objects reloaded before import = 0Number of asset objects unloaded after import = 0

========================================================================
Received Import Request.
  Time since last request: 0.000036 seconds.
  path: Assets/Scripts/Meta/LoadoutUI.cs
  artifactKey: Guid(858cb30a0bed22049be3844ac72c6500) Importer(815301076,1909f56bfc062723c751e8b465ee728b)
Start importing Assets/Scripts/Meta/LoadoutUI.cs using Guid(858cb30a0bed22049be3844ac72c6500) Importer(815301076,1909f56bfc062723c751e8b465ee728b) (PreviewImporter) -> (artifact id: '00000000000000000000000000000000') in 0.0013497 seconds
Import Error Code:(4)
Message: Build asset version error: assets/scripts/meta/loadoutui.cs in SourceAssetDB has modification time of '2026-02-24T14:46:06.0356319Z' while content on disk has modification time of '2026-02-24T14:46:12.8818864Z'
  ERROR: Build asset version error: assets/scripts/meta/loadoutui.cs in SourceAssetDB has modification time of '2026-02-24T14:46:06.0356319Z' while content on disk has modification time of '2026-02-24T14:46:12.8818864Z'
Number of updated asset objects reloaded before import = 0Number of asset objects unloaded after import = 0

========================================================================
Received Import Request.
  Time since last request: 0.000038 seconds.
  path: Assets/Scripts/Meta/LoadoutUI.cs
  artifactKey: Guid(858cb30a0bed22049be3844ac72c6500) Importer(815301076,1909f56bfc062723c751e8b465ee728b)
Start importing Assets/Scripts/Meta/LoadoutUI.cs using Guid(858cb30a0bed22049be3844ac72c6500) Importer(815301076,1909f56bfc062723c751e8b465ee728b) (PreviewImporter) -> (artifact id: '00000000000000000000000000000000') in 0.0007773 seconds
Import Error Code:(4)
Message: Build asset version error: assets/scripts/meta/loadoutui.cs in SourceAssetDB has modification time of '2026-02-24T14:46:06.0356319Z' while content on disk has modification time of '2026-02-24T14:46:12.8818864Z'
  ERROR: Build asset version error: assets/scripts/meta/loadoutui.cs in SourceAssetDB has modification time of '2026-02-24T14:46:06.0356319Z' while content on disk has modification time of '2026-02-24T14:46:12.8818864Z'
Number of updated asset objects reloaded before import = 0Number of asset objects unloaded after import = 0

========================================================================
Received Import Request.
  Time since last request: 0.000020 seconds.
  path: Assets/Scripts/Meta/LoadoutUI.cs
  artifactKey: Guid(858cb30a0bed22049be3844ac72c6500) Importer(815301076,1909f56bfc062723c751e8b465ee728b)
Start importing Assets/Scripts/Meta/LoadoutUI.cs using Guid(858cb30a0bed22049be3844ac72c6500) Importer(815301076,1909f56bfc062723c751e8b465ee728b) (PreviewImporter) -> (artifact id: '00000000000000000000000000000000') in 0.0009249 seconds
Import Error Code:(4)
Message: Build asset version error: assets/scripts/meta/loadoutui.cs in SourceAssetDB has modification time of '2026-02-24T14:46:06.0356319Z' while content on disk has modification time of '2026-02-24T14:46:12.8818864Z'
  ERROR: Build asset version error: assets/scripts/meta/loadoutui.cs in SourceAssetDB has modification time of '2026-02-24T14:46:06.0356319Z' while content on disk has modification time of '2026-02-24T14:46:12.8818864Z'
Number of updated asset objects reloaded before import = 0Number of asset objects unloaded after import = 0

========================================================================
Received Import Request.
  Time since last request: 0.000039 seconds.
  path: Assets/Scripts/Meta/LoadoutUI.cs
  artifactKey: Guid(858cb30a0bed22049be3844ac72c6500) Importer(815301076,1909f56bfc062723c751e8b465ee728b)
Start importing Assets/Scripts/Meta/LoadoutUI.cs using Guid(858cb30a0bed22049be3844ac72c6500) Importer(815301076,1909f56bfc062723c751e8b465ee728b) (PreviewImporter) -> (artifact id: '00000000000000000000000000000000') in 0.0012035 seconds
Import Error Code:(4)
Message: Build asset version error: assets/scripts/meta/loadoutui.cs in SourceAssetDB has modification time of '2026-02-24T14:46:06.0356319Z' while content on disk has modification time of '2026-02-24T14:46:12.8818864Z'
  ERROR: Build asset version error: assets/scripts/meta/loadoutui.cs in SourceAssetDB has modification time of '2026-02-24T14:46:06.0356319Z' while content on disk has modification time of '2026-02-24T14:46:12.8818864Z'
Number of updated asset objects reloaded before import = 0Number of asset objects unloaded after import = 0

========================================================================
Received Import Request.
  Time since last request: 0.000038 seconds.
  path: Assets/Scripts/Meta/LoadoutUI.cs
  artifactKey: Guid(858cb30a0bed22049be3844ac72c6500) Importer(815301076,1909f56bfc062723c751e8b465ee728b)
Start importing Assets/Scripts/Meta/LoadoutUI.cs using Guid(858cb30a0bed22049be3844ac72c6500) Importer(815301076,1909f56bfc062723c751e8b465ee728b) (PreviewImporter) -> (artifact id: '00000000000000000000000000000000') in 0.0008287 seconds
Import Error Code:(4)
Message: Build asset version error: assets/scripts/meta/loadoutui.cs in SourceAssetDB has modification time of '2026-02-24T14:46:06.0356319Z' while content on disk has modification time of '2026-02-24T14:46:12.8818864Z'
  ERROR: Build asset version error: assets/scripts/meta/loadoutui.cs in SourceAssetDB has modification time of '2026-02-24T14:46:06.0356319Z' while content on disk has modification time of '2026-02-24T14:46:12.8818864Z'
Number of updated asset objects reloaded before import = 0Number of asset objects unloaded after import = 0

========================================================================
Received Import Request.
  Time since last request: 0.000021 seconds.
  path: Assets/Scripts/Meta/LoadoutUI.cs
  artifactKey: Guid(858cb30a0bed22049be3844ac72c6500) Importer(815301076,1909f56bfc062723c751e8b465ee728b)
Start importing Assets/Scripts/Meta/LoadoutUI.cs using Guid(858cb30a0bed22049be3844ac72c6500) Importer(815301076,1909f56bfc062723c751e8b465ee728b) (PreviewImporter) -> (artifact id: '00000000000000000000000000000000') in 0.0012438 seconds
Import Error Code:(4)
Message: Build asset version error: assets/scripts/meta/loadoutui.cs in SourceAssetDB has modification time of '2026-02-24T14:46:06.0356319Z' while content on disk has modification time of '2026-02-24T14:46:12.8818864Z'
  ERROR: Build asset version error: assets/scripts/meta/loadoutui.cs in SourceAssetDB has modification time of '2026-02-24T14:46:06.0356319Z' while content on disk has modification time of '2026-02-24T14:46:12.8818864Z'
Number of updated asset objects reloaded before import = 0Number of asset objects unloaded after import = 0

========================================================================
Received Import Request.
  Time since last request: 0.000021 seconds.
  path: Assets/Scripts/Meta/LoadoutUI.cs
  artifactKey: Guid(858cb30a0bed22049be3844ac72c6500) Importer(815301076,1909f56bfc062723c751e8b465ee728b)
Start importing Assets/Scripts/Meta/LoadoutUI.cs using Guid(858cb30a0bed22049be3844ac72c6500) Importer(815301076,1909f56bfc062723c751e8b465ee728b) (PreviewImporter) -> (artifact id: '00000000000000000000000000000000') in 0.000789 seconds
Import Error Code:(4)
Message: Build asset version error: assets/scripts/meta/loadoutui.cs in SourceAssetDB has modification time of '2026-02-24T14:46:06.0356319Z' while content on disk has modification time of '2026-02-24T14:46:12.8818864Z'
  ERROR: Build asset version error: assets/scripts/meta/loadoutui.cs in SourceAssetDB has modification time of '2026-02-24T14:46:06.0356319Z' while content on disk has modification time of '2026-02-24T14:46:12.8818864Z'
Number of updated asset objects reloaded before import = 0Number of asset objects unloaded after import = 0

========================================================================
Received Import Request.
  Time since last request: 0.000022 seconds.
  path: Assets/Scripts/Meta/LoadoutUI.cs
  artifactKey: Guid(858cb30a0bed22049be3844ac72c6500) Importer(815301076,1909f56bfc062723c751e8b465ee728b)
Start importing Assets/Scripts/Meta/LoadoutUI.cs using Guid(858cb30a0bed22049be3844ac72c6500) Importer(815301076,1909f56bfc062723c751e8b465ee728b) (PreviewImporter) -> (artifact id: '00000000000000000000000000000000') in 0.000988 seconds
Import Error Code:(4)
Message: Build asset version error: assets/scripts/meta/loadoutui.cs in SourceAssetDB has modification time of '2026-02-24T14:46:06.0356319Z' while content on disk has modification time of '2026-02-24T14:46:12.8818864Z'
  ERROR: Build asset version error: assets/scripts/meta/loadoutui.cs in SourceAssetDB has modification time of '2026-02-24T14:46:06.0356319Z' while content on disk has modification time of '2026-02-24T14:46:12.8818864Z'
Number of updated asset objects reloaded before import = 0Number of asset objects unloaded after import = 0

========================================================================
Received Import Request.
  Time since last request: 0.000037 seconds.
  path: Assets/Scripts/Meta/LoadoutUI.cs
  artifactKey: Guid(858cb30a0bed22049be3844ac72c6500) Importer(815301076,1909f56bfc062723c751e8b465ee728b)
Start importing Assets/Scripts/Meta/LoadoutUI.cs using Guid(858cb30a0bed22049be3844ac72c6500) Importer(815301076,1909f56bfc062723c751e8b465ee728b) (PreviewImporter) -> (artifact id: '00000000000000000000000000000000') in 0.0009126 seconds
Import Error Code:(4)
Message: Build asset version error: assets/scripts/meta/loadoutui.cs in SourceAssetDB has modification time of '2026-02-24T14:46:06.0356319Z' while content on disk has modification time of '2026-02-24T14:46:12.8818864Z'
  ERROR: Build asset version error: assets/scripts/meta/loadoutui.cs in SourceAssetDB has modification time of '2026-02-24T14:46:06.0356319Z' while content on disk has modification time of '2026-02-24T14:46:12.8818864Z'
Number of updated asset objects reloaded before import = 0Number of asset objects unloaded after import = 0

========================================================================
Received Import Request.
  Time since last request: 0.000031 seconds.
  path: Assets/Scripts/Meta/LoadoutUI.cs
  artifactKey: Guid(858cb30a0bed22049be3844ac72c6500) Importer(815301076,1909f56bfc062723c751e8b465ee728b)
Start importing Assets/Scripts/Meta/LoadoutUI.cs using Guid(858cb30a0bed22049be3844ac72c6500) Importer(815301076,1909f56bfc062723c751e8b465ee728b) (PreviewImporter) -> (artifact id: '00000000000000000000000000000000') in 0.0008568 seconds
Import Error Code:(4)
Message: Build asset version error: assets/scripts/meta/loadoutui.cs in SourceAssetDB has modification time of '2026-02-24T14:46:06.0356319Z' while content on disk has modification time of '2026-02-24T14:46:12.8818864Z'
  ERROR: Build asset version error: assets/scripts/meta/loadoutui.cs in SourceAssetDB has modification time of '2026-02-24T14:46:06.0356319Z' while content on disk has modification time of '2026-02-24T14:46:12.8818864Z'
Number of updated asset objects reloaded before import = 0Number of asset objects unloaded after import = 0

========================================================================
Received Import Request.
  Time since last request: 0.000024 seconds.
  path: Assets/Scripts/Meta/LoadoutUI.cs
  artifactKey: Guid(858cb30a0bed22049be3844ac72c6500) Importer(815301076,1909f56bfc062723c751e8b465ee728b)
Start importing Assets/Scripts/Meta/LoadoutUI.cs using Guid(858cb30a0bed22049be3844ac72c6500) Importer(815301076,1909f56bfc062723c751e8b465ee728b) (PreviewImporter) -> (artifact id: '00000000000000000000000000000000') in 0.0008012 seconds
Import Error Code:(4)
Message: Build asset version error: assets/scripts/meta/loadoutui.cs in SourceAssetDB has modification time of '2026-02-24T14:46:06.0356319Z' while content on disk has modification time of '2026-02-24T14:46:12.8818864Z'
  ERROR: Build asset version error: assets/scripts/meta/loadoutui.cs in SourceAssetDB has modification time of '2026-02-24T14:46:06.0356319Z' while content on disk has modification time of '2026-02-24T14:46:12.8818864Z'
Number of updated asset objects reloaded before import = 0Number of asset objects unloaded after import = 0

========================================================================
Received Import Request.
  Time since last request: 0.000023 seconds.
  path: Assets/Scripts/Meta/LoadoutUI.cs
  artifactKey: Guid(858cb30a0bed22049be3844ac72c6500) Importer(815301076,1909f56bfc062723c751e8b465ee728b)
Start importing Assets/Scripts/Meta/LoadoutUI.cs using Guid(858cb30a0bed22049be3844ac72c6500) Importer(815301076,1909f56bfc062723c751e8b465ee728b) (PreviewImporter) -> (artifact id: '00000000000000000000000000000000') in 0.0010509 seconds
Import Error Code:(4)
Message: Build asset version error: assets/scripts/meta/loadoutui.cs in SourceAssetDB has modification time of '2026-02-24T14:46:06.0356319Z' while content on disk has modification time of '2026-02-24T14:46:12.8818864Z'
  ERROR: Build asset version error: assets/scripts/meta/loadoutui.cs in SourceAssetDB has modification time of '2026-02-24T14:46:06.0356319Z' while content on disk has modification time of '2026-02-24T14:46:12.8818864Z'
Number of updated asset objects reloaded before import = 0Number of asset objects unloaded after import = 0

========================================================================
Received Import Request.
  Time since last request: 0.000020 seconds.
  path: Assets/Scripts/Meta/LoadoutUI.cs
  artifactKey: Guid(858cb30a0bed22049be3844ac72c6500) Importer(815301076,1909f56bfc062723c751e8b465ee728b)
Start importing Assets/Scripts/Meta/LoadoutUI.cs using Guid(858cb30a0bed22049be3844ac72c6500) Importer(815301076,1909f56bfc062723c751e8b465ee728b) (PreviewImporter) -> (artifact id: '00000000000000000000000000000000') in 0.0007673 seconds
Import Error Code:(4)
Message: Build asset version error: assets/scripts/meta/loadoutui.cs in SourceAssetDB has modification time of '2026-02-24T14:46:06.0356319Z' while content on disk has modification time of '2026-02-24T14:46:12.8818864Z'
  ERROR: Build asset version error: assets/scripts/meta/loadoutui.cs in SourceAssetDB has modification time of '2026-02-24T14:46:06.0356319Z' while content on disk has modification time of '2026-02-24T14:46:12.8818864Z'
Number of updated asset objects reloaded before import = 0Number of asset objects unloaded after import = 0

========================================================================
Received Import Request.
  Time since last request: 0.000026 seconds.
  path: Assets/Scripts/Meta/LoadoutUI.cs
  artifactKey: Guid(858cb30a0bed22049be3844ac72c6500) Importer(815301076,1909f56bfc062723c751e8b465ee728b)
Start importing Assets/Scripts/Meta/LoadoutUI.cs using Guid(858cb30a0bed22049be3844ac72c6500) Importer(815301076,1909f56bfc062723c751e8b465ee728b) (PreviewImporter) -> (artifact id: '00000000000000000000000000000000') in 0.0007539 seconds
Import Error Code:(4)
Message: Build asset version error: assets/scripts/meta/loadoutui.cs in SourceAssetDB has modification time of '2026-02-24T14:46:06.0356319Z' while content on disk has modification time of '2026-02-24T14:46:12.8818864Z'
  ERROR: Build asset version error: assets/scripts/meta/loadoutui.cs in SourceAssetDB has modification time of '2026-02-24T14:46:06.0356319Z' while content on disk has modification time of '2026-02-24T14:46:12.8818864Z'
Number of updated asset objects reloaded before import = 0Number of asset objects unloaded after import = 0

========================================================================
Received Import Request.
  Time since last request: 0.000036 seconds.
  path: Assets/Scripts/Meta/LoadoutUI.cs
  artifactKey: Guid(858cb30a0bed22049be3844ac72c6500) Importer(815301076,1909f56bfc062723c751e8b465ee728b)
Start importing Assets/Scripts/Meta/LoadoutUI.cs using Guid(858cb30a0bed22049be3844ac72c6500) Importer(815301076,1909f56bfc062723c751e8b465ee728b) (PreviewImporter) -> (artifact id: '00000000000000000000000000000000') in 0.0009671 seconds
Import Error Code:(4)
Message: Build asset version error: assets/scripts/meta/loadoutui.cs in SourceAssetDB has modification time of '2026-02-24T14:46:06.0356319Z' while content on disk has modification time of '2026-02-24T14:46:12.8818864Z'
  ERROR: Build asset version error: assets/scripts/meta/loadoutui.cs in SourceAssetDB has modification time of '2026-02-24T14:46:06.0356319Z' while content on disk has modification time of '2026-02-24T14:46:12.8818864Z'
Number of updated asset objects reloaded before import = 0Number of asset objects unloaded after import = 0

========================================================================
Received Import Request.
  Time since last request: 0.000022 seconds.
  path: Assets/Scripts/Meta/LoadoutUI.cs
  artifactKey: Guid(858cb30a0bed22049be3844ac72c6500) Importer(815301076,1909f56bfc062723c751e8b465ee728b)
Start importing Assets/Scripts/Meta/LoadoutUI.cs using Guid(858cb30a0bed22049be3844ac72c6500) Importer(815301076,1909f56bfc062723c751e8b465ee728b) (PreviewImporter) -> (artifact id: '00000000000000000000000000000000') in 0.0015376 seconds
Import Error Code:(4)
Message: Build asset version error: assets/scripts/meta/loadoutui.cs in SourceAssetDB has modification time of '2026-02-24T14:46:06.0356319Z' while content on disk has modification time of '2026-02-24T14:46:12.8818864Z'
  ERROR: Build asset version error: assets/scripts/meta/loadoutui.cs in SourceAssetDB has modification time of '2026-02-24T14:46:06.0356319Z' while content on disk has modification time of '2026-02-24T14:46:12.8818864Z'
Number of updated asset objects reloaded before import = 0Number of asset objects unloaded after import = 0

========================================================================
Received Import Request.
  Time since last request: 0.000020 seconds.
  path: Assets/Scripts/Meta/LoadoutUI.cs
  artifactKey: Guid(858cb30a0bed22049be3844ac72c6500) Importer(815301076,1909f56bfc062723c751e8b465ee728b)
Start importing Assets/Scripts/Meta/LoadoutUI.cs using Guid(858cb30a0bed22049be3844ac72c6500) Importer(815301076,1909f56bfc062723c751e8b465ee728b) (PreviewImporter) -> (artifact id: '00000000000000000000000000000000') in 0.0010038 seconds
Import Error Code:(4)
Message: Build asset version error: assets/scripts/meta/loadoutui.cs in SourceAssetDB has modification time of '2026-02-24T14:46:06.0356319Z' while content on disk has modification time of '2026-02-24T14:46:12.8818864Z'
  ERROR: Build asset version error: assets/scripts/meta/loadoutui.cs in SourceAssetDB has modification time of '2026-02-24T14:46:06.0356319Z' while content on disk has modification time of '2026-02-24T14:46:12.8818864Z'
Number of updated asset objects reloaded before import = 0Number of asset objects unloaded after import = 0

========================================================================
Received Import Request.
  Time since last request: 0.000052 seconds.
  path: Assets/Scripts/Meta/LoadoutUI.cs
  artifactKey: Guid(858cb30a0bed22049be3844ac72c6500) Importer(815301076,1909f56bfc062723c751e8b465ee728b)
Start importing Assets/Scripts/Meta/LoadoutUI.cs using Guid(858cb30a0bed22049be3844ac72c6500) Importer(815301076,1909f56bfc062723c751e8b465ee728b) (PreviewImporter) -> (artifact id: '00000000000000000000000000000000') in 0.0008266 seconds
Import Error Code:(4)
Message: Build asset version error: assets/scripts/meta/loadoutui.cs in SourceAssetDB has modification time of '2026-02-24T14:46:06.0356319Z' while content on disk has modification time of '2026-02-24T14:46:12.8818864Z'
  ERROR: Build asset version error: assets/scripts/meta/loadoutui.cs in SourceAssetDB has modification time of '2026-02-24T14:46:06.0356319Z' while content on disk has modification time of '2026-02-24T14:46:12.8818864Z'
Number of updated asset objects reloaded before import = 0Number of asset objects unloaded after import = 0

========================================================================
Received Import Request.
  Time since last request: 0.000033 seconds.
  path: Assets/Scripts/Meta/LoadoutUI.cs
  artifactKey: Guid(858cb30a0bed22049be3844ac72c6500) Importer(815301076,1909f56bfc062723c751e8b465ee728b)
Start importing Assets/Scripts/Meta/LoadoutUI.cs using Guid(858cb30a0bed22049be3844ac72c6500) Importer(815301076,1909f56bfc062723c751e8b465ee728b) (PreviewImporter) -> (artifact id: '00000000000000000000000000000000') in 0.0012356 seconds
Import Error Code:(4)
Message: Build asset version error: assets/scripts/meta/loadoutui.cs in SourceAssetDB has modification time of '2026-02-24T14:46:06.0356319Z' while content on disk has modification time of '2026-02-24T14:46:12.8818864Z'
  ERROR: Build asset version error: assets/scripts/meta/loadoutui.cs in SourceAssetDB has modification time of '2026-02-24T14:46:06.0356319Z' while content on disk has modification time of '2026-02-24T14:46:12.8818864Z'
Number of updated asset objects reloaded before import = 0Number of asset objects unloaded after import = 0

========================================================================
Received Import Request.
  Time since last request: 0.000024 seconds.
  path: Assets/Scripts/Meta/LoadoutUI.cs
  artifactKey: Guid(858cb30a0bed22049be3844ac72c6500) Importer(815301076,1909f56bfc062723c751e8b465ee728b)
Start importing Assets/Scripts/Meta/LoadoutUI.cs using Guid(858cb30a0bed22049be3844ac72c6500) Importer(815301076,1909f56bfc062723c751e8b465ee728b) (PreviewImporter) -> (artifact id: '00000000000000000000000000000000') in 0.0011606 seconds
Import Error Code:(4)
Message: Build asset version error: assets/scripts/meta/loadoutui.cs in SourceAssetDB has modification time of '2026-02-24T14:46:06.0356319Z' while content on disk has modification time of '2026-02-24T14:46:12.8818864Z'
  ERROR: Build asset version error: assets/scripts/meta/loadoutui.cs in SourceAssetDB has modification time of '2026-02-24T14:46:06.0356319Z' while content on disk has modification time of '2026-02-24T14:46:12.8818864Z'
Number of updated asset objects reloaded before import = 0Number of asset objects unloaded after import = 0

========================================================================
Received Import Request.
  Time since last request: 0.000032 seconds.
  path: Assets/Scripts/Meta/LoadoutUI.cs
  artifactKey: Guid(858cb30a0bed22049be3844ac72c6500) Importer(815301076,1909f56bfc062723c751e8b465ee728b)
Start importing Assets/Scripts/Meta/LoadoutUI.cs using Guid(858cb30a0bed22049be3844ac72c6500) Importer(815301076,1909f56bfc062723c751e8b465ee728b) (PreviewImporter) -> (artifact id: '00000000000000000000000000000000') in 0.0009578 seconds
Import Error Code:(4)
Message: Build asset version error: assets/scripts/meta/loadoutui.cs in SourceAssetDB has modification time of '2026-02-24T14:46:06.0356319Z' while content on disk has modification time of '2026-02-24T14:46:12.8818864Z'
  ERROR: Build asset version error: assets/scripts/meta/loadoutui.cs in SourceAssetDB has modification time of '2026-02-24T14:46:06.0356319Z' while content on disk has modification time of '2026-02-24T14:46:12.8818864Z'
Number of updated asset objects reloaded before import = 0Number of asset objects unloaded after import = 0

========================================================================
Received Import Request.
  Time since last request: 0.000024 seconds.
  path: Assets/Scripts/Meta/LoadoutUI.cs
  artifactKey: Guid(858cb30a0bed22049be3844ac72c6500) Importer(815301076,1909f56bfc062723c751e8b465ee728b)
Start importing Assets/Scripts/Meta/LoadoutUI.cs using Guid(858cb30a0bed22049be3844ac72c6500) Importer(815301076,1909f56bfc062723c751e8b465ee728b) (PreviewImporter) -> (artifact id: '00000000000000000000000000000000') in 0.000831 seconds
Import Error Code:(4)
Message: Build asset version error: assets/scripts/meta/loadoutui.cs in SourceAssetDB has modification time of '2026-02-24T14:46:06.0356319Z' while content on disk has modification time of '2026-02-24T14:46:12.8818864Z'
  ERROR: Build asset version error: assets/scripts/meta/loadoutui.cs in SourceAssetDB has modification time of '2026-02-24T14:46:06.0356319Z' while content on disk has modification time of '2026-02-24T14:46:12.8818864Z'
Number of updated asset objects reloaded before import = 0Number of asset objects unloaded after import = 0

========================================================================
Received Import Request.
  Time since last request: 0.000037 seconds.
  path: Assets/Scripts/Meta/LoadoutUI.cs
  artifactKey: Guid(858cb30a0bed22049be3844ac72c6500) Importer(815301076,1909f56bfc062723c751e8b465ee728b)
Start importing Assets/Scripts/Meta/LoadoutUI.cs using Guid(858cb30a0bed22049be3844ac72c6500) Importer(815301076,1909f56bfc062723c751e8b465ee728b) (PreviewImporter) -> (artifact id: '00000000000000000000000000000000') in 0.0010712 seconds
Import Error Code:(4)
Message: Build asset version error: assets/scripts/meta/loadoutui.cs in SourceAssetDB has modification time of '2026-02-24T14:46:06.0356319Z' while content on disk has modification time of '2026-02-24T14:46:12.8818864Z'
  ERROR: Build asset version error: assets/scripts/meta/loadoutui.cs in SourceAssetDB has modification time of '2026-02-24T14:46:06.0356319Z' while content on disk has modification time of '2026-02-24T14:46:12.8818864Z'
Number of updated asset objects reloaded before import = 0Number of asset objects unloaded after import = 0

========================================================================
Received Import Request.
  Time since last request: 0.000031 seconds.
  path: Assets/Scripts/Meta/LoadoutUI.cs
  artifactKey: Guid(858cb30a0bed22049be3844ac72c6500) Importer(815301076,1909f56bfc062723c751e8b465ee728b)
Start importing Assets/Scripts/Meta/LoadoutUI.cs using Guid(858cb30a0bed22049be3844ac72c6500) Importer(815301076,1909f56bfc062723c751e8b465ee728b) (PreviewImporter) -> (artifact id: '00000000000000000000000000000000') in 0.0009444 seconds
Import Error Code:(4)
Message: Build asset version error: assets/scripts/meta/loadoutui.cs in SourceAssetDB has modification time of '2026-02-24T14:46:06.0356319Z' while content on disk has modification time of '2026-02-24T14:46:12.8818864Z'
  ERROR: Build asset version error: assets/scripts/meta/loadoutui.cs in SourceAssetDB has modification time of '2026-02-24T14:46:06.0356319Z' while content on disk has modification time of '2026-02-24T14:46:12.8818864Z'
Number of updated asset objects reloaded before import = 0Number of asset objects unloaded after import = 0

========================================================================
Received Import Request.
  Time since last request: 0.000031 seconds.
  path: Assets/Scripts/Meta/LoadoutUI.cs
  artifactKey: Guid(858cb30a0bed22049be3844ac72c6500) Importer(815301076,1909f56bfc062723c751e8b465ee728b)
Start importing Assets/Scripts/Meta/LoadoutUI.cs using Guid(858cb30a0bed22049be3844ac72c6500) Importer(815301076,1909f56bfc062723c751e8b465ee728b) (PreviewImporter) -> (artifact id: '00000000000000000000000000000000') in 0.0007524 seconds
Import Error Code:(4)
Message: Build asset version error: assets/scripts/meta/loadoutui.cs in SourceAssetDB has modification time of '2026-02-24T14:46:06.0356319Z' while content on disk has modification time of '2026-02-24T14:46:12.8818864Z'
  ERROR: Build asset version error: assets/scripts/meta/loadoutui.cs in SourceAssetDB has modification time of '2026-02-24T14:46:06.0356319Z' while content on disk has modification time of '2026-02-24T14:46:12.8818864Z'
Number of updated asset objects reloaded before import = 0Number of asset objects unloaded after import = 0

========================================================================
Received Import Request.
  Time since last request: 0.000019 seconds.
  path: Assets/Scripts/Meta/LoadoutUI.cs
  artifactKey: Guid(858cb30a0bed22049be3844ac72c6500) Importer(815301076,1909f56bfc062723c751e8b465ee728b)
Start importing Assets/Scripts/Meta/LoadoutUI.cs using Guid(858cb30a0bed22049be3844ac72c6500) Importer(815301076,1909f56bfc062723c751e8b465ee728b) (PreviewImporter) -> (artifact id: '00000000000000000000000000000000') in 0.0008908 seconds
Import Error Code:(4)
Message: Build asset version error: assets/scripts/meta/loadoutui.cs in SourceAssetDB has modification time of '2026-02-24T14:46:06.0356319Z' while content on disk has modification time of '2026-02-24T14:46:12.8818864Z'
  ERROR: Build asset version error: assets/scripts/meta/loadoutui.cs in SourceAssetDB has modification time of '2026-02-24T14:46:06.0356319Z' while content on disk has modification time of '2026-02-24T14:46:12.8818864Z'
Number of updated asset objects reloaded before import = 0Number of asset objects unloaded after import = 0

========================================================================
Received Import Request.
  Time since last request: 0.000024 seconds.
  path: Assets/Scripts/Meta/LoadoutUI.cs
  artifactKey: Guid(858cb30a0bed22049be3844ac72c6500) Importer(815301076,1909f56bfc062723c751e8b465ee728b)
Start importing Assets/Scripts/Meta/LoadoutUI.cs using Guid(858cb30a0bed22049be3844ac72c6500) Importer(815301076,1909f56bfc062723c751e8b465ee728b) (PreviewImporter) -> (artifact id: '00000000000000000000000000000000') in 0.0008057 seconds
Import Error Code:(4)
Message: Build asset version error: assets/scripts/meta/loadoutui.cs in SourceAssetDB has modification time of '2026-02-24T14:46:06.0356319Z' while content on disk has modification time of '2026-02-24T14:46:12.8818864Z'
  ERROR: Build asset version error: assets/scripts/meta/loadoutui.cs in SourceAssetDB has modification time of '2026-02-24T14:46:06.0356319Z' while content on disk has modification time of '2026-02-24T14:46:12.8818864Z'
Number of updated asset objects reloaded before import = 0Number of asset objects unloaded after import = 0

========================================================================
Received Import Request.
  Time since last request: 0.000031 seconds.
  path: Assets/Scripts/Meta/LoadoutUI.cs
  artifactKey: Guid(858cb30a0bed22049be3844ac72c6500) Importer(815301076,1909f56bfc062723c751e8b465ee728b)
Start importing Assets/Scripts/Meta/LoadoutUI.cs using Guid(858cb30a0bed22049be3844ac72c6500) Importer(815301076,1909f56bfc062723c751e8b465ee728b) (PreviewImporter) -> (artifact id: '00000000000000000000000000000000') in 0.0009525 seconds
Import Error Code:(4)
Message: Build asset version error: assets/scripts/meta/loadoutui.cs in SourceAssetDB has modification time of '2026-02-24T14:46:06.0356319Z' while content on disk has modification time of '2026-02-24T14:46:12.8818864Z'
  ERROR: Build asset version error: assets/scripts/meta/loadoutui.cs in SourceAssetDB has modification time of '2026-02-24T14:46:06.0356319Z' while content on disk has modification time of '2026-02-24T14:46:12.8818864Z'
Number of updated asset objects reloaded before import = 0Number of asset objects unloaded after import = 0

========================================================================
Received Import Request.
  Time since last request: 0.000020 seconds.
  path: Assets/Scripts/Meta/LoadoutUI.cs
  artifactKey: Guid(858cb30a0bed22049be3844ac72c6500) Importer(815301076,1909f56bfc062723c751e8b465ee728b)
Start importing Assets/Scripts/Meta/LoadoutUI.cs using Guid(858cb30a0bed22049be3844ac72c6500) Importer(815301076,1909f56bfc062723c751e8b465ee728b) (PreviewImporter) -> (artifact id: '00000000000000000000000000000000') in 0.0007517 seconds
Import Error Code:(4)
Message: Build asset version error: assets/scripts/meta/loadoutui.cs in SourceAssetDB has modification time of '2026-02-24T14:46:06.0356319Z' while content on disk has modification time of '2026-02-24T14:46:12.8818864Z'
  ERROR: Build asset version error: assets/scripts/meta/loadoutui.cs in SourceAssetDB has modification time of '2026-02-24T14:46:06.0356319Z' while content on disk has modification time of '2026-02-24T14:46:12.8818864Z'
Number of updated asset objects reloaded before import = 0Number of asset objects unloaded after import = 0

========================================================================
Received Import Request.
  Time since last request: 0.000020 seconds.
  path: Assets/Scripts/Meta/LoadoutUI.cs
  artifactKey: Guid(858cb30a0bed22049be3844ac72c6500) Importer(815301076,1909f56bfc062723c751e8b465ee728b)
Start importing Assets/Scripts/Meta/LoadoutUI.cs using Guid(858cb30a0bed22049be3844ac72c6500) Importer(815301076,1909f56bfc062723c751e8b465ee728b) (PreviewImporter) -> (artifact id: '00000000000000000000000000000000') in 0.0009623 seconds
Import Error Code:(4)
Message: Build asset version error: assets/scripts/meta/loadoutui.cs in SourceAssetDB has modification time of '2026-02-24T14:46:06.0356319Z' while content on disk has modification time of '2026-02-24T14:46:12.8818864Z'
  ERROR: Build asset version error: assets/scripts/meta/loadoutui.cs in SourceAssetDB has modification time of '2026-02-24T14:46:06.0356319Z' while content on disk has modification time of '2026-02-24T14:46:12.8818864Z'
Number of updated asset objects reloaded before import = 0Number of asset objects unloaded after import = 0

========================================================================
Received Import Request.
  Time since last request: 0.000024 seconds.
  path: Assets/Scripts/Meta/LoadoutUI.cs
  artifactKey: Guid(858cb30a0bed22049be3844ac72c6500) Importer(815301076,1909f56bfc062723c751e8b465ee728b)
Start importing Assets/Scripts/Meta/LoadoutUI.cs using Guid(858cb30a0bed22049be3844ac72c6500) Importer(815301076,1909f56bfc062723c751e8b465ee728b) (PreviewImporter) -> (artifact id: '00000000000000000000000000000000') in 0.0010755 seconds
Import Error Code:(4)
Message: Build asset version error: assets/scripts/meta/loadoutui.cs in SourceAssetDB has modification time of '2026-02-24T14:46:06.0356319Z' while content on disk has modification time of '2026-02-24T14:46:12.8818864Z'
  ERROR: Build asset version error: assets/scripts/meta/loadoutui.cs in SourceAssetDB has modification time of '2026-02-24T14:46:06.0356319Z' while content on disk has modification time of '2026-02-24T14:46:12.8818864Z'
Number of updated asset objects reloaded before import = 0Number of asset objects unloaded after import = 0

========================================================================
Received Import Request.
  Time since last request: 0.000036 seconds.
  path: Assets/Scripts/Meta/LoadoutUI.cs
  artifactKey: Guid(858cb30a0bed22049be3844ac72c6500) Importer(815301076,1909f56bfc062723c751e8b465ee728b)
Start importing Assets/Scripts/Meta/LoadoutUI.cs using Guid(858cb30a0bed22049be3844ac72c6500) Importer(815301076,1909f56bfc062723c751e8b465ee728b) (PreviewImporter) -> (artifact id: '00000000000000000000000000000000') in 0.0010989 seconds
Import Error Code:(4)
Message: Build asset version error: assets/scripts/meta/loadoutui.cs in SourceAssetDB has modification time of '2026-02-24T14:46:06.0356319Z' while content on disk has modification time of '2026-02-24T14:46:12.8818864Z'
  ERROR: Build asset version error: assets/scripts/meta/loadoutui.cs in SourceAssetDB has modification time of '2026-02-24T14:46:06.0356319Z' while content on disk has modification time of '2026-02-24T14:46:12.8818864Z'
Number of updated asset objects reloaded before import = 0Number of asset objects unloaded after import = 0

========================================================================
Received Import Request.
  Time since last request: 0.000039 seconds.
  path: Assets/Scripts/Meta/LoadoutUI.cs
  artifactKey: Guid(858cb30a0bed22049be3844ac72c6500) Importer(815301076,1909f56bfc062723c751e8b465ee728b)
Start importing Assets/Scripts/Meta/LoadoutUI.cs using Guid(858cb30a0bed22049be3844ac72c6500) Importer(815301076,1909f56bfc062723c751e8b465ee728b) (PreviewImporter) -> (artifact id: '00000000000000000000000000000000') in 0.0013041 seconds
Import Error Code:(4)
Message: Build asset version error: assets/scripts/meta/loadoutui.cs in SourceAssetDB has modification time of '2026-02-24T14:46:06.0356319Z' while content on disk has modification time of '2026-02-24T14:46:12.8818864Z'
  ERROR: Build asset version error: assets/scripts/meta/loadoutui.cs in SourceAssetDB has modification time of '2026-02-24T14:46:06.0356319Z' while content on disk has modification time of '2026-02-24T14:46:12.8818864Z'
Number of updated asset objects reloaded before import = 0Number of asset objects unloaded after import = 0

========================================================================
Received Import Request.
  Time since last request: 0.000035 seconds.
  path: Assets/Scripts/Meta/LoadoutUI.cs
  artifactKey: Guid(858cb30a0bed22049be3844ac72c6500) Importer(815301076,1909f56bfc062723c751e8b465ee728b)
Start importing Assets/Scripts/Meta/LoadoutUI.cs using Guid(858cb30a0bed22049be3844ac72c6500) Importer(815301076,1909f56bfc062723c751e8b465ee728b) (PreviewImporter) -> (artifact id: '00000000000000000000000000000000') in 0.0012384 seconds
Import Error Code:(4)
Message: Build asset version error: assets/scripts/meta/loadoutui.cs in SourceAssetDB has modification time of '2026-02-24T14:46:06.0356319Z' while content on disk has modification time of '2026-02-24T14:46:12.8818864Z'
  ERROR: Build asset version error: assets/scripts/meta/loadoutui.cs in SourceAssetDB has modification time of '2026-02-24T14:46:06.0356319Z' while content on disk has modification time of '2026-02-24T14:46:12.8818864Z'
Number of updated asset objects reloaded before import = 0Number of asset objects unloaded after import = 0

========================================================================
Received Import Request.
  Time since last request: 0.000038 seconds.
  path: Assets/Scripts/Meta/LoadoutUI.cs
  artifactKey: Guid(858cb30a0bed22049be3844ac72c6500) Importer(815301076,1909f56bfc062723c751e8b465ee728b)
Start importing Assets/Scripts/Meta/LoadoutUI.cs using Guid(858cb30a0bed22049be3844ac72c6500) Importer(815301076,1909f56bfc062723c751e8b465ee728b) (PreviewImporter) -> (artifact id: '00000000000000000000000000000000') in 0.0009163 seconds
Import Error Code:(4)
Message: Build asset version error: assets/scripts/meta/loadoutui.cs in SourceAssetDB has modification time of '2026-02-24T14:46:06.0356319Z' while content on disk has modification time of '2026-02-24T14:46:12.8818864Z'
  ERROR: Build asset version error: assets/scripts/meta/loadoutui.cs in SourceAssetDB has modification time of '2026-02-24T14:46:06.0356319Z' while content on disk has modification time of '2026-02-24T14:46:12.8818864Z'
Number of updated asset objects reloaded before import = 0Number of asset objects unloaded after import = 0

========================================================================
Received Import Request.
  Time since last request: 0.000031 seconds.
  path: Assets/Scripts/Meta/LoadoutUI.cs
  artifactKey: Guid(858cb30a0bed22049be3844ac72c6500) Importer(815301076,1909f56bfc062723c751e8b465ee728b)
Start importing Assets/Scripts/Meta/LoadoutUI.cs using Guid(858cb30a0bed22049be3844ac72c6500) Importer(815301076,1909f56bfc062723c751e8b465ee728b) (PreviewImporter) -> (artifact id: '00000000000000000000000000000000') in 0.0008466 seconds
Import Error Code:(4)
Message: Build asset version error: assets/scripts/meta/loadoutui.cs in SourceAssetDB has modification time of '2026-02-24T14:46:06.0356319Z' while content on disk has modification time of '2026-02-24T14:46:12.8818864Z'
  ERROR: Build asset version error: assets/scripts/meta/loadoutui.cs in SourceAssetDB has modification time of '2026-02-24T14:46:06.0356319Z' while content on disk has modification time of '2026-02-24T14:46:12.8818864Z'
Number of updated asset objects reloaded before import = 0Number of asset objects unloaded after import = 0

========================================================================
Received Import Request.
  Time since last request: 0.000042 seconds.
  path: Assets/Scripts/Meta/LoadoutUI.cs
  artifactKey: Guid(858cb30a0bed22049be3844ac72c6500) Importer(815301076,1909f56bfc062723c751e8b465ee728b)
Start importing Assets/Scripts/Meta/LoadoutUI.cs using Guid(858cb30a0bed22049be3844ac72c6500) Importer(815301076,1909f56bfc062723c751e8b465ee728b) (PreviewImporter) -> (artifact id: '00000000000000000000000000000000') in 0.0012283 seconds
Import Error Code:(4)
Message: Build asset version error: assets/scripts/meta/loadoutui.cs in SourceAssetDB has modification time of '2026-02-24T14:46:06.0356319Z' while content on disk has modification time of '2026-02-24T14:46:12.8818864Z'
  ERROR: Build asset version error: assets/scripts/meta/loadoutui.cs in SourceAssetDB has modification time of '2026-02-24T14:46:06.0356319Z' while content on disk has modification time of '2026-02-24T14:46:12.8818864Z'
Number of updated asset objects reloaded before import = 0Number of asset objects unloaded after import = 0

========================================================================
Received Import Request.
  Time since last request: 0.000025 seconds.
  path: Assets/Scripts/Meta/LoadoutUI.cs
  artifactKey: Guid(858cb30a0bed22049be3844ac72c6500) Importer(815301076,1909f56bfc062723c751e8b465ee728b)
Start importing Assets/Scripts/Meta/LoadoutUI.cs using Guid(858cb30a0bed22049be3844ac72c6500) Importer(815301076,1909f56bfc062723c751e8b465ee728b) (PreviewImporter) -> (artifact id: '00000000000000000000000000000000') in 0.001249 seconds
Import Error Code:(4)
Message: Build asset version error: assets/scripts/meta/loadoutui.cs in SourceAssetDB has modification time of '2026-02-24T14:46:06.0356319Z' while content on disk has modification time of '2026-02-24T14:46:12.8818864Z'
  ERROR: Build asset version error: assets/scripts/meta/loadoutui.cs in SourceAssetDB has modification time of '2026-02-24T14:46:06.0356319Z' while content on disk has modification time of '2026-02-24T14:46:12.8818864Z'
Number of updated asset objects reloaded before import = 0Number of asset objects unloaded after import = 0

========================================================================
Received Import Request.
  Time since last request: 0.000022 seconds.
  path: Assets/Scripts/Meta/LoadoutUI.cs
  artifactKey: Guid(858cb30a0bed22049be3844ac72c6500) Importer(815301076,1909f56bfc062723c751e8b465ee728b)
Start importing Assets/Scripts/Meta/LoadoutUI.cs using Guid(858cb30a0bed22049be3844ac72c6500) Importer(815301076,1909f56bfc062723c751e8b465ee728b) (PreviewImporter) -> (artifact id: '00000000000000000000000000000000') in 0.0009281 seconds
Import Error Code:(4)
Message: Build asset version error: assets/scripts/meta/loadoutui.cs in SourceAssetDB has modification time of '2026-02-24T14:46:06.0356319Z' while content on disk has modification time of '2026-02-24T14:46:12.8818864Z'
  ERROR: Build asset version error: assets/scripts/meta/loadoutui.cs in SourceAssetDB has modification time of '2026-02-24T14:46:06.0356319Z' while content on disk has modification time of '2026-02-24T14:46:12.8818864Z'
Number of updated asset objects reloaded before import = 0Number of asset objects unloaded after import = 0

========================================================================
Received Import Request.
  Time since last request: 0.000034 seconds.
  path: Assets/Scripts/Meta/LoadoutUI.cs
  artifactKey: Guid(858cb30a0bed22049be3844ac72c6500) Importer(815301076,1909f56bfc062723c751e8b465ee728b)
Start importing Assets/Scripts/Meta/LoadoutUI.cs using Guid(858cb30a0bed22049be3844ac72c6500) Importer(815301076,1909f56bfc062723c751e8b465ee728b) (PreviewImporter) -> (artifact id: '00000000000000000000000000000000') in 0.0014833 seconds
Import Error Code:(4)
Message: Build asset version error: assets/scripts/meta/loadoutui.cs in SourceAssetDB has modification time of '2026-02-24T14:46:06.0356319Z' while content on disk has modification time of '2026-02-24T14:46:12.8818864Z'
  ERROR: Build asset version error: assets/scripts/meta/loadoutui.cs in SourceAssetDB has modification time of '2026-02-24T14:46:06.0356319Z' while content on disk has modification time of '2026-02-24T14:46:12.8818864Z'
Number of updated asset objects reloaded before import = 0Number of asset objects unloaded after import = 0

========================================================================
Received Import Request.
  Time since last request: 0.000039 seconds.
  path: Assets/Scripts/Meta/LoadoutUI.cs
  artifactKey: Guid(858cb30a0bed22049be3844ac72c6500) Importer(815301076,1909f56bfc062723c751e8b465ee728b)
Start importing Assets/Scripts/Meta/LoadoutUI.cs using Guid(858cb30a0bed22049be3844ac72c6500) Importer(815301076,1909f56bfc062723c751e8b465ee728b) (PreviewImporter) -> (artifact id: '00000000000000000000000000000000') in 0.0009617 seconds
Import Error Code:(4)
Message: Build asset version error: assets/scripts/meta/loadoutui.cs in SourceAssetDB has modification time of '2026-02-24T14:46:06.0356319Z' while content on disk has modification time of '2026-02-24T14:46:12.8818864Z'
  ERROR: Build asset version error: assets/scripts/meta/loadoutui.cs in SourceAssetDB has modification time of '2026-02-24T14:46:06.0356319Z' while content on disk has modification time of '2026-02-24T14:46:12.8818864Z'
Number of updated asset objects reloaded before import = 0Number of asset objects unloaded after import = 0

========================================================================
Received Import Request.
  Time since last request: 0.000025 seconds.
  path: Assets/Scripts/Meta/LoadoutUI.cs
  artifactKey: Guid(858cb30a0bed22049be3844ac72c6500) Importer(815301076,1909f56bfc062723c751e8b465ee728b)
Start importing Assets/Scripts/Meta/LoadoutUI.cs using Guid(858cb30a0bed22049be3844ac72c6500) Importer(815301076,1909f56bfc062723c751e8b465ee728b) (PreviewImporter) -> (artifact id: '00000000000000000000000000000000') in 0.0010552 seconds
Import Error Code:(4)
Message: Build asset version error: assets/scripts/meta/loadoutui.cs in SourceAssetDB has modification time of '2026-02-24T14:46:06.0356319Z' while content on disk has modification time of '2026-02-24T14:46:12.8818864Z'
  ERROR: Build asset version error: assets/scripts/meta/loadoutui.cs in SourceAssetDB has modification time of '2026-02-24T14:46:06.0356319Z' while content on disk has modification time of '2026-02-24T14:46:12.8818864Z'
Number of updated asset objects reloaded before import = 0Number of asset objects unloaded after import = 0

========================================================================
Received Import Request.
  Time since last request: 0.000026 seconds.
  path: Assets/Scripts/Meta/LoadoutUI.cs
  artifactKey: Guid(858cb30a0bed22049be3844ac72c6500) Importer(815301076,1909f56bfc062723c751e8b465ee728b)
Start importing Assets/Scripts/Meta/LoadoutUI.cs using Guid(858cb30a0bed22049be3844ac72c6500) Importer(815301076,1909f56bfc062723c751e8b465ee728b) (PreviewImporter) -> (artifact id: '00000000000000000000000000000000') in 0.000901 seconds
Import Error Code:(4)
Message: Build asset version error: assets/scripts/meta/loadoutui.cs in SourceAssetDB has modification time of '2026-02-24T14:46:06.0356319Z' while content on disk has modification time of '2026-02-24T14:46:12.8818864Z'
  ERROR: Build asset version error: assets/scripts/meta/loadoutui.cs in SourceAssetDB has modification time of '2026-02-24T14:46:06.0356319Z' while content on disk has modification time of '2026-02-24T14:46:12.8818864Z'
Number of updated asset objects reloaded before import = 0Number of asset objects unloaded after import = 0

========================================================================
Received Import Request.
  Time since last request: 0.000033 seconds.
  path: Assets/Scripts/Meta/LoadoutUI.cs
  artifactKey: Guid(858cb30a0bed22049be3844ac72c6500) Importer(815301076,1909f56bfc062723c751e8b465ee728b)
Start importing Assets/Scripts/Meta/LoadoutUI.cs using Guid(858cb30a0bed22049be3844ac72c6500) Importer(815301076,1909f56bfc062723c751e8b465ee728b) (PreviewImporter) -> (artifact id: '00000000000000000000000000000000') in 0.0007965 seconds
Import Error Code:(4)
Message: Build asset version error: assets/scripts/meta/loadoutui.cs in SourceAssetDB has modification time of '2026-02-24T14:46:06.0356319Z' while content on disk has modification time of '2026-02-24T14:46:12.8818864Z'
  ERROR: Build asset version error: assets/scripts/meta/loadoutui.cs in SourceAssetDB has modification time of '2026-02-24T14:46:06.0356319Z' while content on disk has modification time of '2026-02-24T14:46:12.8818864Z'
Number of updated asset objects reloaded before import = 0Number of asset objects unloaded after import = 0

========================================================================
Received Import Request.
  Time since last request: 0.000041 seconds.
  path: Assets/Scripts/Meta/LoadoutUI.cs
  artifactKey: Guid(858cb30a0bed22049be3844ac72c6500) Importer(815301076,1909f56bfc062723c751e8b465ee728b)
Start importing Assets/Scripts/Meta/LoadoutUI.cs using Guid(858cb30a0bed22049be3844ac72c6500) Importer(815301076,1909f56bfc062723c751e8b465ee728b) (PreviewImporter) -> (artifact id: '00000000000000000000000000000000') in 0.0010127 seconds
Import Error Code:(4)
Message: Build asset version error: assets/scripts/meta/loadoutui.cs in SourceAssetDB has modification time of '2026-02-24T14:46:06.0356319Z' while content on disk has modification time of '2026-02-24T14:46:12.8818864Z'
  ERROR: Build asset version error: assets/scripts/meta/loadoutui.cs in SourceAssetDB has modification time of '2026-02-24T14:46:06.0356319Z' while content on disk has modification time of '2026-02-24T14:46:12.8818864Z'
Number of updated asset objects reloaded before import = 0Number of asset objects unloaded after import = 0

========================================================================
Received Import Request.
  Time since last request: 0.000025 seconds.
  path: Assets/Scripts/Meta/LoadoutUI.cs
  artifactKey: Guid(858cb30a0bed22049be3844ac72c6500) Importer(815301076,1909f56bfc062723c751e8b465ee728b)
Start importing Assets/Scripts/Meta/LoadoutUI.cs using Guid(858cb30a0bed22049be3844ac72c6500) Importer(815301076,1909f56bfc062723c751e8b465ee728b) (PreviewImporter) -> (artifact id: '00000000000000000000000000000000') in 0.0008479 seconds
Import Error Code:(4)
Message: Build asset version error: assets/scripts/meta/loadoutui.cs in SourceAssetDB has modification time of '2026-02-24T14:46:06.0356319Z' while content on disk has modification time of '2026-02-24T14:46:12.8818864Z'
  ERROR: Build asset version error: assets/scripts/meta/loadoutui.cs in SourceAssetDB has modification time of '2026-02-24T14:46:06.0356319Z' while content on disk has modification time of '2026-02-24T14:46:12.8818864Z'
Number of updated asset objects reloaded before import = 0Number of asset objects unloaded after import = 0

========================================================================
Received Import Request.
  Time since last request: 0.000026 seconds.
  path: Assets/Scripts/Meta/LoadoutUI.cs
  artifactKey: Guid(858cb30a0bed22049be3844ac72c6500) Importer(815301076,1909f56bfc062723c751e8b465ee728b)
Start importing Assets/Scripts/Meta/LoadoutUI.cs using Guid(858cb30a0bed22049be3844ac72c6500) Importer(815301076,1909f56bfc062723c751e8b465ee728b) (PreviewImporter) -> (artifact id: '00000000000000000000000000000000') in 0.0011801 seconds
Import Error Code:(4)
Message: Build asset version error: assets/scripts/meta/loadoutui.cs in SourceAssetDB has modification time of '2026-02-24T14:46:06.0356319Z' while content on disk has modification time of '2026-02-24T14:46:12.8818864Z'
  ERROR: Build asset version error: assets/scripts/meta/loadoutui.cs in SourceAssetDB has modification time of '2026-02-24T14:46:06.0356319Z' while content on disk has modification time of '2026-02-24T14:46:12.8818864Z'
Number of updated asset objects reloaded before import = 0Number of asset objects unloaded after import = 0

========================================================================
Received Import Request.
  Time since last request: 0.000049 seconds.
  path: Assets/Scripts/Meta/LoadoutUI.cs
  artifactKey: Guid(858cb30a0bed22049be3844ac72c6500) Importer(815301076,1909f56bfc062723c751e8b465ee728b)
Start importing Assets/Scripts/Meta/LoadoutUI.cs using Guid(858cb30a0bed22049be3844ac72c6500) Importer(815301076,1909f56bfc062723c751e8b465ee728b) (PreviewImporter) -> (artifact id: '00000000000000000000000000000000') in 0.0008631 seconds
Import Error Code:(4)
Message: Build asset version error: assets/scripts/meta/loadoutui.cs in SourceAssetDB has modification time of '2026-02-24T14:46:06.0356319Z' while content on disk has modification time of '2026-02-24T14:46:12.8818864Z'
  ERROR: Build asset version error: assets/scripts/meta/loadoutui.cs in SourceAssetDB has modification time of '2026-02-24T14:46:06.0356319Z' while content on disk has modification time of '2026-02-24T14:46:12.8818864Z'
Number of updated asset objects reloaded before import = 0Number of asset objects unloaded after import = 0

========================================================================
Received Import Request.
  Time since last request: 0.000036 seconds.
  path: Assets/Scripts/Meta/LoadoutUI.cs
  artifactKey: Guid(858cb30a0bed22049be3844ac72c6500) Importer(815301076,1909f56bfc062723c751e8b465ee728b)
Start importing Assets/Scripts/Meta/LoadoutUI.cs using Guid(858cb30a0bed22049be3844ac72c6500) Importer(815301076,1909f56bfc062723c751e8b465ee728b) (PreviewImporter) -> (artifact id: '00000000000000000000000000000000') in 0.0013409 seconds
Import Error Code:(4)
Message: Build asset version error: assets/scripts/meta/loadoutui.cs in SourceAssetDB has modification time of '2026-02-24T14:46:06.0356319Z' while content on disk has modification time of '2026-02-24T14:46:12.8818864Z'
  ERROR: Build asset version error: assets/scripts/meta/loadoutui.cs in SourceAssetDB has modification time of '2026-02-24T14:46:06.0356319Z' while content on disk has modification time of '2026-02-24T14:46:12.8818864Z'
Number of updated asset objects reloaded before import = 0Number of asset objects unloaded after import = 0

========================================================================
Received Import Request.
  Time since last request: 0.000029 seconds.
  path: Assets/Scripts/Meta/LoadoutUI.cs
  artifactKey: Guid(858cb30a0bed22049be3844ac72c6500) Importer(815301076,1909f56bfc062723c751e8b465ee728b)
Start importing Assets/Scripts/Meta/LoadoutUI.cs using Guid(858cb30a0bed22049be3844ac72c6500) Importer(815301076,1909f56bfc062723c751e8b465ee728b) (PreviewImporter) -> (artifact id: '00000000000000000000000000000000') in 0.0009273 seconds
Import Error Code:(4)
Message: Build asset version error: assets/scripts/meta/loadoutui.cs in SourceAssetDB has modification time of '2026-02-24T14:46:06.0356319Z' while content on disk has modification time of '2026-02-24T14:46:12.8818864Z'
  ERROR: Build asset version error: assets/scripts/meta/loadoutui.cs in SourceAssetDB has modification time of '2026-02-24T14:46:06.0356319Z' while content on disk has modification time of '2026-02-24T14:46:12.8818864Z'
Number of updated asset objects reloaded before import = 0Number of asset objects unloaded after import = 0

========================================================================
Received Import Request.
  Time since last request: 0.000023 seconds.
  path: Assets/Scripts/Meta/LoadoutUI.cs
  artifactKey: Guid(858cb30a0bed22049be3844ac72c6500) Importer(815301076,1909f56bfc062723c751e8b465ee728b)
Start importing Assets/Scripts/Meta/LoadoutUI.cs using Guid(858cb30a0bed22049be3844ac72c6500) Importer(815301076,1909f56bfc062723c751e8b465ee728b) (PreviewImporter) -> (artifact id: '00000000000000000000000000000000') in 0.0010086 seconds
Import Error Code:(4)
Message: Build asset version error: assets/scripts/meta/loadoutui.cs in SourceAssetDB has modification time of '2026-02-24T14:46:06.0356319Z' while content on disk has modification time of '2026-02-24T14:46:12.8818864Z'
  ERROR: Build asset version error: assets/scripts/meta/loadoutui.cs in SourceAssetDB has modification time of '2026-02-24T14:46:06.0356319Z' while content on disk has modification time of '2026-02-24T14:46:12.8818864Z'
Number of updated asset objects reloaded before import = 0Number of asset objects unloaded after import = 0

========================================================================
Received Import Request.
  Time since last request: 0.000030 seconds.
  path: Assets/Scripts/Meta/LoadoutUI.cs
  artifactKey: Guid(858cb30a0bed22049be3844ac72c6500) Importer(815301076,1909f56bfc062723c751e8b465ee728b)
Start importing Assets/Scripts/Meta/LoadoutUI.cs using Guid(858cb30a0bed22049be3844ac72c6500) Importer(815301076,1909f56bfc062723c751e8b465ee728b) (PreviewImporter) -> (artifact id: '00000000000000000000000000000000') in 0.0011247 seconds
Import Error Code:(4)
Message: Build asset version error: assets/scripts/meta/loadoutui.cs in SourceAssetDB has modification time of '2026-02-24T14:46:06.0356319Z' while content on disk has modification time of '2026-02-24T14:46:12.8818864Z'
  ERROR: Build asset version error: assets/scripts/meta/loadoutui.cs in SourceAssetDB has modification time of '2026-02-24T14:46:06.0356319Z' while content on disk has modification time of '2026-02-24T14:46:12.8818864Z'
Number of updated asset objects reloaded before import = 0Number of asset objects unloaded after import = 0

========================================================================
Received Import Request.
  Time since last request: 0.000041 seconds.
  path: Assets/Scripts/Meta/LoadoutUI.cs
  artifactKey: Guid(858cb30a0bed22049be3844ac72c6500) Importer(815301076,1909f56bfc062723c751e8b465ee728b)
Start importing Assets/Scripts/Meta/LoadoutUI.cs using Guid(858cb30a0bed22049be3844ac72c6500) Importer(815301076,1909f56bfc062723c751e8b465ee728b) (PreviewImporter) -> (artifact id: '00000000000000000000000000000000') in 0.0012414 seconds
Import Error Code:(4)
Message: Build asset version error: assets/scripts/meta/loadoutui.cs in SourceAssetDB has modification time of '2026-02-24T14:46:06.0356319Z' while content on disk has modification time of '2026-02-24T14:46:12.8818864Z'
  ERROR: Build asset version error: assets/scripts/meta/loadoutui.cs in SourceAssetDB has modification time of '2026-02-24T14:46:06.0356319Z' while content on disk has modification time of '2026-02-24T14:46:12.8818864Z'
Number of updated asset objects reloaded before import = 0Number of asset objects unloaded after import = 0

========================================================================
Received Import Request.
  Time since last request: 0.000027 seconds.
  path: Assets/Scripts/Meta/LoadoutUI.cs
  artifactKey: Guid(858cb30a0bed22049be3844ac72c6500) Importer(815301076,1909f56bfc062723c751e8b465ee728b)
Start importing Assets/Scripts/Meta/LoadoutUI.cs using Guid(858cb30a0bed22049be3844ac72c6500) Importer(815301076,1909f56bfc062723c751e8b465ee728b) (PreviewImporter) -> (artifact id: '00000000000000000000000000000000') in 0.0011301 seconds
Import Error Code:(4)
Message: Build asset version error: assets/scripts/meta/loadoutui.cs in SourceAssetDB has modification time of '2026-02-24T14:46:06.0356319Z' while content on disk has modification time of '2026-02-24T14:46:12.8818864Z'
  ERROR: Build asset version error: assets/scripts/meta/loadoutui.cs in SourceAssetDB has modification time of '2026-02-24T14:46:06.0356319Z' while content on disk has modification time of '2026-02-24T14:46:12.8818864Z'
Number of updated asset objects reloaded before import = 0Number of asset objects unloaded after import = 0

========================================================================
Received Import Request.
  Time since last request: 0.000037 seconds.
  path: Assets/Scripts/Meta/LoadoutUI.cs
  artifactKey: Guid(858cb30a0bed22049be3844ac72c6500) Importer(815301076,1909f56bfc062723c751e8b465ee728b)
Start importing Assets/Scripts/Meta/LoadoutUI.cs using Guid(858cb30a0bed22049be3844ac72c6500) Importer(815301076,1909f56bfc062723c751e8b465ee728b) (PreviewImporter) -> (artifact id: '00000000000000000000000000000000') in 0.0012255 seconds
Import Error Code:(4)
Message: Build asset version error: assets/scripts/meta/loadoutui.cs in SourceAssetDB has modification time of '2026-02-24T14:46:06.0356319Z' while content on disk has modification time of '2026-02-24T14:46:12.8818864Z'
  ERROR: Build asset version error: assets/scripts/meta/loadoutui.cs in SourceAssetDB has modification time of '2026-02-24T14:46:06.0356319Z' while content on disk has modification time of '2026-02-24T14:46:12.8818864Z'
Number of updated asset objects reloaded before import = 0Number of asset objects unloaded after import = 0

========================================================================
Received Import Request.
  Time since last request: 0.000028 seconds.
  path: Assets/Scripts/Meta/LoadoutUI.cs
  artifactKey: Guid(858cb30a0bed22049be3844ac72c6500) Importer(815301076,1909f56bfc062723c751e8b465ee728b)
Start importing Assets/Scripts/Meta/LoadoutUI.cs using Guid(858cb30a0bed22049be3844ac72c6500) Importer(815301076,1909f56bfc062723c751e8b465ee728b) (PreviewImporter) -> (artifact id: '00000000000000000000000000000000') in 0.0010902 seconds
Import Error Code:(4)
Message: Build asset version error: assets/scripts/meta/loadoutui.cs in SourceAssetDB has modification time of '2026-02-24T14:46:06.0356319Z' while content on disk has modification time of '2026-02-24T14:46:12.8818864Z'
  ERROR: Build asset version error: assets/scripts/meta/loadoutui.cs in SourceAssetDB has modification time of '2026-02-24T14:46:06.0356319Z' while content on disk has modification time of '2026-02-24T14:46:12.8818864Z'
Number of updated asset objects reloaded before import = 0Number of asset objects unloaded after import = 0

========================================================================
Received Import Request.
  Time since last request: 0.000043 seconds.
  path: Assets/Scripts/Meta/LoadoutUI.cs
  artifactKey: Guid(858cb30a0bed22049be3844ac72c6500) Importer(815301076,1909f56bfc062723c751e8b465ee728b)
Start importing Assets/Scripts/Meta/LoadoutUI.cs using Guid(858cb30a0bed22049be3844ac72c6500) Importer(815301076,1909f56bfc062723c751e8b465ee728b) (PreviewImporter) -> (artifact id: '00000000000000000000000000000000') in 0.0011941 seconds
Import Error Code:(4)
Message: Build asset version error: assets/scripts/meta/loadoutui.cs in SourceAssetDB has modification time of '2026-02-24T14:46:06.0356319Z' while content on disk has modification time of '2026-02-24T14:46:12.8818864Z'
  ERROR: Build asset version error: assets/scripts/meta/loadoutui.cs in SourceAssetDB has modification time of '2026-02-24T14:46:06.0356319Z' while content on disk has modification time of '2026-02-24T14:46:12.8818864Z'
Number of updated asset objects reloaded before import = 0Number of asset objects unloaded after import = 0

========================================================================
Received Import Request.
  Time since last request: 0.000027 seconds.
  path: Assets/Scripts/Meta/LoadoutUI.cs
  artifactKey: Guid(858cb30a0bed22049be3844ac72c6500) Importer(815301076,1909f56bfc062723c751e8b465ee728b)
Start importing Assets/Scripts/Meta/LoadoutUI.cs using Guid(858cb30a0bed22049be3844ac72c6500) Importer(815301076,1909f56bfc062723c751e8b465ee728b) (PreviewImporter) -> (artifact id: '00000000000000000000000000000000') in 0.0009245 seconds
Import Error Code:(4)
Message: Build asset version error: assets/scripts/meta/loadoutui.cs in SourceAssetDB has modification time of '2026-02-24T14:46:06.0356319Z' while content on disk has modification time of '2026-02-24T14:46:12.8818864Z'
  ERROR: Build asset version error: assets/scripts/meta/loadoutui.cs in SourceAssetDB has modification time of '2026-02-24T14:46:06.0356319Z' while content on disk has modification time of '2026-02-24T14:46:12.8818864Z'
Number of updated asset objects reloaded before import = 0Number of asset objects unloaded after import = 0

========================================================================
Received Import Request.
  Time since last request: 0.000025 seconds.
  path: Assets/Scripts/Meta/LoadoutUI.cs
  artifactKey: Guid(858cb30a0bed22049be3844ac72c6500) Importer(815301076,1909f56bfc062723c751e8b465ee728b)
Start importing Assets/Scripts/Meta/LoadoutUI.cs using Guid(858cb30a0bed22049be3844ac72c6500) Importer(815301076,1909f56bfc062723c751e8b465ee728b) (PreviewImporter) -> (artifact id: '00000000000000000000000000000000') in 0.0013124 seconds
Import Error Code:(4)
Message: Build asset version error: assets/scripts/meta/loadoutui.cs in SourceAssetDB has modification time of '2026-02-24T14:46:06.0356319Z' while content on disk has modification time of '2026-02-24T14:46:12.8818864Z'
  ERROR: Build asset version error: assets/scripts/meta/loadoutui.cs in SourceAssetDB has modification time of '2026-02-24T14:46:06.0356319Z' while content on disk has modification time of '2026-02-24T14:46:12.8818864Z'
Number of updated asset objects reloaded before import = 0Number of asset objects unloaded after import = 0

========================================================================
Received Import Request.
  Time since last request: 0.000030 seconds.
  path: Assets/Scripts/Meta/LoadoutUI.cs
  artifactKey: Guid(858cb30a0bed22049be3844ac72c6500) Importer(815301076,1909f56bfc062723c751e8b465ee728b)
Start importing Assets/Scripts/Meta/LoadoutUI.cs using Guid(858cb30a0bed22049be3844ac72c6500) Importer(815301076,1909f56bfc062723c751e8b465ee728b) (PreviewImporter) -> (artifact id: '00000000000000000000000000000000') in 0.0011371 seconds
Import Error Code:(4)
Message: Build asset version error: assets/scripts/meta/loadoutui.cs in SourceAssetDB has modification time of '2026-02-24T14:46:06.0356319Z' while content on disk has modification time of '2026-02-24T14:46:12.8818864Z'
  ERROR: Build asset version error: assets/scripts/meta/loadoutui.cs in SourceAssetDB has modification time of '2026-02-24T14:46:06.0356319Z' while content on disk has modification time of '2026-02-24T14:46:12.8818864Z'
Number of updated asset objects reloaded before import = 0Number of asset objects unloaded after import = 0

========================================================================
Received Import Request.
  Time since last request: 0.000039 seconds.
  path: Assets/Scripts/Meta/LoadoutUI.cs
  artifactKey: Guid(858cb30a0bed22049be3844ac72c6500) Importer(815301076,1909f56bfc062723c751e8b465ee728b)
Start importing Assets/Scripts/Meta/LoadoutUI.cs using Guid(858cb30a0bed22049be3844ac72c6500) Importer(815301076,1909f56bfc062723c751e8b465ee728b) (PreviewImporter) -> (artifact id: '00000000000000000000000000000000') in 0.0011191 seconds
Import Error Code:(4)
Message: Build asset version error: assets/scripts/meta/loadoutui.cs in SourceAssetDB has modification time of '2026-02-24T14:46:06.0356319Z' while content on disk has modification time of '2026-02-24T14:46:12.8818864Z'
  ERROR: Build asset version error: assets/scripts/meta/loadoutui.cs in SourceAssetDB has modification time of '2026-02-24T14:46:06.0356319Z' while content on disk has modification time of '2026-02-24T14:46:12.8818864Z'
Number of updated asset objects reloaded before import = 0Number of asset objects unloaded after import = 0

========================================================================
Received Import Request.
  Time since last request: 0.000031 seconds.
  path: Assets/Scripts/Meta/LoadoutUI.cs
  artifactKey: Guid(858cb30a0bed22049be3844ac72c6500) Importer(815301076,1909f56bfc062723c751e8b465ee728b)
Start importing Assets/Scripts/Meta/LoadoutUI.cs using Guid(858cb30a0bed22049be3844ac72c6500) Importer(815301076,1909f56bfc062723c751e8b465ee728b) (PreviewImporter) -> (artifact id: '00000000000000000000000000000000') in 0.0008232 seconds
Import Error Code:(4)
Message: Build asset version error: assets/scripts/meta/loadoutui.cs in SourceAssetDB has modification time of '2026-02-24T14:46:06.0356319Z' while content on disk has modification time of '2026-02-24T14:46:12.8818864Z'
  ERROR: Build asset version error: assets/scripts/meta/loadoutui.cs in SourceAssetDB has modification time of '2026-02-24T14:46:06.0356319Z' while content on disk has modification time of '2026-02-24T14:46:12.8818864Z'
Number of updated asset objects reloaded before import = 0Number of asset objects unloaded after import = 0

========================================================================
Received Import Request.
  Time since last request: 0.000024 seconds.
  path: Assets/Scripts/Meta/LoadoutUI.cs
  artifactKey: Guid(858cb30a0bed22049be3844ac72c6500) Importer(815301076,1909f56bfc062723c751e8b465ee728b)
Start importing Assets/Scripts/Meta/LoadoutUI.cs using Guid(858cb30a0bed22049be3844ac72c6500) Importer(815301076,1909f56bfc062723c751e8b465ee728b) (PreviewImporter) -> (artifact id: '00000000000000000000000000000000') in 0.0010996 seconds
Import Error Code:(4)
Message: Build asset version error: assets/scripts/meta/loadoutui.cs in SourceAssetDB has modification time of '2026-02-24T14:46:06.0356319Z' while content on disk has modification time of '2026-02-24T14:46:12.8818864Z'
  ERROR: Build asset version error: assets/scripts/meta/loadoutui.cs in SourceAssetDB has modification time of '2026-02-24T14:46:06.0356319Z' while content on disk has modification time of '2026-02-24T14:46:12.8818864Z'
Number of updated asset objects reloaded before import = 0Number of asset objects unloaded after import = 0

========================================================================
Received Import Request.
  Time since last request: 0.000031 seconds.
  path: Assets/Scripts/Meta/LoadoutUI.cs
  artifactKey: Guid(858cb30a0bed22049be3844ac72c6500) Importer(815301076,1909f56bfc062723c751e8b465ee728b)
Start importing Assets/Scripts/Meta/LoadoutUI.cs using Guid(858cb30a0bed22049be3844ac72c6500) Importer(815301076,1909f56bfc062723c751e8b465ee728b) (PreviewImporter) -> (artifact id: '00000000000000000000000000000000') in 0.0013516 seconds
Import Error Code:(4)
Message: Build asset version error: assets/scripts/meta/loadoutui.cs in SourceAssetDB has modification time of '2026-02-24T14:46:06.0356319Z' while content on disk has modification time of '2026-02-24T14:46:12.8818864Z'
  ERROR: Build asset version error: assets/scripts/meta/loadoutui.cs in SourceAssetDB has modification time of '2026-02-24T14:46:06.0356319Z' while content on disk has modification time of '2026-02-24T14:46:12.8818864Z'
Number of updated asset objects reloaded before import = 0Number of asset objects unloaded after import = 0

========================================================================
Received Import Request.
  Time since last request: 0.000053 seconds.
  path: Assets/Scripts/Meta/LoadoutUI.cs
  artifactKey: Guid(858cb30a0bed22049be3844ac72c6500) Importer(815301076,1909f56bfc062723c751e8b465ee728b)
Start importing Assets/Scripts/Meta/LoadoutUI.cs using Guid(858cb30a0bed22049be3844ac72c6500) Importer(815301076,1909f56bfc062723c751e8b465ee728b) (PreviewImporter) -> (artifact id: '00000000000000000000000000000000') in 0.0009024 seconds
Import Error Code:(4)
Message: Build asset version error: assets/scripts/meta/loadoutui.cs in SourceAssetDB has modification time of '2026-02-24T14:46:06.0356319Z' while content on disk has modification time of '2026-02-24T14:46:12.8818864Z'
  ERROR: Build asset version error: assets/scripts/meta/loadoutui.cs in SourceAssetDB has modification time of '2026-02-24T14:46:06.0356319Z' while content on disk has modification time of '2026-02-24T14:46:12.8818864Z'
Number of updated asset objects reloaded before import = 0Number of asset objects unloaded after import = 0

========================================================================
Received Import Request.
  Time since last request: 0.000026 seconds.
  path: Assets/Scripts/Meta/LoadoutUI.cs
  artifactKey: Guid(858cb30a0bed22049be3844ac72c6500) Importer(815301076,1909f56bfc062723c751e8b465ee728b)
Start importing Assets/Scripts/Meta/LoadoutUI.cs using Guid(858cb30a0bed22049be3844ac72c6500) Importer(815301076,1909f56bfc062723c751e8b465ee728b) (PreviewImporter) -> (artifact id: '00000000000000000000000000000000') in 0.0011266 seconds
Import Error Code:(4)
Message: Build asset version error: assets/scripts/meta/loadoutui.cs in SourceAssetDB has modification time of '2026-02-24T14:46:06.0356319Z' while content on disk has modification time of '2026-02-24T14:46:12.8818864Z'
  ERROR: Build asset version error: assets/scripts/meta/loadoutui.cs in SourceAssetDB has modification time of '2026-02-24T14:46:06.0356319Z' while content on disk has modification time of '2026-02-24T14:46:12.8818864Z'
Number of updated asset objects reloaded before import = 0Number of asset objects unloaded after import = 0

========================================================================
Received Import Request.
  Time since last request: 0.000024 seconds.
  path: Assets/Scripts/Meta/LoadoutUI.cs
  artifactKey: Guid(858cb30a0bed22049be3844ac72c6500) Importer(815301076,1909f56bfc062723c751e8b465ee728b)
Start importing Assets/Scripts/Meta/LoadoutUI.cs using Guid(858cb30a0bed22049be3844ac72c6500) Importer(815301076,1909f56bfc062723c751e8b465ee728b) (PreviewImporter) -> (artifact id: '00000000000000000000000000000000') in 0.000885 seconds
Import Error Code:(4)
Message: Build asset version error: assets/scripts/meta/loadoutui.cs in SourceAssetDB has modification time of '2026-02-24T14:46:06.0356319Z' while content on disk has modification time of '2026-02-24T14:46:12.8818864Z'
  ERROR: Build asset version error: assets/scripts/meta/loadoutui.cs in SourceAssetDB has modification time of '2026-02-24T14:46:06.0356319Z' while content on disk has modification time of '2026-02-24T14:46:12.8818864Z'
Number of updated asset objects reloaded before import = 0Number of asset objects unloaded after import = 0

========================================================================
Received Import Request.
  Time since last request: 0.000111 seconds.
  path: Assets/Scripts/Meta/LoadoutUI.cs
  artifactKey: Guid(858cb30a0bed22049be3844ac72c6500) Importer(815301076,1909f56bfc062723c751e8b465ee728b)
Start importing Assets/Scripts/Meta/LoadoutUI.cs using Guid(858cb30a0bed22049be3844ac72c6500) Importer(815301076,1909f56bfc062723c751e8b465ee728b) (PreviewImporter) -> (artifact id: '00000000000000000000000000000000') in 0.0010844 seconds
Import Error Code:(4)
Message: Build asset version error: assets/scripts/meta/loadoutui.cs in SourceAssetDB has modification time of '2026-02-24T14:46:06.0356319Z' while content on disk has modification time of '2026-02-24T14:46:12.8818864Z'
  ERROR: Build asset version error: assets/scripts/meta/loadoutui.cs in SourceAssetDB has modification time of '2026-02-24T14:46:06.0356319Z' while content on disk has modification time of '2026-02-24T14:46:12.8818864Z'
Number of updated asset objects reloaded before import = 0Number of asset objects unloaded after import = 0

========================================================================
Received Import Request.
  Time since last request: 0.000041 seconds.
  path: Assets/Scripts/Meta/LoadoutUI.cs
  artifactKey: Guid(858cb30a0bed22049be3844ac72c6500) Importer(815301076,1909f56bfc062723c751e8b465ee728b)
Start importing Assets/Scripts/Meta/LoadoutUI.cs using Guid(858cb30a0bed22049be3844ac72c6500) Importer(815301076,1909f56bfc062723c751e8b465ee728b) (PreviewImporter) -> (artifact id: '00000000000000000000000000000000') in 0.001261 seconds
Import Error Code:(4)
Message: Build asset version error: assets/scripts/meta/loadoutui.cs in SourceAssetDB has modification time of '2026-02-24T14:46:06.0356319Z' while content on disk has modification time of '2026-02-24T14:46:12.8818864Z'
  ERROR: Build asset version error: assets/scripts/meta/loadoutui.cs in SourceAssetDB has modification time of '2026-02-24T14:46:06.0356319Z' while content on disk has modification time of '2026-02-24T14:46:12.8818864Z'
Number of updated asset objects reloaded before import = 0Number of asset objects unloaded after import = 0

========================================================================
Received Import Request.
  Time since last request: 0.000026 seconds.
  path: Assets/Scripts/Meta/LoadoutUI.cs
  artifactKey: Guid(858cb30a0bed22049be3844ac72c6500) Importer(815301076,1909f56bfc062723c751e8b465ee728b)
Start importing Assets/Scripts/Meta/LoadoutUI.cs using Guid(858cb30a0bed22049be3844ac72c6500) Importer(815301076,1909f56bfc062723c751e8b465ee728b) (PreviewImporter) -> (artifact id: '00000000000000000000000000000000') in 0.0009928 seconds
Import Error Code:(4)
Message: Build asset version error: assets/scripts/meta/loadoutui.cs in SourceAssetDB has modification time of '2026-02-24T14:46:06.0356319Z' while content on disk has modification time of '2026-02-24T14:46:12.8818864Z'
  ERROR: Build asset version error: assets/scripts/meta/loadoutui.cs in SourceAssetDB has modification time of '2026-02-24T14:46:06.0356319Z' while content on disk has modification time of '2026-02-24T14:46:12.8818864Z'
Number of updated asset objects reloaded before import = 0Number of asset objects unloaded after import = 0

========================================================================
Received Import Request.
  Time since last request: 0.000024 seconds.
  path: Assets/Scripts/Meta/LoadoutUI.cs
  artifactKey: Guid(858cb30a0bed22049be3844ac72c6500) Importer(815301076,1909f56bfc062723c751e8b465ee728b)
Start importing Assets/Scripts/Meta/LoadoutUI.cs using Guid(858cb30a0bed22049be3844ac72c6500) Importer(815301076,1909f56bfc062723c751e8b465ee728b) (PreviewImporter) -> (artifact id: '00000000000000000000000000000000') in 0.0013457 seconds
Import Error Code:(4)
Message: Build asset version error: assets/scripts/meta/loadoutui.cs in SourceAssetDB has modification time of '2026-02-24T14:46:06.0356319Z' while content on disk has modification time of '2026-02-24T14:46:12.8818864Z'
  ERROR: Build asset version error: assets/scripts/meta/loadoutui.cs in SourceAssetDB has modification time of '2026-02-24T14:46:06.0356319Z' while content on disk has modification time of '2026-02-24T14:46:12.8818864Z'
Number of updated asset objects reloaded before import = 0Number of asset objects unloaded after import = 0

========================================================================
Received Import Request.
  Time since last request: 0.000030 seconds.
  path: Assets/Scripts/Meta/LoadoutUI.cs
  artifactKey: Guid(858cb30a0bed22049be3844ac72c6500) Importer(815301076,1909f56bfc062723c751e8b465ee728b)
Start importing Assets/Scripts/Meta/LoadoutUI.cs using Guid(858cb30a0bed22049be3844ac72c6500) Importer(815301076,1909f56bfc062723c751e8b465ee728b) (PreviewImporter) -> (artifact id: '00000000000000000000000000000000') in 0.00116 seconds
Import Error Code:(4)
Message: Build asset version error: assets/scripts/meta/loadoutui.cs in SourceAssetDB has modification time of '2026-02-24T14:46:06.0356319Z' while content on disk has modification time of '2026-02-24T14:46:12.8818864Z'
  ERROR: Build asset version error: assets/scripts/meta/loadoutui.cs in SourceAssetDB has modification time of '2026-02-24T14:46:06.0356319Z' while content on disk has modification time of '2026-02-24T14:46:12.8818864Z'
Number of updated asset objects reloaded before import = 0Number of asset objects unloaded after import = 0

========================================================================
Received Import Request.
  Time since last request: 0.000069 seconds.
  path: Assets/Scripts/Meta/LoadoutUI.cs
  artifactKey: Guid(858cb30a0bed22049be3844ac72c6500) Importer(815301076,1909f56bfc062723c751e8b465ee728b)
Start importing Assets/Scripts/Meta/LoadoutUI.cs using Guid(858cb30a0bed22049be3844ac72c6500) Importer(815301076,1909f56bfc062723c751e8b465ee728b) (PreviewImporter) -> (artifact id: '00000000000000000000000000000000') in 0.0011641 seconds
Import Error Code:(4)
Message: Build asset version error: assets/scripts/meta/loadoutui.cs in SourceAssetDB has modification time of '2026-02-24T14:46:06.0356319Z' while content on disk has modification time of '2026-02-24T14:46:12.8818864Z'
  ERROR: Build asset version error: assets/scripts/meta/loadoutui.cs in SourceAssetDB has modification time of '2026-02-24T14:46:06.0356319Z' while content on disk has modification time of '2026-02-24T14:46:12.8818864Z'
Number of updated asset objects reloaded before import = 0Number of asset objects unloaded after import = 0

========================================================================
Received Import Request.
  Time since last request: 0.000040 seconds.
  path: Assets/Scripts/Meta/LoadoutUI.cs
  artifactKey: Guid(858cb30a0bed22049be3844ac72c6500) Importer(815301076,1909f56bfc062723c751e8b465ee728b)
Start importing Assets/Scripts/Meta/LoadoutUI.cs using Guid(858cb30a0bed22049be3844ac72c6500) Importer(815301076,1909f56bfc062723c751e8b465ee728b) (PreviewImporter) -> (artifact id: '00000000000000000000000000000000') in 0.0009436 seconds
Import Error Code:(4)
Message: Build asset version error: assets/scripts/meta/loadoutui.cs in SourceAssetDB has modification time of '2026-02-24T14:46:06.0356319Z' while content on disk has modification time of '2026-02-24T14:46:12.8818864Z'
  ERROR: Build asset version error: assets/scripts/meta/loadoutui.cs in SourceAssetDB has modification time of '2026-02-24T14:46:06.0356319Z' while content on disk has modification time of '2026-02-24T14:46:12.8818864Z'
Number of updated asset objects reloaded before import = 0Number of asset objects unloaded after import = 0

========================================================================
Received Import Request.
  Time since last request: 0.000031 seconds.
  path: Assets/Scripts/Meta/LoadoutUI.cs
  artifactKey: Guid(858cb30a0bed22049be3844ac72c6500) Importer(815301076,1909f56bfc062723c751e8b465ee728b)
Start importing Assets/Scripts/Meta/LoadoutUI.cs using Guid(858cb30a0bed22049be3844ac72c6500) Importer(815301076,1909f56bfc062723c751e8b465ee728b) (PreviewImporter) -> (artifact id: '00000000000000000000000000000000') in 0.0009749 seconds
Import Error Code:(4)
Message: Build asset version error: assets/scripts/meta/loadoutui.cs in SourceAssetDB has modification time of '2026-02-24T14:46:06.0356319Z' while content on disk has modification time of '2026-02-24T14:46:12.8818864Z'
  ERROR: Build asset version error: assets/scripts/meta/loadoutui.cs in SourceAssetDB has modification time of '2026-02-24T14:46:06.0356319Z' while content on disk has modification time of '2026-02-24T14:46:12.8818864Z'
Number of updated asset objects reloaded before import = 0Number of asset objects unloaded after import = 0

========================================================================
Received Import Request.
  Time since last request: 0.000028 seconds.
  path: Assets/Scripts/Meta/LoadoutUI.cs
  artifactKey: Guid(858cb30a0bed22049be3844ac72c6500) Importer(815301076,1909f56bfc062723c751e8b465ee728b)
Start importing Assets/Scripts/Meta/LoadoutUI.cs using Guid(858cb30a0bed22049be3844ac72c6500) Importer(815301076,1909f56bfc062723c751e8b465ee728b) (PreviewImporter) -> (artifact id: '00000000000000000000000000000000') in 0.0010596 seconds
Import Error Code:(4)
Message: Build asset version error: assets/scripts/meta/loadoutui.cs in SourceAssetDB has modification time of '2026-02-24T14:46:06.0356319Z' while content on disk has modification time of '2026-02-24T14:46:12.8818864Z'
  ERROR: Build asset version error: assets/scripts/meta/loadoutui.cs in SourceAssetDB has modification time of '2026-02-24T14:46:06.0356319Z' while content on disk has modification time of '2026-02-24T14:46:12.8818864Z'
Number of updated asset objects reloaded before import = 0Number of asset objects unloaded after import = 0

========================================================================
Received Import Request.
  Time since last request: 0.000054 seconds.
  path: Assets/Scripts/Meta/LoadoutUI.cs
  artifactKey: Guid(858cb30a0bed22049be3844ac72c6500) Importer(815301076,1909f56bfc062723c751e8b465ee728b)
Start importing Assets/Scripts/Meta/LoadoutUI.cs using Guid(858cb30a0bed22049be3844ac72c6500) Importer(815301076,1909f56bfc062723c751e8b465ee728b) (PreviewImporter) -> (artifact id: '00000000000000000000000000000000') in 0.0013946 seconds
Import Error Code:(4)
Message: Build asset version error: assets/scripts/meta/loadoutui.cs in SourceAssetDB has modification time of '2026-02-24T14:46:06.0356319Z' while content on disk has modification time of '2026-02-24T14:46:12.8818864Z'
  ERROR: Build asset version error: assets/scripts/meta/loadoutui.cs in SourceAssetDB has modification time of '2026-02-24T14:46:06.0356319Z' while content on disk has modification time of '2026-02-24T14:46:12.8818864Z'
Number of updated asset objects reloaded before import = 0Number of asset objects unloaded after import = 0

========================================================================
Received Import Request.
  Time since last request: 0.000026 seconds.
  path: Assets/Scripts/Meta/LoadoutUI.cs
  artifactKey: Guid(858cb30a0bed22049be3844ac72c6500) Importer(815301076,1909f56bfc062723c751e8b465ee728b)
Start importing Assets/Scripts/Meta/LoadoutUI.cs using Guid(858cb30a0bed22049be3844ac72c6500) Importer(815301076,1909f56bfc062723c751e8b465ee728b) (PreviewImporter) -> (artifact id: '00000000000000000000000000000000') in 0.0012868 seconds
Import Error Code:(4)
Message: Build asset version error: assets/scripts/meta/loadoutui.cs in SourceAssetDB has modification time of '2026-02-24T14:46:06.0356319Z' while content on disk has modification time of '2026-02-24T14:46:12.8818864Z'
  ERROR: Build asset version error: assets/scripts/meta/loadoutui.cs in SourceAssetDB has modification time of '2026-02-24T14:46:06.0356319Z' while content on disk has modification time of '2026-02-24T14:46:12.8818864Z'
Number of updated asset objects reloaded before import = 0Number of asset objects unloaded after import = 0

========================================================================
Received Import Request.
  Time since last request: 0.000027 seconds.
  path: Assets/Scripts/Meta/LoadoutUI.cs
  artifactKey: Guid(858cb30a0bed22049be3844ac72c6500) Importer(815301076,1909f56bfc062723c751e8b465ee728b)
Start importing Assets/Scripts/Meta/LoadoutUI.cs using Guid(858cb30a0bed22049be3844ac72c6500) Importer(815301076,1909f56bfc062723c751e8b465ee728b) (PreviewImporter) -> (artifact id: '00000000000000000000000000000000') in 0.0010279 seconds
Import Error Code:(4)
Message: Build asset version error: assets/scripts/meta/loadoutui.cs in SourceAssetDB has modification time of '2026-02-24T14:46:06.0356319Z' while content on disk has modification time of '2026-02-24T14:46:12.8818864Z'
  ERROR: Build asset version error: assets/scripts/meta/loadoutui.cs in SourceAssetDB has modification time of '2026-02-24T14:46:06.0356319Z' while content on disk has modification time of '2026-02-24T14:46:12.8818864Z'
Number of updated asset objects reloaded before import = 0Number of asset objects unloaded after import = 0

========================================================================
Received Import Request.
  Time since last request: 0.000030 seconds.
  path: Assets/Scripts/Meta/LoadoutUI.cs
  artifactKey: Guid(858cb30a0bed22049be3844ac72c6500) Importer(815301076,1909f56bfc062723c751e8b465ee728b)
Start importing Assets/Scripts/Meta/LoadoutUI.cs using Guid(858cb30a0bed22049be3844ac72c6500) Importer(815301076,1909f56bfc062723c751e8b465ee728b) (PreviewImporter) -> (artifact id: '00000000000000000000000000000000') in 0.0015429 seconds
Import Error Code:(4)
Message: Build asset version error: assets/scripts/meta/loadoutui.cs in SourceAssetDB has modification time of '2026-02-24T14:46:06.0356319Z' while content on disk has modification time of '2026-02-24T14:46:12.8818864Z'
  ERROR: Build asset version error: assets/scripts/meta/loadoutui.cs in SourceAssetDB has modification time of '2026-02-24T14:46:06.0356319Z' while content on disk has modification time of '2026-02-24T14:46:12.8818864Z'
Number of updated asset objects reloaded before import = 0Number of asset objects unloaded after import = 0

========================================================================
Received Import Request.
  Time since last request: 0.000039 seconds.
  path: Assets/Scripts/Meta/LoadoutUI.cs
  artifactKey: Guid(858cb30a0bed22049be3844ac72c6500) Importer(815301076,1909f56bfc062723c751e8b465ee728b)
Start importing Assets/Scripts/Meta/LoadoutUI.cs using Guid(858cb30a0bed22049be3844ac72c6500) Importer(815301076,1909f56bfc062723c751e8b465ee728b) (PreviewImporter) -> (artifact id: '00000000000000000000000000000000') in 0.0013697 seconds
Import Error Code:(4)
Message: Build asset version error: assets/scripts/meta/loadoutui.cs in SourceAssetDB has modification time of '2026-02-24T14:46:06.0356319Z' while content on disk has modification time of '2026-02-24T14:46:12.8818864Z'
  ERROR: Build asset version error: assets/scripts/meta/loadoutui.cs in SourceAssetDB has modification time of '2026-02-24T14:46:06.0356319Z' while content on disk has modification time of '2026-02-24T14:46:12.8818864Z'
Number of updated asset objects reloaded before import = 0Number of asset objects unloaded after import = 0

========================================================================
Received Import Request.
  Time since last request: 0.000026 seconds.
  path: Assets/Scripts/Meta/LoadoutUI.cs
  artifactKey: Guid(858cb30a0bed22049be3844ac72c6500) Importer(815301076,1909f56bfc062723c751e8b465ee728b)
Start importing Assets/Scripts/Meta/LoadoutUI.cs using Guid(858cb30a0bed22049be3844ac72c6500) Importer(815301076,1909f56bfc062723c751e8b465ee728b) (PreviewImporter) -> (artifact id: '00000000000000000000000000000000') in 0.0011249 seconds
Import Error Code:(4)
Message: Build asset version error: assets/scripts/meta/loadoutui.cs in SourceAssetDB has modification time of '2026-02-24T14:46:06.0356319Z' while content on disk has modification time of '2026-02-24T14:46:12.8818864Z'
  ERROR: Build asset version error: assets/scripts/meta/loadoutui.cs in SourceAssetDB has modification time of '2026-02-24T14:46:06.0356319Z' while content on disk has modification time of '2026-02-24T14:46:12.8818864Z'
Number of updated asset objects reloaded before import = 0Number of asset objects unloaded after import = 0

========================================================================
Received Import Request.
  Time since last request: 0.000025 seconds.
  path: Assets/Scripts/Meta/LoadoutUI.cs
  artifactKey: Guid(858cb30a0bed22049be3844ac72c6500) Importer(815301076,1909f56bfc062723c751e8b465ee728b)
Start importing Assets/Scripts/Meta/LoadoutUI.cs using Guid(858cb30a0bed22049be3844ac72c6500) Importer(815301076,1909f56bfc062723c751e8b465ee728b) (PreviewImporter) -> (artifact id: '00000000000000000000000000000000') in 0.0012656 seconds
Import Error Code:(4)
Message: Build asset version error: assets/scripts/meta/loadoutui.cs in SourceAssetDB has modification time of '2026-02-24T14:46:06.0356319Z' while content on disk has modification time of '2026-02-24T14:46:12.8818864Z'
  ERROR: Build asset version error: assets/scripts/meta/loadoutui.cs in SourceAssetDB has modification time of '2026-02-24T14:46:06.0356319Z' while content on disk has modification time of '2026-02-24T14:46:12.8818864Z'
Number of updated asset objects reloaded before import = 0Number of asset objects unloaded after import = 0

========================================================================
Received Import Request.
  Time since last request: 0.000029 seconds.
  path: Assets/Scripts/Meta/LoadoutUI.cs
  artifactKey: Guid(858cb30a0bed22049be3844ac72c6500) Importer(815301076,1909f56bfc062723c751e8b465ee728b)
Start importing Assets/Scripts/Meta/LoadoutUI.cs using Guid(858cb30a0bed22049be3844ac72c6500) Importer(815301076,1909f56bfc062723c751e8b465ee728b) (PreviewImporter) -> (artifact id: '00000000000000000000000000000000') in 0.001017 seconds
Import Error Code:(4)
Message: Build asset version error: assets/scripts/meta/loadoutui.cs in SourceAssetDB has modification time of '2026-02-24T14:46:06.0356319Z' while content on disk has modification time of '2026-02-24T14:46:12.8818864Z'
  ERROR: Build asset version error: assets/scripts/meta/loadoutui.cs in SourceAssetDB has modification time of '2026-02-24T14:46:06.0356319Z' while content on disk has modification time of '2026-02-24T14:46:12.8818864Z'
Number of updated asset objects reloaded before import = 0Number of asset objects unloaded after import = 0

========================================================================
Received Import Request.
  Time since last request: 0.000040 seconds.
  path: Assets/Scripts/Meta/LoadoutUI.cs
  artifactKey: Guid(858cb30a0bed22049be3844ac72c6500) Importer(815301076,1909f56bfc062723c751e8b465ee728b)
Start importing Assets/Scripts/Meta/LoadoutUI.cs using Guid(858cb30a0bed22049be3844ac72c6500) Importer(815301076,1909f56bfc062723c751e8b465ee728b) (PreviewImporter) -> (artifact id: '00000000000000000000000000000000') in 0.0015759 seconds
Import Error Code:(4)
Message: Build asset version error: assets/scripts/meta/loadoutui.cs in SourceAssetDB has modification time of '2026-02-24T14:46:06.0356319Z' while content on disk has modification time of '2026-02-24T14:46:12.8818864Z'
  ERROR: Build asset version error: assets/scripts/meta/loadoutui.cs in SourceAssetDB has modification time of '2026-02-24T14:46:06.0356319Z' while content on disk has modification time of '2026-02-24T14:46:12.8818864Z'
Number of updated asset objects reloaded before import = 0Number of asset objects unloaded after import = 0

========================================================================
Received Import Request.
  Time since last request: 0.000021 seconds.
  path: Assets/Scripts/Meta/LoadoutUI.cs
  artifactKey: Guid(858cb30a0bed22049be3844ac72c6500) Importer(815301076,1909f56bfc062723c751e8b465ee728b)
Start importing Assets/Scripts/Meta/LoadoutUI.cs using Guid(858cb30a0bed22049be3844ac72c6500) Importer(815301076,1909f56bfc062723c751e8b465ee728b) (PreviewImporter) -> (artifact id: '00000000000000000000000000000000') in 0.0013074 seconds
Import Error Code:(4)
Message: Build asset version error: assets/scripts/meta/loadoutui.cs in SourceAssetDB has modification time of '2026-02-24T14:46:06.0356319Z' while content on disk has modification time of '2026-02-24T14:46:12.8818864Z'
  ERROR: Build asset version error: assets/scripts/meta/loadoutui.cs in SourceAssetDB has modification time of '2026-02-24T14:46:06.0356319Z' while content on disk has modification time of '2026-02-24T14:46:12.8818864Z'
Number of updated asset objects reloaded before import = 0Number of asset objects unloaded after import = 0

========================================================================
Received Import Request.
  Time since last request: 0.000023 seconds.
  path: Assets/Scripts/Meta/LoadoutUI.cs
  artifactKey: Guid(858cb30a0bed22049be3844ac72c6500) Importer(815301076,1909f56bfc062723c751e8b465ee728b)
Start importing Assets/Scripts/Meta/LoadoutUI.cs using Guid(858cb30a0bed22049be3844ac72c6500) Importer(815301076,1909f56bfc062723c751e8b465ee728b) (PreviewImporter) -> (artifact id: '00000000000000000000000000000000') in 0.0010926 seconds
Import Error Code:(4)
Message: Build asset version error: assets/scripts/meta/loadoutui.cs in SourceAssetDB has modification time of '2026-02-24T14:46:06.0356319Z' while content on disk has modification time of '2026-02-24T14:46:12.8818864Z'
  ERROR: Build asset version error: assets/scripts/meta/loadoutui.cs in SourceAssetDB has modification time of '2026-02-24T14:46:06.0356319Z' while content on disk has modification time of '2026-02-24T14:46:12.8818864Z'
Number of updated asset objects reloaded before import = 0Number of asset objects unloaded after import = 0

========================================================================
Received Import Request.
  Time since last request: 0.000031 seconds.
  path: Assets/Scripts/Meta/LoadoutUI.cs
  artifactKey: Guid(858cb30a0bed22049be3844ac72c6500) Importer(815301076,1909f56bfc062723c751e8b465ee728b)
Start importing Assets/Scripts/Meta/LoadoutUI.cs using Guid(858cb30a0bed22049be3844ac72c6500) Importer(815301076,1909f56bfc062723c751e8b465ee728b) (PreviewImporter) -> (artifact id: '00000000000000000000000000000000') in 0.0011242 seconds
Import Error Code:(4)
Message: Build asset version error: assets/scripts/meta/loadoutui.cs in SourceAssetDB has modification time of '2026-02-24T14:46:06.0356319Z' while content on disk has modification time of '2026-02-24T14:46:12.8818864Z'
  ERROR: Build asset version error: assets/scripts/meta/loadoutui.cs in SourceAssetDB has modification time of '2026-02-24T14:46:06.0356319Z' while content on disk has modification time of '2026-02-24T14:46:12.8818864Z'
Number of updated asset objects reloaded before import = 0Number of asset objects unloaded after import = 0

========================================================================
Received Import Request.
  Time since last request: 0.000039 seconds.
  path: Assets/Scripts/Meta/LoadoutUI.cs
  artifactKey: Guid(858cb30a0bed22049be3844ac72c6500) Importer(815301076,1909f56bfc062723c751e8b465ee728b)
Start importing Assets/Scripts/Meta/LoadoutUI.cs using Guid(858cb30a0bed22049be3844ac72c6500) Importer(815301076,1909f56bfc062723c751e8b465ee728b) (PreviewImporter) -> (artifact id: '00000000000000000000000000000000') in 0.0008697 seconds
Import Error Code:(4)
Message: Build asset version error: assets/scripts/meta/loadoutui.cs in SourceAssetDB has modification time of '2026-02-24T14:46:06.0356319Z' while content on disk has modification time of '2026-02-24T14:46:12.8818864Z'
  ERROR: Build asset version error: assets/scripts/meta/loadoutui.cs in SourceAssetDB has modification time of '2026-02-24T14:46:06.0356319Z' while content on disk has modification time of '2026-02-24T14:46:12.8818864Z'
Number of updated asset objects reloaded before import = 0Number of asset objects unloaded after import = 0

========================================================================
Received Import Request.
  Time since last request: 0.000041 seconds.
  path: Assets/Scripts/Meta/LoadoutUI.cs
  artifactKey: Guid(858cb30a0bed22049be3844ac72c6500) Importer(815301076,1909f56bfc062723c751e8b465ee728b)
Start importing Assets/Scripts/Meta/LoadoutUI.cs using Guid(858cb30a0bed22049be3844ac72c6500) Importer(815301076,1909f56bfc062723c751e8b465ee728b) (PreviewImporter) -> (artifact id: '00000000000000000000000000000000') in 0.0014995 seconds
Import Error Code:(4)
Message: Build asset version error: assets/scripts/meta/loadoutui.cs in SourceAssetDB has modification time of '2026-02-24T14:46:06.0356319Z' while content on disk has modification time of '2026-02-24T14:46:12.8818864Z'
  ERROR: Build asset version error: assets/scripts/meta/loadoutui.cs in SourceAssetDB has modification time of '2026-02-24T14:46:06.0356319Z' while content on disk has modification time of '2026-02-24T14:46:12.8818864Z'
Number of updated asset objects reloaded before import = 0Number of asset objects unloaded after import = 0

========================================================================
Received Import Request.
  Time since last request: 0.000023 seconds.
  path: Assets/Scripts/Meta/LoadoutUI.cs
  artifactKey: Guid(858cb30a0bed22049be3844ac72c6500) Importer(815301076,1909f56bfc062723c751e8b465ee728b)
Start importing Assets/Scripts/Meta/LoadoutUI.cs using Guid(858cb30a0bed22049be3844ac72c6500) Importer(815301076,1909f56bfc062723c751e8b465ee728b) (PreviewImporter) -> (artifact id: '00000000000000000000000000000000') in 0.0010698 seconds
Import Error Code:(4)
Message: Build asset version error: assets/scripts/meta/loadoutui.cs in SourceAssetDB has modification time of '2026-02-24T14:46:06.0356319Z' while content on disk has modification time of '2026-02-24T14:46:12.8818864Z'
  ERROR: Build asset version error: assets/scripts/meta/loadoutui.cs in SourceAssetDB has modification time of '2026-02-24T14:46:06.0356319Z' while content on disk has modification time of '2026-02-24T14:46:12.8818864Z'
Number of updated asset objects reloaded before import = 0Number of asset objects unloaded after import = 0

========================================================================
Received Import Request.
  Time since last request: 0.000040 seconds.
  path: Assets/Scripts/Meta/LoadoutUI.cs
  artifactKey: Guid(858cb30a0bed22049be3844ac72c6500) Importer(815301076,1909f56bfc062723c751e8b465ee728b)
Start importing Assets/Scripts/Meta/LoadoutUI.cs using Guid(858cb30a0bed22049be3844ac72c6500) Importer(815301076,1909f56bfc062723c751e8b465ee728b) (PreviewImporter) -> (artifact id: '00000000000000000000000000000000') in 0.0012528 seconds
Import Error Code:(4)
Message: Build asset version error: assets/scripts/meta/loadoutui.cs in SourceAssetDB has modification time of '2026-02-24T14:46:06.0356319Z' while content on disk has modification time of '2026-02-24T14:46:12.8818864Z'
  ERROR: Build asset version error: assets/scripts/meta/loadoutui.cs in SourceAssetDB has modification time of '2026-02-24T14:46:06.0356319Z' while content on disk has modification time of '2026-02-24T14:46:12.8818864Z'
Number of updated asset objects reloaded before import = 0Number of asset objects unloaded after import = 0

========================================================================
Received Import Request.
  Time since last request: 0.000072 seconds.
  path: Assets/Scripts/Meta/LoadoutUI.cs
  artifactKey: Guid(858cb30a0bed22049be3844ac72c6500) Importer(815301076,1909f56bfc062723c751e8b465ee728b)
Start importing Assets/Scripts/Meta/LoadoutUI.cs using Guid(858cb30a0bed22049be3844ac72c6500) Importer(815301076,1909f56bfc062723c751e8b465ee728b) (PreviewImporter) -> (artifact id: '00000000000000000000000000000000') in 0.0011555 seconds
Import Error Code:(4)
Message: Build asset version error: assets/scripts/meta/loadoutui.cs in SourceAssetDB has modification time of '2026-02-24T14:46:06.0356319Z' while content on disk has modification time of '2026-02-24T14:46:12.8818864Z'
  ERROR: Build asset version error: assets/scripts/meta/loadoutui.cs in SourceAssetDB has modification time of '2026-02-24T14:46:06.0356319Z' while content on disk has modification time of '2026-02-24T14:46:12.8818864Z'
Number of updated asset objects reloaded before import = 0Number of asset objects unloaded after import = 0

========================================================================
Received Import Request.
  Time since last request: 0.000024 seconds.
  path: Assets/Scripts/Meta/LoadoutUI.cs
  artifactKey: Guid(858cb30a0bed22049be3844ac72c6500) Importer(815301076,1909f56bfc062723c751e8b465ee728b)
Start importing Assets/Scripts/Meta/LoadoutUI.cs using Guid(858cb30a0bed22049be3844ac72c6500) Importer(815301076,1909f56bfc062723c751e8b465ee728b) (PreviewImporter) -> (artifact id: '00000000000000000000000000000000') in 0.0010783 seconds
Import Error Code:(4)
Message: Build asset version error: assets/scripts/meta/loadoutui.cs in SourceAssetDB has modification time of '2026-02-24T14:46:06.0356319Z' while content on disk has modification time of '2026-02-24T14:46:12.8818864Z'
  ERROR: Build asset version error: assets/scripts/meta/loadoutui.cs in SourceAssetDB has modification time of '2026-02-24T14:46:06.0356319Z' while content on disk has modification time of '2026-02-24T14:46:12.8818864Z'
Number of updated asset objects reloaded before import = 0Number of asset objects unloaded after import = 0

========================================================================
Received Import Request.
  Time since last request: 0.000026 seconds.
  path: Assets/Scripts/Meta/LoadoutUI.cs
  artifactKey: Guid(858cb30a0bed22049be3844ac72c6500) Importer(815301076,1909f56bfc062723c751e8b465ee728b)
Start importing Assets/Scripts/Meta/LoadoutUI.cs using Guid(858cb30a0bed22049be3844ac72c6500) Importer(815301076,1909f56bfc062723c751e8b465ee728b) (PreviewImporter) -> (artifact id: '00000000000000000000000000000000') in 0.0009876 seconds
Import Error Code:(4)
Message: Build asset version error: assets/scripts/meta/loadoutui.cs in SourceAssetDB has modification time of '2026-02-24T14:46:06.0356319Z' while content on disk has modification time of '2026-02-24T14:46:12.8818864Z'
  ERROR: Build asset version error: assets/scripts/meta/loadoutui.cs in SourceAssetDB has modification time of '2026-02-24T14:46:06.0356319Z' while content on disk has modification time of '2026-02-24T14:46:12.8818864Z'
Number of updated asset objects reloaded before import = 0Number of asset objects unloaded after import = 0

========================================================================
Received Import Request.
  Time since last request: 0.000029 seconds.
  path: Assets/Scripts/Meta/LoadoutUI.cs
  artifactKey: Guid(858cb30a0bed22049be3844ac72c6500) Importer(815301076,1909f56bfc062723c751e8b465ee728b)
Start importing Assets/Scripts/Meta/LoadoutUI.cs using Guid(858cb30a0bed22049be3844ac72c6500) Importer(815301076,1909f56bfc062723c751e8b465ee728b) (PreviewImporter) -> (artifact id: '00000000000000000000000000000000') in 0.0013921 seconds
Import Error Code:(4)
Message: Build asset version error: assets/scripts/meta/loadoutui.cs in SourceAssetDB has modification time of '2026-02-24T14:46:06.0356319Z' while content on disk has modification time of '2026-02-24T14:46:12.8818864Z'
  ERROR: Build asset version error: assets/scripts/meta/loadoutui.cs in SourceAssetDB has modification time of '2026-02-24T14:46:06.0356319Z' while content on disk has modification time of '2026-02-24T14:46:12.8818864Z'
Number of updated asset objects reloaded before import = 0Number of asset objects unloaded after import = 0

========================================================================
Received Import Request.
  Time since last request: 0.000067 seconds.
  path: Assets/Scripts/Meta/LoadoutUI.cs
  artifactKey: Guid(858cb30a0bed22049be3844ac72c6500) Importer(815301076,1909f56bfc062723c751e8b465ee728b)
Start importing Assets/Scripts/Meta/LoadoutUI.cs using Guid(858cb30a0bed22049be3844ac72c6500) Importer(815301076,1909f56bfc062723c751e8b465ee728b) (PreviewImporter) -> (artifact id: '00000000000000000000000000000000') in 0.0012105 seconds
Import Error Code:(4)
Message: Build asset version error: assets/scripts/meta/loadoutui.cs in SourceAssetDB has modification time of '2026-02-24T14:46:06.0356319Z' while content on disk has modification time of '2026-02-24T14:46:12.8818864Z'
  ERROR: Build asset version error: assets/scripts/meta/loadoutui.cs in SourceAssetDB has modification time of '2026-02-24T14:46:06.0356319Z' while content on disk has modification time of '2026-02-24T14:46:12.8818864Z'
Number of updated asset objects reloaded before import = 0Number of asset objects unloaded after import = 0

========================================================================
Received Import Request.
  Time since last request: 0.000023 seconds.
  path: Assets/Scripts/Meta/LoadoutUI.cs
  artifactKey: Guid(858cb30a0bed22049be3844ac72c6500) Importer(815301076,1909f56bfc062723c751e8b465ee728b)
Start importing Assets/Scripts/Meta/LoadoutUI.cs using Guid(858cb30a0bed22049be3844ac72c6500) Importer(815301076,1909f56bfc062723c751e8b465ee728b) (PreviewImporter) -> (artifact id: '00000000000000000000000000000000') in 0.0010565 seconds
Import Error Code:(4)
Message: Build asset version error: assets/scripts/meta/loadoutui.cs in SourceAssetDB has modification time of '2026-02-24T14:46:06.0356319Z' while content on disk has modification time of '2026-02-24T14:46:12.8818864Z'
  ERROR: Build asset version error: assets/scripts/meta/loadoutui.cs in SourceAssetDB has modification time of '2026-02-24T14:46:06.0356319Z' while content on disk has modification time of '2026-02-24T14:46:12.8818864Z'
Number of updated asset objects reloaded before import = 0Number of asset objects unloaded after import = 0

========================================================================
Received Import Request.
  Time since last request: 0.000027 seconds.
  path: Assets/Scripts/Meta/LoadoutUI.cs
  artifactKey: Guid(858cb30a0bed22049be3844ac72c6500) Importer(815301076,1909f56bfc062723c751e8b465ee728b)
Start importing Assets/Scripts/Meta/LoadoutUI.cs using Guid(858cb30a0bed22049be3844ac72c6500) Importer(815301076,1909f56bfc062723c751e8b465ee728b) (PreviewImporter) -> (artifact id: '00000000000000000000000000000000') in 0.0015743 seconds
Import Error Code:(4)
Message: Build asset version error: assets/scripts/meta/loadoutui.cs in SourceAssetDB has modification time of '2026-02-24T14:46:06.0356319Z' while content on disk has modification time of '2026-02-24T14:46:12.8818864Z'
  ERROR: Build asset version error: assets/scripts/meta/loadoutui.cs in SourceAssetDB has modification time of '2026-02-24T14:46:06.0356319Z' while content on disk has modification time of '2026-02-24T14:46:12.8818864Z'
Number of updated asset objects reloaded before import = 0Number of asset objects unloaded after import = 0

========================================================================
Received Import Request.
  Time since last request: 0.000049 seconds.
  path: Assets/Scripts/Meta/LoadoutUI.cs
  artifactKey: Guid(858cb30a0bed22049be3844ac72c6500) Importer(815301076,1909f56bfc062723c751e8b465ee728b)
Start importing Assets/Scripts/Meta/LoadoutUI.cs using Guid(858cb30a0bed22049be3844ac72c6500) Importer(815301076,1909f56bfc062723c751e8b465ee728b) (PreviewImporter) -> (artifact id: '00000000000000000000000000000000') in 0.0011711 seconds
Import Error Code:(4)
Message: Build asset version error: assets/scripts/meta/loadoutui.cs in SourceAssetDB has modification time of '2026-02-24T14:46:06.0356319Z' while content on disk has modification time of '2026-02-24T14:46:12.8818864Z'
  ERROR: Build asset version error: assets/scripts/meta/loadoutui.cs in SourceAssetDB has modification time of '2026-02-24T14:46:06.0356319Z' while content on disk has modification time of '2026-02-24T14:46:12.8818864Z'
Number of updated asset objects reloaded before import = 0Number of asset objects unloaded after import = 0

========================================================================
Received Import Request.
  Time since last request: 0.000039 seconds.
  path: Assets/Scripts/Meta/LoadoutUI.cs
  artifactKey: Guid(858cb30a0bed22049be3844ac72c6500) Importer(815301076,1909f56bfc062723c751e8b465ee728b)
Start importing Assets/Scripts/Meta/LoadoutUI.cs using Guid(858cb30a0bed22049be3844ac72c6500) Importer(815301076,1909f56bfc062723c751e8b465ee728b) (PreviewImporter) -> (artifact id: '00000000000000000000000000000000') in 0.0008936 seconds
Import Error Code:(4)
Message: Build asset version error: assets/scripts/meta/loadoutui.cs in SourceAssetDB has modification time of '2026-02-24T14:46:06.0356319Z' while content on disk has modification time of '2026-02-24T14:46:12.8818864Z'
  ERROR: Build asset version error: assets/scripts/meta/loadoutui.cs in SourceAssetDB has modification time of '2026-02-24T14:46:06.0356319Z' while content on disk has modification time of '2026-02-24T14:46:12.8818864Z'
Number of updated asset objects reloaded before import = 0Number of asset objects unloaded after import = 0

========================================================================
Received Import Request.
  Time since last request: 0.000030 seconds.
  path: Assets/Scripts/Meta/LoadoutUI.cs
  artifactKey: Guid(858cb30a0bed22049be3844ac72c6500) Importer(815301076,1909f56bfc062723c751e8b465ee728b)
Start importing Assets/Scripts/Meta/LoadoutUI.cs using Guid(858cb30a0bed22049be3844ac72c6500) Importer(815301076,1909f56bfc062723c751e8b465ee728b) (PreviewImporter) -> (artifact id: '00000000000000000000000000000000') in 0.0010295 seconds
Import Error Code:(4)
Message: Build asset version error: assets/scripts/meta/loadoutui.cs in SourceAssetDB has modification time of '2026-02-24T14:46:06.0356319Z' while content on disk has modification time of '2026-02-24T14:46:12.8818864Z'
  ERROR: Build asset version error: assets/scripts/meta/loadoutui.cs in SourceAssetDB has modification time of '2026-02-24T14:46:06.0356319Z' while content on disk has modification time of '2026-02-24T14:46:12.8818864Z'
Number of updated asset objects reloaded before import = 0Number of asset objects unloaded after import = 0

========================================================================
Received Import Request.
  Time since last request: 0.000025 seconds.
  path: Assets/Scripts/Meta/LoadoutUI.cs
  artifactKey: Guid(858cb30a0bed22049be3844ac72c6500) Importer(815301076,1909f56bfc062723c751e8b465ee728b)
Start importing Assets/Scripts/Meta/LoadoutUI.cs using Guid(858cb30a0bed22049be3844ac72c6500) Importer(815301076,1909f56bfc062723c751e8b465ee728b) (PreviewImporter) -> (artifact id: '00000000000000000000000000000000') in 0.000933 seconds
Import Error Code:(4)
Message: Build asset version error: assets/scripts/meta/loadoutui.cs in SourceAssetDB has modification time of '2026-02-24T14:46:06.0356319Z' while content on disk has modification time of '2026-02-24T14:46:12.8818864Z'
  ERROR: Build asset version error: assets/scripts/meta/loadoutui.cs in SourceAssetDB has modification time of '2026-02-24T14:46:06.0356319Z' while content on disk has modification time of '2026-02-24T14:46:12.8818864Z'
Number of updated asset objects reloaded before import = 0Number of asset objects unloaded after import = 0

========================================================================
Received Import Request.
  Time since last request: 0.000029 seconds.
  path: Assets/Scripts/Meta/LoadoutUI.cs
  artifactKey: Guid(858cb30a0bed22049be3844ac72c6500) Importer(815301076,1909f56bfc062723c751e8b465ee728b)
Start importing Assets/Scripts/Meta/LoadoutUI.cs using Guid(858cb30a0bed22049be3844ac72c6500) Importer(815301076,1909f56bfc062723c751e8b465ee728b) (PreviewImporter) -> (artifact id: '00000000000000000000000000000000') in 0.0010186 seconds
Import Error Code:(4)
Message: Build asset version error: assets/scripts/meta/loadoutui.cs in SourceAssetDB has modification time of '2026-02-24T14:46:06.0356319Z' while content on disk has modification time of '2026-02-24T14:46:12.8818864Z'
  ERROR: Build asset version error: assets/scripts/meta/loadoutui.cs in SourceAssetDB has modification time of '2026-02-24T14:46:06.0356319Z' while content on disk has modification time of '2026-02-24T14:46:12.8818864Z'
Number of updated asset objects reloaded before import = 0Number of asset objects unloaded after import = 0

========================================================================
Received Import Request.
  Time since last request: 0.000070 seconds.
  path: Assets/Scripts/Meta/LoadoutUI.cs
  artifactKey: Guid(858cb30a0bed22049be3844ac72c6500) Importer(815301076,1909f56bfc062723c751e8b465ee728b)
Start importing Assets/Scripts/Meta/LoadoutUI.cs using Guid(858cb30a0bed22049be3844ac72c6500) Importer(815301076,1909f56bfc062723c751e8b465ee728b) (PreviewImporter) -> (artifact id: '00000000000000000000000000000000') in 0.003313 seconds
Import Error Code:(4)
Message: Build asset version error: assets/scripts/meta/loadoutui.cs in SourceAssetDB has modification time of '2026-02-24T14:46:06.0356319Z' while content on disk has modification time of '2026-02-24T14:46:12.8818864Z'
  ERROR: Build asset version error: assets/scripts/meta/loadoutui.cs in SourceAssetDB has modification time of '2026-02-24T14:46:06.0356319Z' while content on disk has modification time of '2026-02-24T14:46:12.8818864Z'
Number of updated asset objects reloaded before import = 0Number of asset objects unloaded after import = 0

========================================================================
Received Import Request.
  Time since last request: 0.000034 seconds.
  path: Assets/Scripts/Meta/LoadoutUI.cs
  artifactKey: Guid(858cb30a0bed22049be3844ac72c6500) Importer(815301076,1909f56bfc062723c751e8b465ee728b)
Start importing Assets/Scripts/Meta/LoadoutUI.cs using Guid(858cb30a0bed22049be3844ac72c6500) Importer(815301076,1909f56bfc062723c751e8b465ee728b) (PreviewImporter) -> (artifact id: '00000000000000000000000000000000') in 0.0007388 seconds
Import Error Code:(4)
Message: Build asset version error: assets/scripts/meta/loadoutui.cs in SourceAssetDB has modification time of '2026-02-24T14:46:06.0356319Z' while content on disk has modification time of '2026-02-24T14:46:12.8818864Z'
  ERROR: Build asset version error: assets/scripts/meta/loadoutui.cs in SourceAssetDB has modification time of '2026-02-24T14:46:06.0356319Z' while content on disk has modification time of '2026-02-24T14:46:12.8818864Z'
Number of updated asset objects reloaded before import = 0Number of asset objects unloaded after import = 0

========================================================================
Received Import Request.
  Time since last request: 0.000024 seconds.
  path: Assets/Scripts/Meta/LoadoutUI.cs
  artifactKey: Guid(858cb30a0bed22049be3844ac72c6500) Importer(815301076,1909f56bfc062723c751e8b465ee728b)
Start importing Assets/Scripts/Meta/LoadoutUI.cs using Guid(858cb30a0bed22049be3844ac72c6500) Importer(815301076,1909f56bfc062723c751e8b465ee728b) (PreviewImporter) -> (artifact id: '00000000000000000000000000000000') in 0.0009104 seconds
Import Error Code:(4)
Message: Build asset version error: assets/scripts/meta/loadoutui.cs in SourceAssetDB has modification time of '2026-02-24T14:46:06.0356319Z' while content on disk has modification time of '2026-02-24T14:46:12.8818864Z'
  ERROR: Build asset version error: assets/scripts/meta/loadoutui.cs in SourceAssetDB has modification time of '2026-02-24T14:46:06.0356319Z' while content on disk has modification time of '2026-02-24T14:46:12.8818864Z'
Number of updated asset objects reloaded before import = 0Number of asset objects unloaded after import = 0

========================================================================
Received Import Request.
  Time since last request: 0.000022 seconds.
  path: Assets/Scripts/Meta/LoadoutUI.cs
  artifactKey: Guid(858cb30a0bed22049be3844ac72c6500) Importer(815301076,1909f56bfc062723c751e8b465ee728b)
Start importing Assets/Scripts/Meta/LoadoutUI.cs using Guid(858cb30a0bed22049be3844ac72c6500) Importer(815301076,1909f56bfc062723c751e8b465ee728b) (PreviewImporter) -> (artifact id: '00000000000000000000000000000000') in 0.0009714 seconds
Import Error Code:(4)
Message: Build asset version error: assets/scripts/meta/loadoutui.cs in SourceAssetDB has modification time of '2026-02-24T14:46:06.0356319Z' while content on disk has modification time of '2026-02-24T14:46:12.8818864Z'
  ERROR: Build asset version error: assets/scripts/meta/loadoutui.cs in SourceAssetDB has modification time of '2026-02-24T14:46:06.0356319Z' while content on disk has modification time of '2026-02-24T14:46:12.8818864Z'
Number of updated asset objects reloaded before import = 0Number of asset objects unloaded after import = 0

========================================================================
Received Import Request.
  Time since last request: 0.000037 seconds.
  path: Assets/Scripts/Meta/LoadoutUI.cs
  artifactKey: Guid(858cb30a0bed22049be3844ac72c6500) Importer(815301076,1909f56bfc062723c751e8b465ee728b)
Start importing Assets/Scripts/Meta/LoadoutUI.cs using Guid(858cb30a0bed22049be3844ac72c6500) Importer(815301076,1909f56bfc062723c751e8b465ee728b) (PreviewImporter) -> (artifact id: '00000000000000000000000000000000') in 0.0010424 seconds
Import Error Code:(4)
Message: Build asset version error: assets/scripts/meta/loadoutui.cs in SourceAssetDB has modification time of '2026-02-24T14:46:06.0356319Z' while content on disk has modification time of '2026-02-24T14:46:12.8818864Z'
  ERROR: Build asset version error: assets/scripts/meta/loadoutui.cs in SourceAssetDB has modification time of '2026-02-24T14:46:06.0356319Z' while content on disk has modification time of '2026-02-24T14:46:12.8818864Z'
Number of updated asset objects reloaded before import = 0Number of asset objects unloaded after import = 0

========================================================================
Received Import Request.
  Time since last request: 0.000024 seconds.
  path: Assets/Scripts/Meta/LoadoutUI.cs
  artifactKey: Guid(858cb30a0bed22049be3844ac72c6500) Importer(815301076,1909f56bfc062723c751e8b465ee728b)
Start importing Assets/Scripts/Meta/LoadoutUI.cs using Guid(858cb30a0bed22049be3844ac72c6500) Importer(815301076,1909f56bfc062723c751e8b465ee728b) (PreviewImporter) -> (artifact id: '00000000000000000000000000000000') in 0.0011394 seconds
Import Error Code:(4)
Message: Build asset version error: assets/scripts/meta/loadoutui.cs in SourceAssetDB has modification time of '2026-02-24T14:46:06.0356319Z' while content on disk has modification time of '2026-02-24T14:46:12.8818864Z'
  ERROR: Build asset version error: assets/scripts/meta/loadoutui.cs in SourceAssetDB has modification time of '2026-02-24T14:46:06.0356319Z' while content on disk has modification time of '2026-02-24T14:46:12.8818864Z'
Number of updated asset objects reloaded before import = 0Number of asset objects unloaded after import = 0

========================================================================
Received Import Request.
  Time since last request: 0.000048 seconds.
  path: Assets/Scripts/Meta/LoadoutUI.cs
  artifactKey: Guid(858cb30a0bed22049be3844ac72c6500) Importer(815301076,1909f56bfc062723c751e8b465ee728b)
Start importing Assets/Scripts/Meta/LoadoutUI.cs using Guid(858cb30a0bed22049be3844ac72c6500) Importer(815301076,1909f56bfc062723c751e8b465ee728b) (PreviewImporter) -> (artifact id: '00000000000000000000000000000000') in 0.0010439 seconds
Import Error Code:(4)
Message: Build asset version error: assets/scripts/meta/loadoutui.cs in SourceAssetDB has modification time of '2026-02-24T14:46:06.0356319Z' while content on disk has modification time of '2026-02-24T14:46:12.8818864Z'
  ERROR: Build asset version error: assets/scripts/meta/loadoutui.cs in SourceAssetDB has modification time of '2026-02-24T14:46:06.0356319Z' while content on disk has modification time of '2026-02-24T14:46:12.8818864Z'
Number of updated asset objects reloaded before import = 0Number of asset objects unloaded after import = 0

========================================================================
Received Import Request.
  Time since last request: 0.000022 seconds.
  path: Assets/Scripts/Meta/LoadoutUI.cs
  artifactKey: Guid(858cb30a0bed22049be3844ac72c6500) Importer(815301076,1909f56bfc062723c751e8b465ee728b)
Start importing Assets/Scripts/Meta/LoadoutUI.cs using Guid(858cb30a0bed22049be3844ac72c6500) Importer(815301076,1909f56bfc062723c751e8b465ee728b) (PreviewImporter) -> (artifact id: '00000000000000000000000000000000') in 0.0009885 seconds
Import Error Code:(4)
Message: Build asset version error: assets/scripts/meta/loadoutui.cs in SourceAssetDB has modification time of '2026-02-24T14:46:06.0356319Z' while content on disk has modification time of '2026-02-24T14:46:12.8818864Z'
  ERROR: Build asset version error: assets/scripts/meta/loadoutui.cs in SourceAssetDB has modification time of '2026-02-24T14:46:06.0356319Z' while content on disk has modification time of '2026-02-24T14:46:12.8818864Z'
Number of updated asset objects reloaded before import = 0Number of asset objects unloaded after import = 0

========================================================================
Received Import Request.
  Time since last request: 0.000029 seconds.
  path: Assets/Scripts/Meta/LoadoutUI.cs
  artifactKey: Guid(858cb30a0bed22049be3844ac72c6500) Importer(815301076,1909f56bfc062723c751e8b465ee728b)
Start importing Assets/Scripts/Meta/LoadoutUI.cs using Guid(858cb30a0bed22049be3844ac72c6500) Importer(815301076,1909f56bfc062723c751e8b465ee728b) (PreviewImporter) -> (artifact id: '00000000000000000000000000000000') in 0.0008702 seconds
Import Error Code:(4)
Message: Build asset version error: assets/scripts/meta/loadoutui.cs in SourceAssetDB has modification time of '2026-02-24T14:46:06.0356319Z' while content on disk has modification time of '2026-02-24T14:46:12.8818864Z'
  ERROR: Build asset version error: assets/scripts/meta/loadoutui.cs in SourceAssetDB has modification time of '2026-02-24T14:46:06.0356319Z' while content on disk has modification time of '2026-02-24T14:46:12.8818864Z'
Number of updated asset objects reloaded before import = 0Number of asset objects unloaded after import = 0

========================================================================
Received Import Request.
  Time since last request: 0.000032 seconds.
  path: Assets/Scripts/Meta/LoadoutUI.cs
  artifactKey: Guid(858cb30a0bed22049be3844ac72c6500) Importer(815301076,1909f56bfc062723c751e8b465ee728b)
Start importing Assets/Scripts/Meta/LoadoutUI.cs using Guid(858cb30a0bed22049be3844ac72c6500) Importer(815301076,1909f56bfc062723c751e8b465ee728b) (PreviewImporter) -> (artifact id: '00000000000000000000000000000000') in 0.0010091 seconds
Import Error Code:(4)
Message: Build asset version error: assets/scripts/meta/loadoutui.cs in SourceAssetDB has modification time of '2026-02-24T14:46:06.0356319Z' while content on disk has modification time of '2026-02-24T14:46:12.8818864Z'
  ERROR: Build asset version error: assets/scripts/meta/loadoutui.cs in SourceAssetDB has modification time of '2026-02-24T14:46:06.0356319Z' while content on disk has modification time of '2026-02-24T14:46:12.8818864Z'
Number of updated asset objects reloaded before import = 0Number of asset objects unloaded after import = 0

========================================================================
Received Import Request.
  Time since last request: 0.000021 seconds.
  path: Assets/Scripts/Meta/LoadoutUI.cs
  artifactKey: Guid(858cb30a0bed22049be3844ac72c6500) Importer(815301076,1909f56bfc062723c751e8b465ee728b)
Start importing Assets/Scripts/Meta/LoadoutUI.cs using Guid(858cb30a0bed22049be3844ac72c6500) Importer(815301076,1909f56bfc062723c751e8b465ee728b) (PreviewImporter) -> (artifact id: '00000000000000000000000000000000') in 0.0007841 seconds
Import Error Code:(4)
Message: Build asset version error: assets/scripts/meta/loadoutui.cs in SourceAssetDB has modification time of '2026-02-24T14:46:06.0356319Z' while content on disk has modification time of '2026-02-24T14:46:12.8818864Z'
  ERROR: Build asset version error: assets/scripts/meta/loadoutui.cs in SourceAssetDB has modification time of '2026-02-24T14:46:06.0356319Z' while content on disk has modification time of '2026-02-24T14:46:12.8818864Z'
Number of updated asset objects reloaded before import = 0Number of asset objects unloaded after import = 0

========================================================================
Received Import Request.
  Time since last request: 0.000023 seconds.
  path: Assets/Scripts/Meta/LoadoutUI.cs
  artifactKey: Guid(858cb30a0bed22049be3844ac72c6500) Importer(815301076,1909f56bfc062723c751e8b465ee728b)
Start importing Assets/Scripts/Meta/LoadoutUI.cs using Guid(858cb30a0bed22049be3844ac72c6500) Importer(815301076,1909f56bfc062723c751e8b465ee728b) (PreviewImporter) -> (artifact id: '00000000000000000000000000000000') in 0.001131 seconds
Import Error Code:(4)
Message: Build asset version error: assets/scripts/meta/loadoutui.cs in SourceAssetDB has modification time of '2026-02-24T14:46:06.0356319Z' while content on disk has modification time of '2026-02-24T14:46:12.8818864Z'
  ERROR: Build asset version error: assets/scripts/meta/loadoutui.cs in SourceAssetDB has modification time of '2026-02-24T14:46:06.0356319Z' while content on disk has modification time of '2026-02-24T14:46:12.8818864Z'
Number of updated asset objects reloaded before import = 0Number of asset objects unloaded after import = 0

========================================================================
Received Import Request.
  Time since last request: 0.000024 seconds.
  path: Assets/Scripts/Meta/LoadoutUI.cs
  artifactKey: Guid(858cb30a0bed22049be3844ac72c6500) Importer(815301076,1909f56bfc062723c751e8b465ee728b)
Start importing Assets/Scripts/Meta/LoadoutUI.cs using Guid(858cb30a0bed22049be3844ac72c6500) Importer(815301076,1909f56bfc062723c751e8b465ee728b) (PreviewImporter) -> (artifact id: '00000000000000000000000000000000') in 0.0011835 seconds
Import Error Code:(4)
Message: Build asset version error: assets/scripts/meta/loadoutui.cs in SourceAssetDB has modification time of '2026-02-24T14:46:06.0356319Z' while content on disk has modification time of '2026-02-24T14:46:12.8818864Z'
  ERROR: Build asset version error: assets/scripts/meta/loadoutui.cs in SourceAssetDB has modification time of '2026-02-24T14:46:06.0356319Z' while content on disk has modification time of '2026-02-24T14:46:12.8818864Z'
Number of updated asset objects reloaded before import = 0Number of asset objects unloaded after import = 0

========================================================================
Received Import Request.
  Time since last request: 0.000034 seconds.
  path: Assets/Scripts/Meta/LoadoutUI.cs
  artifactKey: Guid(858cb30a0bed22049be3844ac72c6500) Importer(815301076,1909f56bfc062723c751e8b465ee728b)
Start importing Assets/Scripts/Meta/LoadoutUI.cs using Guid(858cb30a0bed22049be3844ac72c6500) Importer(815301076,1909f56bfc062723c751e8b465ee728b) (PreviewImporter) -> (artifact id: '00000000000000000000000000000000') in 0.0010146 seconds
Import Error Code:(4)
Message: Build asset version error: assets/scripts/meta/loadoutui.cs in SourceAssetDB has modification time of '2026-02-24T14:46:06.0356319Z' while content on disk has modification time of '2026-02-24T14:46:12.8818864Z'
  ERROR: Build asset version error: assets/scripts/meta/loadoutui.cs in SourceAssetDB has modification time of '2026-02-24T14:46:06.0356319Z' while content on disk has modification time of '2026-02-24T14:46:12.8818864Z'
Number of updated asset objects reloaded before import = 0Number of asset objects unloaded after import = 0

========================================================================
Received Import Request.
  Time since last request: 0.000061 seconds.
  path: Assets/Scripts/Meta/LoadoutUI.cs
  artifactKey: Guid(858cb30a0bed22049be3844ac72c6500) Importer(815301076,1909f56bfc062723c751e8b465ee728b)
Start importing Assets/Scripts/Meta/LoadoutUI.cs using Guid(858cb30a0bed22049be3844ac72c6500) Importer(815301076,1909f56bfc062723c751e8b465ee728b) (PreviewImporter) -> (artifact id: '00000000000000000000000000000000') in 0.0011977 seconds
Import Error Code:(4)
Message: Build asset version error: assets/scripts/meta/loadoutui.cs in SourceAssetDB has modification time of '2026-02-24T14:46:06.0356319Z' while content on disk has modification time of '2026-02-24T14:46:12.8818864Z'
  ERROR: Build asset version error: assets/scripts/meta/loadoutui.cs in SourceAssetDB has modification time of '2026-02-24T14:46:06.0356319Z' while content on disk has modification time of '2026-02-24T14:46:12.8818864Z'
Number of updated asset objects reloaded before import = 0Number of asset objects unloaded after import = 0

========================================================================
Received Import Request.
  Time since last request: 0.000019 seconds.
  path: Assets/Scripts/Meta/LoadoutUI.cs
  artifactKey: Guid(858cb30a0bed22049be3844ac72c6500) Importer(815301076,1909f56bfc062723c751e8b465ee728b)
Start importing Assets/Scripts/Meta/LoadoutUI.cs using Guid(858cb30a0bed22049be3844ac72c6500) Importer(815301076,1909f56bfc062723c751e8b465ee728b) (PreviewImporter) -> (artifact id: '00000000000000000000000000000000') in 0.0007679 seconds
Import Error Code:(4)
Message: Build asset version error: assets/scripts/meta/loadoutui.cs in SourceAssetDB has modification time of '2026-02-24T14:46:06.0356319Z' while content on disk has modification time of '2026-02-24T14:46:12.8818864Z'
  ERROR: Build asset version error: assets/scripts/meta/loadoutui.cs in SourceAssetDB has modification time of '2026-02-24T14:46:06.0356319Z' while content on disk has modification time of '2026-02-24T14:46:12.8818864Z'
Number of updated asset objects reloaded before import = 0Number of asset objects unloaded after import = 0

========================================================================
Received Import Request.
  Time since last request: 0.000022 seconds.
  path: Assets/Scripts/Meta/LoadoutUI.cs
  artifactKey: Guid(858cb30a0bed22049be3844ac72c6500) Importer(815301076,1909f56bfc062723c751e8b465ee728b)
Start importing Assets/Scripts/Meta/LoadoutUI.cs using Guid(858cb30a0bed22049be3844ac72c6500) Importer(815301076,1909f56bfc062723c751e8b465ee728b) (PreviewImporter) -> (artifact id: '00000000000000000000000000000000') in 0.0007308 seconds
Import Error Code:(4)
Message: Build asset version error: assets/scripts/meta/loadoutui.cs in SourceAssetDB has modification time of '2026-02-24T14:46:06.0356319Z' while content on disk has modification time of '2026-02-24T14:46:12.8818864Z'
  ERROR: Build asset version error: assets/scripts/meta/loadoutui.cs in SourceAssetDB has modification time of '2026-02-24T14:46:06.0356319Z' while content on disk has modification time of '2026-02-24T14:46:12.8818864Z'
Number of updated asset objects reloaded before import = 0Number of asset objects unloaded after import = 0

========================================================================
Received Import Request.
  Time since last request: 0.000024 seconds.
  path: Assets/Scripts/Meta/LoadoutUI.cs
  artifactKey: Guid(858cb30a0bed22049be3844ac72c6500) Importer(815301076,1909f56bfc062723c751e8b465ee728b)
Start importing Assets/Scripts/Meta/LoadoutUI.cs using Guid(858cb30a0bed22049be3844ac72c6500) Importer(815301076,1909f56bfc062723c751e8b465ee728b) (PreviewImporter) -> (artifact id: '00000000000000000000000000000000') in 0.0024297 seconds
Import Error Code:(4)
Message: Build asset version error: assets/scripts/meta/loadoutui.cs in SourceAssetDB has modification time of '2026-02-24T14:46:06.0356319Z' while content on disk has modification time of '2026-02-24T14:46:12.8818864Z'
  ERROR: Build asset version error: assets/scripts/meta/loadoutui.cs in SourceAssetDB has modification time of '2026-02-24T14:46:06.0356319Z' while content on disk has modification time of '2026-02-24T14:46:12.8818864Z'
Number of updated asset objects reloaded before import = 0Number of asset objects unloaded after import = 0

========================================================================
Received Import Request.
  Time since last request: 0.000037 seconds.
  path: Assets/Scripts/Meta/LoadoutUI.cs
  artifactKey: Guid(858cb30a0bed22049be3844ac72c6500) Importer(815301076,1909f56bfc062723c751e8b465ee728b)
Start importing Assets/Scripts/Meta/LoadoutUI.cs using Guid(858cb30a0bed22049be3844ac72c6500) Importer(815301076,1909f56bfc062723c751e8b465ee728b) (PreviewImporter) -> (artifact id: '00000000000000000000000000000000') in 0.0010422 seconds
Import Error Code:(4)
Message: Build asset version error: assets/scripts/meta/loadoutui.cs in SourceAssetDB has modification time of '2026-02-24T14:46:06.0356319Z' while content on disk has modification time of '2026-02-24T14:46:12.8818864Z'
  ERROR: Build asset version error: assets/scripts/meta/loadoutui.cs in SourceAssetDB has modification time of '2026-02-24T14:46:06.0356319Z' while content on disk has modification time of '2026-02-24T14:46:12.8818864Z'
Number of updated asset objects reloaded before import = 0Number of asset objects unloaded after import = 0

========================================================================
Received Import Request.
  Time since last request: 0.000035 seconds.
  path: Assets/Scripts/Meta/LoadoutUI.cs
  artifactKey: Guid(858cb30a0bed22049be3844ac72c6500) Importer(815301076,1909f56bfc062723c751e8b465ee728b)
Start importing Assets/Scripts/Meta/LoadoutUI.cs using Guid(858cb30a0bed22049be3844ac72c6500) Importer(815301076,1909f56bfc062723c751e8b465ee728b) (PreviewImporter) -> (artifact id: '00000000000000000000000000000000') in 0.0008154 seconds
Import Error Code:(4)
Message: Build asset version error: assets/scripts/meta/loadoutui.cs in SourceAssetDB has modification time of '2026-02-24T14:46:06.0356319Z' while content on disk has modification time of '2026-02-24T14:46:12.8818864Z'
  ERROR: Build asset version error: assets/scripts/meta/loadoutui.cs in SourceAssetDB has modification time of '2026-02-24T14:46:06.0356319Z' while content on disk has modification time of '2026-02-24T14:46:12.8818864Z'
Number of updated asset objects reloaded before import = 0Number of asset objects unloaded after import = 0

========================================================================
Received Import Request.
  Time since last request: 0.000020 seconds.
  path: Assets/Scripts/Meta/LoadoutUI.cs
  artifactKey: Guid(858cb30a0bed22049be3844ac72c6500) Importer(815301076,1909f56bfc062723c751e8b465ee728b)
Start importing Assets/Scripts/Meta/LoadoutUI.cs using Guid(858cb30a0bed22049be3844ac72c6500) Importer(815301076,1909f56bfc062723c751e8b465ee728b) (PreviewImporter) -> (artifact id: '00000000000000000000000000000000') in 0.0009035 seconds
Import Error Code:(4)
Message: Build asset version error: assets/scripts/meta/loadoutui.cs in SourceAssetDB has modification time of '2026-02-24T14:46:06.0356319Z' while content on disk has modification time of '2026-02-24T14:46:12.8818864Z'
  ERROR: Build asset version error: assets/scripts/meta/loadoutui.cs in SourceAssetDB has modification time of '2026-02-24T14:46:06.0356319Z' while content on disk has modification time of '2026-02-24T14:46:12.8818864Z'
Number of updated asset objects reloaded before import = 0Number of asset objects unloaded after import = 0

========================================================================
Received Import Request.
  Time since last request: 0.000024 seconds.
  path: Assets/Scripts/Meta/LoadoutUI.cs
  artifactKey: Guid(858cb30a0bed22049be3844ac72c6500) Importer(815301076,1909f56bfc062723c751e8b465ee728b)
Start importing Assets/Scripts/Meta/LoadoutUI.cs using Guid(858cb30a0bed22049be3844ac72c6500) Importer(815301076,1909f56bfc062723c751e8b465ee728b) (PreviewImporter) -> (artifact id: '00000000000000000000000000000000') in 0.000797 seconds
Import Error Code:(4)
Message: Build asset version error: assets/scripts/meta/loadoutui.cs in SourceAssetDB has modification time of '2026-02-24T14:46:06.0356319Z' while content on disk has modification time of '2026-02-24T14:46:12.8818864Z'
  ERROR: Build asset version error: assets/scripts/meta/loadoutui.cs in SourceAssetDB has modification time of '2026-02-24T14:46:06.0356319Z' while content on disk has modification time of '2026-02-24T14:46:12.8818864Z'
Number of updated asset objects reloaded before import = 0Number of asset objects unloaded after import = 0

========================================================================
Received Import Request.
  Time since last request: 0.000030 seconds.
  path: Assets/Scripts/Meta/LoadoutUI.cs
  artifactKey: Guid(858cb30a0bed22049be3844ac72c6500) Importer(815301076,1909f56bfc062723c751e8b465ee728b)
Start importing Assets/Scripts/Meta/LoadoutUI.cs using Guid(858cb30a0bed22049be3844ac72c6500) Importer(815301076,1909f56bfc062723c751e8b465ee728b) (PreviewImporter) -> (artifact id: '00000000000000000000000000000000') in 0.0689378 seconds
Import Error Code:(4)
Message: Build asset version error: assets/scripts/meta/loadoutui.cs in SourceAssetDB has modification time of '2026-02-24T14:46:06.0356319Z' while content on disk has modification time of '2026-02-24T14:46:12.8818864Z'
  ERROR: Build asset version error: assets/scripts/meta/loadoutui.cs in SourceAssetDB has modification time of '2026-02-24T14:46:06.0356319Z' while content on disk has modification time of '2026-02-24T14:46:12.8818864Z'
Number of updated asset objects reloaded before import = 0Number of asset objects unloaded after import = 0

========================================================================
Received Prepare
Begin MonoManager ReloadAssembly
- Loaded All Assemblies, in  0.798 seconds
Refreshing native plugins compatible for Editor in 1.37 ms, found 4 plugins.
Native extension for WindowsStandalone target not found
Mono: successfully reloaded assembly
- Finished resetting the current domain, in  0.870 seconds
Domain Reload Profiling: 1668ms
	BeginReloadAssembly (209ms)
		ExecutionOrderSort (0ms)
		DisableScriptedObjects (12ms)
		BackupInstance (0ms)
		ReleaseScriptingObjects (0ms)
		CreateAndSetChildDomain (43ms)
	RebuildCommonClasses (43ms)
	RebuildNativeTypeToScriptingClass (11ms)
	initialDomainReloadingComplete (30ms)
	LoadAllAssembliesAndSetupDomain (505ms)
		LoadAssemblies (374ms)
		RebuildTransferFunctionScriptingTraits (0ms)
		AnalyzeDomain (234ms)
			TypeCache.Refresh (10ms)
				TypeCache.ScanAssembly (1ms)
			BuildScriptInfoCaches (203ms)
			ResolveRequiredComponents (16ms)
	FinalizeReload (870ms)
		ReleaseScriptCaches (0ms)
		RebuildScriptCaches (0ms)
		SetupLoadedEditorAssemblies (640ms)
			LogAssemblyErrors (0ms)
			InitializePlatformSupportModulesInManaged (3ms)
			SetLoadedEditorAssemblies (5ms)
			BeforeProcessingInitializeOnLoad (166ms)
			ProcessInitializeOnLoadAttributes (393ms)
			ProcessInitializeOnLoadMethodAttributes (68ms)
			AfterProcessingInitializeOnLoad (5ms)
			EditorAssembliesLoaded (0ms)
		ExecutionOrderSort2 (0ms)
		AwakeInstancesAfterBackupRestoration (16ms)
Refreshing native plugins compatible for Editor in 2.06 ms, found 4 plugins.
Preloading 0 native plugins for Editor in 0.00 ms.
Unloading 13 Unused Serialized files (Serialized files now loaded: 0)
Unloading 6868 unused Assets / (3.6 MB). Loaded Objects now: 7738.
Memory consumption went from 158.4 MB to 154.7 MB.
Total: 7.704100 ms (FindLiveObjects: 0.533500 ms CreateObjectMapping: 0.353700 ms MarkObjects: 4.812800 ms  DeleteObjects: 2.002700 ms)

Prepare: number of updated asset objects reloaded= 0
========================================================================
Received Import Request.
  Time since last request: 23.620063 seconds.
  path: Assets/Prefab/Enemies/Boss/Astrael, The Null Sovereign/AstraelBoss.prefab
  artifactKey: Guid(3b281540194403f46a1c0e3de6069786) Importer(815301076,1909f56bfc062723c751e8b465ee728b)
Start importing Assets/Prefab/Enemies/Boss/Astrael, The Null Sovereign/AstraelBoss.prefab using Guid(3b281540194403f46a1c0e3de6069786) Importer(815301076,1909f56bfc062723c751e8b465ee728b) (PreviewImporter) -> (artifact id: '65763b1e34153ec15f717d9485c88558') in 1.5195501 seconds
Number of updated asset objects reloaded before import = 0Number of asset objects unloaded after import = 206

========================================================================
Received Import Request.
  Time since last request: 0.000051 seconds.
  path: Assets/Prefab/Enemies/Normal/Thrall.prefab
  artifactKey: Guid(65490c32e7b591b49a7c287b4da854b1) Importer(815301076,1909f56bfc062723c751e8b465ee728b)
Start importing Assets/Prefab/Enemies/Normal/Thrall.prefab using Guid(65490c32e7b591b49a7c287b4da854b1) Importer(815301076,1909f56bfc062723c751e8b465ee728b) (PreviewImporter) -> (artifact id: 'e4e0e9f17661a809d360497200d39300') in 0.3665276 seconds
Number of updated asset objects reloaded before import = 0Number of asset objects unloaded after import = 109

========================================================================
Received Import Request.
  Time since last request: 0.000057 seconds.
  path: Assets/Prefab/Enemies/Normal/Spritter.prefab
  artifactKey: Guid(56df52b54032ed14790a1ac8655583fc) Importer(815301076,1909f56bfc062723c751e8b465ee728b)
Start importing Assets/Prefab/Enemies/Normal/Spritter.prefab using Guid(56df52b54032ed14790a1ac8655583fc) Importer(815301076,1909f56bfc062723c751e8b465ee728b) (PreviewImporter) -> (artifact id: '86c314e9cf0dced2b289e04427a6a5b4') in 0.3957135 seconds
Number of updated asset objects reloaded before import = 0Number of asset objects unloaded after import = 132

========================================================================
Received Import Request.
  Time since last request: 0.000039 seconds.
  path: Assets/Prefab/Objects/Gold.prefab
  artifactKey: Guid(531c7b8b765812e438b54e339552727b) Importer(815301076,1909f56bfc062723c751e8b465ee728b)
Start importing Assets/Prefab/Objects/Gold.prefab using Guid(531c7b8b765812e438b54e339552727b) Importer(815301076,1909f56bfc062723c751e8b465ee728b) (PreviewImporter) -> (artifact id: '088274db3b6199e6d958363bd8a421dd') in 0.0395955 seconds
Number of updated asset objects reloaded before import = 0Number of asset objects unloaded after import = 11

========================================================================
Received Import Request.
  Time since last request: 0.000038 seconds.
  path: Assets/Prefab/Enemies/Normal/Stalker.prefab
  artifactKey: Guid(63065fca1ba6aca44a378d5294d2dce2) Importer(815301076,1909f56bfc062723c751e8b465ee728b)
Start importing Assets/Prefab/Enemies/Normal/Stalker.prefab using Guid(63065fca1ba6aca44a378d5294d2dce2) Importer(815301076,1909f56bfc062723c751e8b465ee728b) (PreviewImporter) -> (artifact id: '8cb90aa9cf488a8cb5f9ff6d5d9ba158') in 0.5217002 seconds
Number of updated asset objects reloaded before import = 0Number of asset objects unloaded after import = 110

========================================================================
Received Prepare
Refreshing native plugins compatible for Editor in 1.93 ms, found 4 plugins.
Preloading 0 native plugins for Editor in 0.00 ms.
Unloading 13 Unused Serialized files (Serialized files now loaded: 0)
Unloading 6858 unused Assets / (4.0 MB). Loaded Objects now: 7864.
Memory consumption went from 164.3 MB to 160.3 MB.
Total: 10.729000 ms (FindLiveObjects: 1.047800 ms CreateObjectMapping: 0.315500 ms MarkObjects: 6.729400 ms  DeleteObjects: 2.634100 ms)

Prepare: number of updated asset objects reloaded= 0
Editor requested this worker to shutdown with reason: Scaling down because of idle timeout
AssetImportWorkerClient::OnTransportError - code=2 error=End of file
AssetImportWorker is now disconnected from the server
Process exiting
Exiting without the bug reporter. Application will terminate with return code 0